Ticker,Date,Open,High,Low,Close,Volume,Daily_Return,SMA_20,SMA_50,RSI,Volatility
AMZN,2025-03-05,204.8000030517578,209.97999572753903,203.25999450683597,208.3600006103516,38610100,,208.3600006103516,208.3600006103516,,
AMZN,2025-03-06,204.3999938964844,205.7700042724609,198.3000030517578,200.6999969482422,49863800,-0.0368,204.52999877929688,204.52999877929688,,
AMZN,2025-03-07,199.4900054931641,202.2700042724609,192.52999877929688,199.25,59802800,-0.0072,202.7699991861979,202.7699991861979,,0.020930360723121808
AMZN,2025-03-10,195.6000061035156,196.72999572753903,190.8500061035156,194.5399932861328,62350900,-0.0236,200.71249771118164,200.71249771118164,,0.014828800805639454
AMZN,2025-03-11,193.8999938964844,200.17999267578125,193.3999938964844,196.58999633789065,54002900,0.0105,199.88799743652345,199.88799743652345,,0.020479156069851446
AMZN,2025-03-12,200.72000122070312,201.5200042724609,195.2899932861328,198.88999938964844,43679300,0.0117,199.72166442871094,199.72166442871094,,0.02120110846158757
AMZN,2025-03-13,198.1699981689453,198.8800048828125,191.82000732421875,193.88999938964844,41270800,-0.0251,198.88856942313058,198.88856942313058,,0.02005898801036583
AMZN,2025-03-14,197.41000366210935,198.6499938964844,195.32000732421875,197.9499969482422,38096700,0.0209,198.77124786376953,198.77124786376953,,0.022081472518186568
AMZN,2025-03-17,198.7700042724609,199.0,194.32000732421875,195.7400054931641,47341800,-0.0112,198.43444315592447,198.43444315592447,,0.020495156222176708
AMZN,2025-03-18,192.5200042724609,194.0,189.3800048828125,192.82000732421875,40414900,-0.0149,197.8729995727539,197.8729995727539,,0.019325271307568004
AMZN,2025-03-19,193.3800048828125,195.97000122070312,191.9600067138672,195.5399932861328,39442900,0.0141,197.660908092152,197.660908092152,,0.01956131102173085
AMZN,2025-03-20,193.07000732421875,199.32000732421875,192.3000030517578,194.9499969482422,38921100,-0.003,197.43499883015951,197.43499883015951,,0.018581931595455348
AMZN,2025-03-21,192.8999938964844,196.9900054931641,192.5200042724609,196.2100067138672,60056900,0.0065,197.3407686673678,197.3407686673678,,0.018073610009842495
AMZN,2025-03-24,200.0,203.63999938964844,199.9499969482422,203.25999450683597,41625400,0.0359,197.76357051304407,197.76357051304407,44.2,0.02066681968512417
AMZN,2025-03-25,203.6000061035156,206.2100067138672,203.22000122070312,205.7100067138672,31171200,0.0121,198.2933329264323,198.2933329264323,47.15,0.020196046017111238
AMZN,2025-03-26,205.83999633789065,206.00999450683597,199.92999267578125,201.1300048828125,32855300,-0.0223,198.47062492370605,198.47062492370605,50.5,0.020243228144599015
AMZN,2025-03-27,200.88999938964844,203.7899932861328,199.27999877929688,201.3600006103516,27317700,0.0011,198.6405881993911,198.6405881993911,52.5,0.01957379093754367
AMZN,2025-03-28,198.4199981689453,199.25999450683597,191.8800048828125,192.72000122070312,52548200,-0.0429,198.31166670057507,198.31166670057507,48.02,0.02139623042665666
AMZN,2025-03-31,188.19000244140625,191.3300018310547,184.3999938964844,190.25999450683597,63547600,-0.0128,197.88789447985198,197.88789447985198,43.19,0.02085239441745663
AMZN,2025-04-01,187.8600006103516,193.92999267578125,187.1999969482422,192.1699981689453,41267300,0.01,197.60199966430665,197.60199966430665,42.71,0.020548624404379986
AMZN,2025-04-02,187.66000366210935,198.33999633789065,187.66000366210935,196.00999450683597,53679200,0.02,196.98449935913087,197.52618989490327,52.36,0.020711082718400338
AMZN,2025-04-03,183.0,184.1300048828125,176.9199981689453,178.41000366210938,95553600,-0.0898,195.86999969482423,196.6572723388672,33.29,0.02754640104489724
AMZN,2025-04-04,167.14999389648438,178.13999938964844,166.0,171.0,123159400,-0.0415,194.4574996948242,195.54173875891644,30.57,0.02870133455543763
AMZN,2025-04-07,162.0,183.41000366210935,161.3800048828125,175.25999450683594,109327100,0.0249,193.49349975585938,194.69666608174643,36.49,0.029287017062532207
AMZN,2025-04-08,185.22999572753903,185.8999938964844,168.57000732421875,170.66000366210938,87710400,-0.0262,192.1970001220703,193.73519958496092,31.4,0.029427983012950895
AMZN,2025-04-09,172.1199951171875,192.6499938964844,169.92999267578125,191.1000061035156,116804300,0.1198,191.80750045776367,193.63384598952072,47.78,0.040728440858162525
AMZN,2025-04-10,185.44000244140625,186.8699951171875,175.85000610351562,181.22000122070312,68302000,-0.0517,191.17400054931642,193.17407396104602,42.14,0.04196484117373545
AMZN,2025-04-11,179.92999267578125,185.8600006103516,178.0,184.8699951171875,50594300,0.0201,190.52000045776367,192.87749971662248,40.0,0.04194168758997112
AMZN,2025-04-14,186.83999633789065,187.44000244140625,179.22999572753906,182.1199951171875,48002500,-0.0149,189.83899993896483,192.50655128215922,37.21,0.04198979669295613
AMZN,2025-04-15,181.41000366210935,182.3500061035156,177.92999267578125,179.58999633789062,43642000,-0.0139,189.17749938964843,192.07599945068358,38.06,0.041975191607976206
AMZN,2025-04-16,176.2899932861328,179.10000610351562,171.41000366210938,174.3300018310547,51875300,-0.0293,188.11699981689452,191.50354791456652,35.81,0.042180932022844043
AMZN,2025-04-17,176.0,176.2100067138672,172.0,172.61000061035156,44726500,-0.0099,187.0,190.91312456130981,38.61,0.042192833015747326
AMZN,2025-04-21,169.60000610351562,169.60000610351562,165.2899932861328,167.32000732421875,48126100,-0.0306,185.55550003051758,190.1981816147313,37.41,0.04246419513450188
AMZN,2025-04-22,169.85000610351562,176.77999877929688,169.35000610351562,173.17999267578125,56607200,0.035,184.05149993896484,189.69764664593865,40.01,0.04241668489986856
AMZN,2025-04-23,183.4499969482422,187.3800048828125,180.19000244140625,180.6000061035156,63470100,0.0428,182.79599990844727,189.43771405901228,42.19,0.04368609889704168
AMZN,2025-04-24,180.9199981689453,186.7400054931641,180.17999267578125,186.5399932861328,43763200,0.0329,182.06649932861328,189.35722181532117,54.67,0.044315014385645876
AMZN,2025-04-25,187.6199951171875,189.94000244140625,185.4900054931641,188.9900054931641,36414300,0.0131,181.4479995727539,189.34729704985747,60.96,0.044452262685882905
AMZN,2025-04-28,190.1100006103516,190.22000122070312,184.88999938964844,187.6999969482422,33224700,-0.0068,181.19699935913087,189.30394704718339,57.87,0.04343587408922189
AMZN,2025-04-29,183.9900054931641,188.0200042724609,183.67999267578125,187.38999938964844,41667300,-0.0017,181.0534996032715,189.25487146622095,61.18,0.04334044270290985
AMZN,2025-04-30,182.1699981689453,185.0500030517578,178.85000610351562,184.4199981689453,55176500,-0.0158,180.66599960327147,189.13399963378907,44.17,0.043414633417050104
AMZN,2025-05-01,190.6300048828125,191.80999755859372,187.5,190.1999969482422,74266000,0.0313,180.3754997253418,189.15999956828793,58.44,0.04377672897784851
AMZN,2025-05-02,191.44000244140625,192.8800048828125,186.3999938964844,189.97999572753903,77903500,-0.0012,180.9539993286133,189.17952328636534,55.13,0.0384328751817613
AMZN,2025-05-05,186.50999450683597,188.17999267578125,185.52999877929688,186.3500061035156,35217500,-0.0191,181.72149963378905,189.1137205611828,54.17,0.03735390348093703
AMZN,2025-05-06,184.57000732421875,187.92999267578125,183.8500061035156,185.00999450683597,29314100,-0.0072,182.20899963378906,189.0204540599476,55.48,0.03714015099308934
AMZN,2025-05-07,185.55999755859372,190.9900054931641,185.00999450683597,188.7100067138672,43948600,0.02,183.11149978637695,189.0135552300347,65.0,0.036639861454001464
AMZN,2025-05-08,191.42999267578125,194.3300018310547,188.82000732421875,192.0800018310547,41043600,0.0179,183.1604995727539,189.0802171126656,69.64,0.025242768636206565
AMZN,2025-05-09,193.3800048828125,194.69000244140625,191.16000366210935,193.05999755859372,29663100,0.0051,183.75249938964845,189.1648932923662,78.44,0.022047888071673755
AMZN,2025-05-12,210.7100067138672,211.66000366210935,205.75,208.63999938964844,75205000,0.0807,184.94099960327148,189.5706246693929,82.25,0.02786251207173125
AMZN,2025-05-13,211.0800018310547,214.83999633789065,210.1000061035156,211.3699951171875,56193700,0.0131,186.40349960327148,190.0155097805724,80.59,0.027435044818817547
AMZN,2025-05-14,211.4499969482422,211.92999267578125,208.8500061035156,210.25,38492100,-0.0053,187.93649978637694,190.42019958496093,76.07,0.027142537987834774
AMZN,2025-05-15,206.4499969482422,206.8800048828125,202.6699981689453,205.1699981689453,64347300,-0.0242,189.47849960327147,190.3563995361328,66.82,0.02679289919677268
AMZN,2025-05-16,206.8500061035156,206.8500061035156,204.3699951171875,205.58999633789065,43318500,0.002,191.12749938964845,190.45419952392578,68.94,0.02649311727898202
AMZN,2025-05-19,201.6499938964844,206.6199951171875,201.25999450683597,206.16000366210935,34314800,0.0028,193.06949920654296,190.59239959716797,69.76,0.024861343910831384
AMZN,2025-05-20,204.6300048828125,205.58999633789065,202.6499938964844,204.07000732421875,29470400,-0.0101,194.61399993896484,190.78299987792968,71.08,0.02459183165627415
AMZN,2025-05-21,201.6100006103516,203.4600067138672,200.05999755859372,201.1199951171875,42460900,-0.0145,195.63999938964844,190.87359985351563,62.47,0.02370928088323223
AMZN,2025-05-22,201.3800048828125,205.75999450683597,200.16000366210935,203.1000061035156,38938900,0.0098,196.46800003051757,190.95779998779298,64.4,0.0228593519961571
AMZN,2025-05-23,198.8999938964844,202.3699951171875,197.8500061035156,200.9900054931641,33393500,-0.0104,197.06800003051757,191.09980010986328,66.63,0.022997313344228557
AMZN,2025-05-27,203.08999633789065,206.69000244140625,202.19000244140625,206.0200042724609,34892000,0.025,197.9840003967285,191.26120025634765,72.02,0.02335729120920447
AMZN,2025-05-28,205.9199981689453,207.66000366210935,204.41000366210935,204.72000122070312,28549800,-0.0063,198.85050048828126,191.44080017089843,67.67,0.023448276785523657
AMZN,2025-05-29,208.02999877929688,208.80999755859372,204.22999572753903,205.6999969482422,34650000,0.0048,199.91450042724608,191.6983999633789,65.87,0.022948429598833836
AMZN,2025-05-30,204.83999633789065,205.9900054931641,201.6999969482422,205.00999450683597,51679400,-0.0034,200.65500030517578,191.88779998779296,64.02,0.022211800443623874
AMZN,2025-06-02,204.97999572753903,207.0,202.67999267578125,206.6499938964844,29113300,0.008,201.48850021362304,192.1217999267578,46.53,0.02219424474948407
AMZN,2025-06-03,207.1100006103516,208.9499969482422,205.02999877929688,205.7100067138672,33139100,-0.0045,202.4565002441406,192.3117999267578,39.48,0.021611869911061208
AMZN,2025-06-04,206.5500030517578,208.17999267578125,205.17999267578125,207.22999572753903,29915600,0.0074,203.56750030517577,192.39119995117187,44.47,0.021417933336833738
AMZN,2025-06-05,209.5500030517578,212.80999755859372,207.55999755859372,207.91000366210935,51864200,0.0033,204.5275001525879,192.43519989013672,55.98,0.021163110904540854
AMZN,2025-06-06,212.3999938964844,213.8699951171875,210.5,213.57000732421875,39832500,0.0272,205.60200042724608,192.68399993896483,64.18,0.021558558564255228
AMZN,2025-06-09,214.75,217.8500061035156,212.8800048828125,216.97999572753903,38102500,0.016,206.79800033569336,192.9963998413086,67.46,0.02168465622945116
AMZN,2025-06-10,216.77999877929688,217.69000244140625,214.1499938964844,217.6100006103516,31303300,0.0029,207.24650039672852,193.49419982910158,72.93,0.012715576854269864
AMZN,2025-06-11,217.41000366210935,218.3999938964844,212.88999938964844,213.1999969482422,39326000,-0.0203,207.33800048828124,193.9529998779297,69.5,0.013381758990663819
AMZN,2025-06-12,211.77999877929688,213.5800018310547,211.3300018310547,213.2400054931641,27640000,0.0002,207.48750076293945,194.37440002441406,67.46,0.013312411106696098
AMZN,2025-06-13,209.9600067138672,214.0500030517578,209.6199951171875,212.1000061035156,29337800,-0.0053,207.83400115966796,194.69620025634765,69.79,0.012057105352184894
AMZN,2025-06-16,212.30999755859372,217.05999755859372,211.6000061035156,216.1000061035156,33284200,0.0189,208.35950164794923,195.4500003051758,68.64,0.012654430262289934
AMZN,2025-06-17,215.1999969482422,217.41000366210935,214.55999755859372,214.82000732421875,32086300,-0.0059,208.7925018310547,196.32640045166016,68.69,0.012795040157482132
AMZN,2025-06-18,215.08999633789065,217.9600067138672,212.33999633789065,212.5200042724609,44360500,-0.0107,209.2150016784668,197.07160064697266,62.03,0.01282591537720249
AMZN,2025-06-20,214.67999267578125,214.88999938964844,208.2700042724609,209.69000244140625,75350700,-0.0133,209.64350204467775,197.8522006225586,57.68,0.012746685843779214
AMZN,2025-06-23,209.7899932861328,210.38999938964844,207.30999755859372,208.47000122070312,37311700,-0.0058,209.9120018005371,198.19960052490234,53.03,0.012732507091775236
AMZN,2025-06-24,212.13999938964844,214.33999633789065,211.0500030517578,212.7700042724609,38378800,0.0206,210.50100173950196,198.8306005859375,60.56,0.013103209731327637
AMZN,2025-06-25,214.6199951171875,216.02999877929688,211.1100006103516,211.9900054931641,31755700,-0.0037,210.79950180053712,199.37300079345704,57.28,0.01209273270235176
AMZN,2025-06-26,213.1199951171875,218.0399932861328,212.00999450683597,217.1199951171875,50480800,0.0242,211.41950149536132,200.07300079345703,62.4,0.012949460464273824
AMZN,2025-06-27,219.9199981689453,223.3000030517578,216.7400054931641,223.3000030517578,119217100,0.0285,212.29950180053712,200.94720092773437,62.92,0.014148805975287001
AMZN,2025-06-30,223.5200042724609,223.82000732421875,219.1199951171875,219.38999938964844,58887800,-0.0175,213.01850204467775,201.84840087890626,53.16,0.014880573701447531
AMZN,2025-07-01,219.5,221.8800048828125,217.92999267578125,220.4600067138672,39256800,0.0049,213.70900268554686,202.80540100097656,53.69,0.014847451491399965
AMZN,2025-07-02,219.72999572753903,221.6000061035156,219.05999755859372,219.9199981689453,30894200,-0.0024,214.41950225830078,203.85740081787108,59.68,0.01479631533079849
AMZN,2025-07-03,221.82000732421875,224.00999450683597,221.3600006103516,223.41000366210935,29632400,0.0159,215.2285026550293,204.86200103759765,63.32,0.015035581482813266
AMZN,2025-07-07,223.0,224.2899932861328,222.3699951171875,223.47000122070312,36604100,0.0003,216.006502532959,205.7194009399414,65.33,0.01505667451226938
AMZN,2025-07-08,223.9199981689453,224.0,218.42999267578125,219.3600006103516,45692000,-0.0184,216.29600219726564,206.37580108642578,54.38,0.014766158856263955
AMZN,2025-07-09,221.07000732421875,224.2899932861328,220.47000122070312,222.5399932861328,38155100,0.0145,216.57400207519532,207.04680084228517,59.87,0.014692017166511003
AMZN,2025-07-10,221.5500030517578,222.7899932861328,219.6999969482422,222.25999450683597,30370600,-0.0013,216.80650177001954,207.73800079345702,63.13,0.014699162167315998
AMZN,2025-07-11,223.5800018310547,226.67999267578125,222.3699951171875,225.0200042724609,50518300,0.0124,217.39750213623046,208.49060089111327,70.71,0.0139867032720743
AMZN,2025-07-14,225.07000732421875,226.66000366210935,224.2400054931641,225.69000244140625,35702600,0.003,218.02000198364257,209.3160009765625,73.61,0.013973263002869793
AMZN,2025-07-15,226.1999969482422,227.2700042724609,225.4600067138672,226.3500061035156,34907300,0.0029,218.73250198364258,210.03900115966798,70.69,0.013838256469124443
AMZN,2025-07-16,225.8800048828125,226.1000061035156,222.17999267578125,223.19000244140625,39535900,-0.014,219.0870018005371,210.7032012939453,65.91,0.013848575834055294
AMZN,2025-07-17,223.32000732421875,224.5,222.50999450683597,223.8800048828125,31855800,0.0031,219.5400016784668,211.45380126953125,60.99,0.013734029960189024
AMZN,2025-07-18,225.13999938964844,226.3999938964844,222.97999572753903,226.1300048828125,37833800,0.0101,220.2205017089844,212.2762014770508,55.27,0.013494404298390588
AMZN,2025-07-21,225.83999633789065,229.69000244140625,225.6499938964844,229.3000030517578,40297600,0.014,221.20100173950195,213.0880014038086,68.99,0.01311288137270898
AMZN,2025-07-22,229.67999267578125,230.0,226.3500061035156,227.47000122070312,37483700,-0.008,222.15100173950196,213.79580139160157,63.05,0.013213249928924066
AMZN,2025-07-23,228.47000122070312,228.7899932861328,227.08999633789065,228.2899932861328,28294900,0.0036,222.92700119018554,214.50040130615236,65.43,0.012654995893031056
AMZN,2025-07-24,229.1699981689453,236.0,228.63999938964844,232.22999572753903,42902300,0.0173,223.9390007019043,214.97220123291015,65.99,0.012886078779667257
AMZN,2025-07-25,232.22000122070312,232.47999572753903,231.17999267578125,231.44000244140625,28712100,-0.0034,224.65500106811524,215.37360137939453,64.08,0.012139013876536188
AMZN,2025-07-28,233.3500061035156,234.2899932861328,232.25,232.7899932861328,26300100,0.0058,225.12950057983397,215.8244012451172,76.28,0.010622884928800067
AMZN,2025-07-29,234.1499938964844,234.72000122070312,230.30999755859372,231.00999450683597,33716200,-0.0076,225.71050033569335,216.341201171875,67.54,0.009863023717000105
AMZN,2025-07-30,231.63999938964844,231.8000030517578,229.2899932861328,230.19000244140625,32993300,-0.0035,226.1970001220703,216.8332012939453,66.06,0.00994004527152675
AMZN,2025-07-31,235.7700042724609,236.52999877929688,231.3999938964844,234.1100006103516,104357300,0.017,226.90650024414063,217.39220123291017,67.58,0.010401835617357526
AMZN,2025-08-01,217.2100067138672,220.44000244140625,212.8000030517578,214.75,122258800,-0.0827,226.47350006103517,217.60580108642577,37.72,0.021501810817255693
AMZN,2025-08-04,217.3999938964844,217.44000244140625,211.4199981689453,211.6499938964844,77890100,-0.0144,225.88249969482422,217.81640106201172,34.36,0.02167874535114985
AMZN,2025-08-05,213.0500030517578,216.3000030517578,212.8699951171875,213.75,51505100,0.0099,225.60199966430665,218.0294009399414,39.72,0.021507851075705776
AMZN,2025-08-06,214.6999969482422,222.6499938964844,213.7400054931641,222.30999755859372,54823000,0.04,225.5904998779297,218.45580078125,48.54,0.023170668845263042
AMZN,2025-08-07,221.0,226.22000122070312,220.82000732421875,223.1300048828125,40603500,0.0037,225.6340003967285,218.79800079345702,47.14,0.023180490889856888
AMZN,2025-08-08,223.13999938964844,223.8000030517578,221.8800048828125,222.69000244140625,32970500,-0.002,225.5175003051758,219.1574008178711,43.34,0.023013140411055347
AMZN,2025-08-11,221.77999877929688,223.0500030517578,220.3999938964844,221.3000030517578,31646200,-0.0062,225.29800033569336,219.4694009399414,43.73,0.023036483649797112
AMZN,2025-08-12,222.22999572753903,223.5,219.0500030517578,221.47000122070312,37185800,0.0008,225.05400009155272,219.79860107421874,42.97,0.023023897767777156
AMZN,2025-08-13,222.0,224.9199981689453,222.0,224.55999755859372,36508300,0.014,225.12249984741212,220.15680114746092,41.96,0.023031897218285892
AMZN,2025-08-14,227.3999938964844,233.1100006103516,227.0200042724609,230.97999572753903,61545800,0.0286,225.47749938964844,220.66220092773438,49.57,0.023869612922136647
AMZN,2025-08-15,232.5800018310547,234.0800018310547,229.80999755859372,231.02999877929688,39649200,0.0002,225.72249908447264,221.13820098876954,48.31,0.02379204809661371
AMZN,2025-08-18,230.22999572753903,231.91000366210935,228.3300018310547,231.4900054931641,25248900,0.002,225.83199920654297,221.60980102539062,50.47,0.02360696763781051
AMZN,2025-08-19,230.08999633789065,230.52999877929688,227.1199951171875,228.00999450683597,29891000,-0.015,225.8589988708496,221.89860076904296,47.96,0.023794746766549368
AMZN,2025-08-20,227.1199951171875,227.2700042724609,220.9199981689453,223.80999755859372,36604300,-0.0184,225.63499908447267,222.03520080566406,40.4,0.024145207108571064
AMZN,2025-08-21,222.6499938964844,222.77999877929688,220.5,221.9499969482422,32140500,-0.0083,225.12099914550782,222.12200073242187,59.96,0.023817372584777407
AMZN,2025-08-22,222.7899932861328,229.13999938964844,220.82000732421875,228.83999633789065,37315300,0.031,224.99099884033203,222.43480072021484,71.53,0.0249253934139886
AMZN,2025-08-25,227.3500061035156,229.6000061035156,227.30999755859372,227.94000244140625,22633700,-0.0039,224.7484992980957,222.72880065917968,68.32,0.02489572780936311
AMZN,2025-08-26,227.1100006103516,229.0,226.0200042724609,228.7100067138672,26105400,0.0034,224.63349990844728,223.06100067138672,60.34,0.024857676988470967
AMZN,2025-08-27,228.57000732421875,229.8699951171875,227.80999755859372,229.1199951171875,21254500,0.0018,224.57999954223632,223.32140045166017,59.81,0.02484878213684147
AMZN,2025-08-28,229.00999450683597,232.7100067138672,228.0200042724609,231.6000061035156,33679600,0.0108,224.45449981689453,223.6570004272461,63.68,0.024664512648956343
AMZN,2025-08-29,231.32000732421875,231.80999755859372,228.16000366210935,229.0,26199200,-0.0112,225.16699981689453,223.98660034179687,61.4,0.015597854103420128
AMZN,2025-09-02,223.5200042724609,226.1699981689453,221.8300018310547,225.33999633789065,38843900,-0.016,225.85149993896485,224.29960021972656,55.19,0.01569741514088432
AMZN,2025-09-03,225.2100067138672,227.1699981689453,224.3600006103516,225.9900054931641,29223100,0.0029,226.46350021362304,224.65000030517578,52.05,0.01561941773966997
AMZN,2025-09-04,231.19000244140625,235.7700042724609,230.77999877929688,235.67999267578125,59391800,0.0429,227.13199996948242,225.1082000732422,56.17,0.015990901195762318
AMZN,2025-09-05,235.19000244140625,236.0,231.92999267578125,232.3300018310547,36721800,-0.0142,227.59199981689454,225.515,51.57,0.01644731301043301
AMZN,2025-09-08,234.94000244140625,237.6000061035156,233.75,235.83999633789065,33947100,0.0151,228.24949951171874,225.88940002441407,54.89,0.01666273102655021
AMZN,2025-09-09,236.3600006103516,238.8500061035156,235.0800018310547,238.2400054931641,27033800,0.0102,229.09649963378905,226.1882000732422,61.79,0.016588749358018493
AMZN,2025-09-10,237.5200042724609,237.67999267578125,229.1000061035156,230.3300018310547,60907700,-0.0332,229.53949966430665,226.40700012207031,56.92,0.018543158051591884
AMZN,2025-09-11,231.4900054931641,231.52999877929688,229.33999633789065,229.9499969482422,37485600,-0.0016,229.80899963378906,226.59679992675783,58.77,0.0183448393718492
AMZN,2025-09-12,230.3500061035156,230.7899932861328,226.2899932861328,228.1499938964844,38496200,-0.0078,229.66749954223633,226.7613998413086,49.15,0.01727396199943417
AMZN,2025-09-15,230.6300048828125,233.72999572753903,230.32000732421875,231.42999267578125,33243300,0.0144,229.68749923706054,226.92179962158204,54.07,0.01759163901283493
AMZN,2025-09-16,232.94000244140625,235.8999938964844,232.22999572753903,234.0500030517578,38203900,0.0113,229.81549911499025,227.13339965820313,55.97,0.017762553751909514
AMZN,2025-09-17,233.7700042724609,234.3000030517578,228.7100067138672,231.6199951171875,42815200,-0.0104,229.99599914550782,227.37859954833985,52.67,0.01757724006836835
AMZN,2025-09-18,232.5,233.47999572753903,228.7899932861328,231.22999572753903,37931700,-0.0017,230.36699905395508,227.55239959716798,49.59,0.016997240488106517
AMZN,2025-09-19,232.3699951171875,234.16000366210935,229.6999969482422,231.47999572753903,97943200,0.0011,230.84349899291993,227.73679962158204,52.93,0.01683315884919127
AMZN,2025-09-22,230.55999755859372,230.57000732421875,227.50999450683597,227.6300048828125,45914500,-0.0166,230.78299942016602,227.78899963378908,52.69,0.015892311116750144
AMZN,2025-09-23,227.8300018310547,227.8600006103516,220.07000732421875,220.7100067138672,70956200,-0.0304,230.42149963378907,227.68939971923828,44.59,0.0172679014663807
AMZN,2025-09-24,224.1499938964844,224.55999755859372,219.4499969482422,220.2100067138672,49509000,-0.0023,229.99649963378906,227.5665997314453,30.46,0.01723046491109955
AMZN,2025-09-25,220.05999755859372,220.6699981689453,216.47000122070312,218.1499938964844,52226300,-0.0094,229.4479995727539,227.46579956054688,31.49,0.017291083038132118
AMZN,2025-09-26,219.0800018310547,221.0500030517578,218.0200042724609,219.77999877929688,41650100,0.0075,228.85699920654298,227.38379943847656,27.95,0.017174801002447903
AMZN,2025-09-29,220.0800018310547,222.6000061035156,219.3000030517578,222.1699981689453,44259200,0.0109,228.51549911499023,227.30459930419923,27.93,0.017294090107073577
AMZN,2025-09-30,222.02999877929688,222.2400054931641,217.88999938964844,219.57000732421875,48396400,-0.0117,228.22699966430665,227.10999938964844,32.7,0.017128508092466355
AMZN,2025-10-01,217.3600006103516,222.1499938964844,216.6100006103516,220.6300048828125,43933800,0.0048,227.95899963378906,226.97319946289062,35.34,0.017157397514590767
AMZN,2025-10-02,221.00999450683597,222.80999755859372,218.9499969482422,222.41000366210935,41258600,0.0081,227.29550018310547,226.85559967041016,40.96,0.01392530732912303
AMZN,2025-10-03,223.44000244140625,224.1999969482422,219.33999633789065,219.50999450683597,43639000,-0.013,226.65449981689454,226.6011996459961,31.01,0.01387607843129968
AMZN,2025-10-06,221.0,221.72999572753903,216.02999877929688,220.8999938964844,43690900,0.0063,225.90749969482422,226.39039947509767,28.19,0.013412557941210062
AMZN,2025-10-07,220.8800048828125,222.88999938964844,220.1699981689453,221.77999877929688,31194700,0.004,225.08449935913086,226.17019958496093,32.8,0.013156358278714364
AMZN,2025-10-08,222.9199981689453,226.72999572753903,221.19000244140625,225.22000122070312,46686000,0.0155,224.8289993286133,226.0543997192383,40.51,0.011804481753710556
AMZN,2025-10-09,225.0,228.2100067138672,221.75,227.7400054931641,46412100,0.0112,224.71849975585937,226.00539978027345,44.49,0.012115970321938995
AMZN,2025-10-10,226.2100067138672,228.25,216.0,216.3699951171875,72367500,-0.0499,224.12949981689454,225.65059967041014,36.41,0.016375793271263504
AMZN,2025-10-13,217.6999969482422,220.67999267578125,217.0399932861328,220.07000732421875,37809700,0.0171,223.5615005493164,225.75699981689453,49.16,0.0165329527403846
AMZN,2025-10-14,215.55999755859372,219.32000732421875,212.6000061035156,216.38999938964844,45665600,-0.0167,222.67850036621093,225.85179992675782,45.39,0.01649904622442736
AMZN,2025-10-15,216.6199951171875,217.7100067138672,212.66000366210935,215.57000732421875,45909500,-0.0038,221.8760009765625,225.8882000732422,46.79,0.016425509685274727
AMZN,2025-10-16,215.6699981689453,218.58999633789065,212.80999755859372,214.47000122070312,42414600,-0.0051,221.0380012512207,225.73140014648436,43.3,0.01642403886477319
AMZN,2025-10-17,214.55999755859372,214.8000030517578,211.02999877929688,213.0399932861328,45986900,-0.0067,220.1160011291504,225.52959991455077,38.19,0.016398648853199083
AMZN,2025-10-20,213.8800048828125,216.69000244140625,213.58999633789065,216.47999572753903,38882800,0.0161,219.55850067138672,225.40539978027343,46.09,0.016704612505154665
AMZN,2025-10-21,218.42999267578125,223.32000732421875,217.9900054931641,222.02999877929688,50494600,0.0256,219.6245002746582,225.4199996948242,51.59,0.01645126374924947
AMZN,2025-10-22,219.3000030517578,220.00999450683597,216.5200042724609,217.9499969482422,44308500,-0.0184,219.51149978637696,225.349599609375,45.18,0.016977123927276568
AMZN,2025-10-23,219.0,221.3000030517578,218.17999267578125,221.08999633789065,31540000,0.0144,219.65849990844725,225.28019958496094,51.7,0.01714489029296764
AMZN,2025-10-24,221.97000122070312,225.3999938964844,221.8999938964844,224.2100067138672,38685100,0.0141,219.88000030517577,225.1447998046875,53.43,0.01734280982515752
AMZN,2025-10-27,227.66000366210935,228.3999938964844,225.5399932861328,226.97000122070312,38267000,0.0123,220.12000045776367,225.06359985351563,55.17,0.017387045994678156
AMZN,2025-10-28,228.22000122070312,231.4900054931641,226.2100067138672,229.25,47100000,0.01,220.60400009155273,225.01879974365235,54.11,0.017215246455578755
AMZN,2025-10-29,231.6699981689453,232.82000732421875,227.75999450683597,230.3000030517578,52036200,0.0046,221.0875,225.06459991455077,52.69,0.01721377279053641
AMZN,2025-10-30,227.05999755859372,228.44000244140625,222.75,222.8600006103516,102252900,-0.0323,221.1099998474121,225.04559997558593,57.44,0.018793427602559164
AMZN,2025-10-31,250.1000061035156,250.5,243.97999572753903,244.22000122070312,166340800,0.0958,222.34550018310546,225.49100006103515,69.71,0.028162843662490757
AMZN,2025-11-03,255.3600006103516,258.6000061035156,252.8999938964844,254.0,95997800,0.04,224.00050048828126,225.99420013427735,77.92,0.029189740447088976
AMZN,2025-11-04,250.3800048828125,257.010009765625,248.66000366210935,249.32000732421875,51546300,-0.0184,225.37750091552735,226.4218002319336,73.7,0.029751003521332132
AMZN,2025-11-05,249.02999877929688,251.0,246.16000366210935,250.1999969482422,40610700,0.0035,226.6265007019043,226.8516000366211,75.17,0.02967597114093987
AMZN,2025-11-06,249.16000366210935,250.3800048828125,242.1699981689453,243.0399932861328,46004200,-0.0286,227.39150009155273,227.13,69.55,0.030605513779125026
AMZN,2025-11-07,242.8999938964844,244.8999938964844,238.4900054931641,244.41000366210935,46374300,0.0056,228.79350051879882,227.38619995117188,68.71,0.027887093317235694
AMZN,2025-11-10,248.33999633789065,251.75,245.58999633789065,248.3999938964844,36476500,0.0163,230.20999984741212,227.77419982910158,68.04,0.027871590421638667
AMZN,2025-11-11,248.41000366210935,249.75,247.22999572753903,249.1000061035156,23564100,0.0028,231.84550018310546,228.24940002441406,72.34,0.027356744573947607
AMZN,2025-11-12,250.2400054931641,250.3699951171875,243.75,244.1999969482422,31190100,-0.0197,233.27699966430663,228.61359985351564,66.17,0.027924192020540205
AMZN,2025-11-13,243.0500030517578,243.75,236.5,237.5800018310547,41401700,-0.0271,234.43249969482423,228.6516000366211,58.92,0.02882782783864816
AMZN,2025-11-14,235.05999755859372,238.72999572753903,232.88999938964844,234.69000244140625,38956700,-0.0122,235.5150001525879,228.69880004882813,55.14,0.02897613537124357
AMZN,2025-11-17,233.25,234.6000061035156,229.19000244140625,232.8699951171875,59919000,-0.0078,236.33450012207032,228.63940002441407,52.42,0.028996640004989346
AMZN,2025-11-18,228.1000061035156,230.1999969482422,222.4199981689453,222.5500030517578,60608400,-0.0443,236.36050033569336,228.32559997558593,45.38,0.030436147138420463
AMZN,2025-11-19,223.7400054931641,223.7400054931641,218.5200042724609,222.69000244140625,58335600,0.0006,236.59750061035157,228.17279998779296,49.89,0.03010895303114308
AMZN,2025-11-20,227.0500030517578,227.41000366210935,216.7400054931641,217.13999938964844,50309000,-0.0249,236.40000076293944,227.9166000366211,27.73,0.03050123854258348
AMZN,2025-11-21,216.3500061035156,222.2100067138672,215.17999267578125,220.69000244140625,68490500,0.0163,236.2240005493164,227.76740020751953,19.48,0.030560515891897972
AMZN,2025-11-24,222.55999755859372,227.3300018310547,222.2700042724609,226.27999877929688,54318400,0.0253,236.1895004272461,227.66440032958985,29.24,0.03097966862994267
AMZN,2025-11-25,226.3800048828125,230.5200042724609,223.8000030517578,229.6699981689453,39379300,0.015,236.21050033569335,227.5768002319336,32.3,0.03108228256537292
AMZN,2025-11-26,230.7400054931641,231.75,228.7700042724609,229.16000366210935,38497900,-0.0022,236.15350036621095,227.52760040283204,36.48,0.031072551349517828
AMZN,2025-11-28,231.2400054931641,233.2899932861328,230.22000122070312,233.22000122070312,20292300,0.0177,236.6715003967285,227.56740051269531,39.64,0.03032374916064793
AMZN,2025-12-01,233.22000122070312,235.8000030517578,232.25,233.8800048828125,42904000,0.0028,236.15450057983398,227.6154006958008,35.68,0.020986493777013653
AMZN,2025-12-02,235.00999450683597,238.97000122070312,233.5500030517578,234.4199981689453,45785400,0.0023,235.17550048828124,227.75120056152343,35.48,0.018573169669686123
AMZN,2025-12-03,233.3500061035156,233.3800048828125,230.6100006103516,232.3800048828125,35495100,-0.0087,234.32850036621093,227.98460052490233,37.6,0.01829783636907585
AMZN,2025-12-04,232.7700042724609,233.5,226.8000030517578,229.1100006103516,45683200,-0.0141,233.2740005493164,228.16260040283203,40.45,0.018373363872737112
AMZN,2025-12-05,230.32000732421875,231.2400054931641,228.5500030517578,229.52999877929688,33117400,0.0018,232.5985008239746,228.39020050048828,43.84,0.01748863916947231
AMZN,2025-12-08,229.58999633789065,230.8300018310547,226.2700042724609,226.88999938964844,35019200,-0.0115,231.72250061035157,228.53240051269532,42.99,0.01747821501183691
AMZN,2025-12-09,226.83999633789065,228.57000732421875,225.1100006103516,227.9199981689453,25841700,0.0045,230.6985008239746,228.6474005126953,58.04,0.016963400230154985
AMZN,2025-12-10,228.80999755859372,232.4199981689453,228.4600067138672,231.77999877929688,38790700,0.0169,229.83250045776367,228.89160034179687,62.25,0.017551136565386392
AMZN,2025-12-11,230.7100067138672,232.1100006103516,228.69000244140625,230.27999877929688,28249600,-0.0065,229.1365005493164,229.08460021972655,69.87,0.017152151161696463
AMZN,2025-12-12,229.8699951171875,230.0800018310547,225.1199951171875,226.19000244140625,35639100,-0.0178,228.56700057983397,229.1602001953125,58.18,0.01657520024488078
AMZN,2025-12-15,227.92999267578125,227.92999267578125,221.5,222.5399932861328,47286100,-0.0161,227.95950012207032,229.22080017089843,44.09,0.016719615803946576
AMZN,2025-12-16,223.0399932861328,223.66000366210935,221.1300048828125,222.55999755859372,39298900,0.0001,227.44400024414062,229.25400024414063,37.43,0.016681960000961678
AMZN,2025-12-17,224.66000366210935,225.19000244140625,220.9900054931641,221.2700042724609,44034400,-0.0058,227.38000030517577,229.2438003540039,36.43,0.013473727847380039
AMZN,2025-12-18,225.7100067138672,229.22999572753903,224.41000366210935,226.75999450683597,50272400,0.0248,227.58349990844727,229.27460021972655,39.41,0.014591074236272742
AMZN,2025-12-19,226.75999450683597,229.1300048828125,225.5800018310547,227.3500061035156,85544400,0.0026,228.09400024414063,229.2668002319336,39.27,0.013257176805116027
AMZN,2025-12-22,228.6100006103516,229.47999572753903,226.7100067138672,228.42999267578125,32261300,0.0048,228.4809997558594,229.50800018310548,40.33,0.012864781586298269
AMZN,2025-12-23,229.05999755859372,232.4499969482422,228.72999572753903,232.13999938964844,29230200,0.0162,228.77399978637695,229.74940002441406,49.63,0.012129624457240437
AMZN,2025-12-24,232.1300048828125,232.9499969482422,231.3300018310547,232.3800048828125,11420500,0.001,228.9095001220703,230.06920013427734,55.52,0.011696036215654253
AMZN,2025-12-26,232.0399932861328,232.9900054931641,231.17999267578125,232.5200042724609,15994700,0.0006,229.0775001525879,230.4082000732422,55.1,0.011676994927048523
AMZN,2025-12-29,231.94000244140625,232.6000061035156,230.7700042724609,232.07000732421875,19797900,-0.0019,229.02000045776367,230.7602001953125,59.54,0.010984151262039756
AMZN,2025-12-30,231.2100067138672,232.7700042724609,230.1999969482422,232.52999877929688,21910500,0.002,228.9525001525879,231.15000030517578,58.68,0.010974103488140714
AMZN,2025-12-31,232.91000366210935,232.9900054931641,230.1199951171875,230.82000732421875,24383700,-0.0074,228.77250061035156,231.43680053710938,48.03,0.011069867825959426
AMZN,2026-01-02,231.33999633789065,235.4600067138672,224.6999969482422,226.5,51456200,-0.0187,228.47850036621094,231.52620056152344,43.06,0.011659189960126602
AMZN,2026-01-05,228.83999633789065,234.0,227.17999267578125,233.05999755859372,49733300,0.029,228.67600021362304,231.82840057373048,61.56,0.013053940723821822
AMZN,2026-01-06,232.1000061035156,243.17999267578125,232.07000732421875,240.92999267578125,53764700,0.0338,229.24599990844726,232.22520050048828,77.1,0.014984521838778948
AMZN,2026-01-07,239.6100006103516,245.2899932861328,239.5200042724609,241.55999755859372,42236500,0.0026,229.97949981689453,232.57220031738282,77.5,0.014616871110214822
AMZN,2026-01-08,243.05999755859372,246.41000366210935,241.8800048828125,246.2899932861328,39509800,0.0196,230.89799957275392,232.9586001586914,82.94,0.01506864643102223
AMZN,2026-01-09,244.57000732421875,247.8600006103516,242.2400054931641,247.3800048828125,34560000,0.0044,231.6779998779297,233.32120025634765,80.7,0.0147610894976589
AMZN,2026-01-12,246.72999572753903,248.94000244140625,245.9600067138672,246.47000122070312,35867800,-0.0037,232.4875,233.64460021972656,78.2,0.014675632327451088
AMZN,2026-01-13,246.52999877929688,247.66000366210935,240.25,242.6000061035156,38371800,-0.0157,233.30800018310546,234.03940032958985,69.31,0.014521885480017323
AMZN,2026-01-14,241.1499938964844,241.27999877929688,236.22000122070312,236.6499938964844,41410600,-0.0245,234.01350021362305,233.88800018310548,55.79,0.015226324158128978
AMZN,2026-01-15,239.30999755859372,240.6499938964844,236.6300048828125,238.17999267578125,43003600,0.0065,234.79449996948242,233.5716000366211,57.21,0.015225218000340615
AMZN,2026-01-16,239.08999633789065,239.57000732421875,236.41000366210935,239.1199951171875,45888300,0.0039,235.68699951171874,233.36759979248046,58.04,0.015066710429217648
AMZN,2026-01-20,233.75999450683597,235.08999633789065,229.33999633789065,231.0,47737900,-0.034,235.89899978637695,232.9835998535156,48.9,0.016465289646948086
AMZN,2026-01-21,231.08999633789065,232.3000030517578,226.8800048828125,231.30999755859372,47276100,0.0013,236.09699935913085,232.74899993896486,48.74,0.016461434995323595
AMZN,2026-01-22,234.0500030517578,235.72000122070312,230.8999938964844,234.33999633789065,31913300,0.0131,236.39249954223632,232.54759979248047,53.53,0.01666589568392199
AMZN,2026-01-23,234.9600067138672,240.4499969482422,234.57000732421875,239.16000366210935,33778500,0.0206,236.74349975585938,232.36279998779298,62.57,0.01689889049612433
AMZN,2026-01-26,239.97999572753903,240.9499969482422,237.5399932861328,238.4199981689453,32825500,-0.0031,237.045499420166,232.14919982910158,56.02,0.016931708030854607
AMZN,2026-01-27,239.69000244140625,244.8800048828125,238.0800018310547,244.67999267578125,38029200,0.0263,237.65349884033202,232.15879974365234,54.37,0.017818218795733563
AMZN,2026-01-28,246.3699951171875,247.77999877929688,241.52999877929688,243.00999450683597,40882700,-0.0068,238.20049819946288,232.26739959716798,51.65,0.017918276467867898
AMZN,2026-01-29,242.82000732421875,243.0,236.7400054931641,241.72999572753903,47229600,-0.0053,238.660498046875,232.40819946289062,44.37,0.018002294444407888
AMZN,2026-01-30,239.88999938964844,243.32000732421875,237.63999938964844,239.3000030517578,46585000,-0.0101,239.08449783325196,232.53679962158202,40.35,0.018087169049094652
AMZN,2026-02-02,238.30999755859372,245.6300048828125,238.1699981689453,242.9600067138672,37546100,0.0153,239.90749816894532,232.94499969482422,46.07,0.017635323404433176
AMZN,2026-02-03,244.97999572753903,246.3500061035156,235.4499969482422,238.6199951171875,53831300,-0.0179,240.185498046875,233.26359954833984,45.59,0.017201324153435983
AMZN,2026-02-04,238.8600006103516,238.8600006103516,231.82000732421875,232.9900054931641,51299900,-0.0236,239.78849868774415,233.58059967041015,45.91,0.016258713453342365
AMZN,2026-02-05,224.91000366210935,226.30999755859372,220.3800048828125,222.69000244140625,103509200,-0.0442,238.84499893188476,233.62059967041014,35.53,0.018798641468271926
AMZN,2026-02-06,202.6999969482422,211.44000244140625,200.30999755859372,210.32000732421875,179210900,-0.0555,237.04649963378907,233.30139984130858,27.83,0.021205076353503095
AMZN,2026-02-09,208.97000122070312,212.80999755859372,203.3500061035156,208.72000122070312,91178400,-0.0076,235.1134994506836,232.88239990234376,30.94,0.02101509482553712
AMZN,2026-02-10,208.8000030517578,212.6499938964844,206.41000366210935,206.9600067138672,67175000,-0.0084,233.13799972534179,232.4383999633789,29.67,0.020987797833377807
AMZN,2026-02-11,208.05999755859372,208.57000732421875,202.4900054931641,204.0800018310547,65545500,-0.0139,231.21199951171874,231.85559997558593,24.67,0.020959069761398268
AMZN,2026-02-12,203.9600067138672,203.9600067138672,197.55999755859372,199.6000061035156,83975400,-0.022,229.3595001220703,231.17,16.7,0.020865209018086122
AMZN,2026-02-13,198.8800048828125,201.16000366210935,197.27999877929688,198.7899932861328,66321600,-0.0041,227.3900001525879,230.45739990234375,16.68,0.02060327005215693
AMZN,2026-02-17,198.1300048828125,201.7400054931641,196.0,201.1499938964844,69879200,0.0119,225.49150009155272,229.83279968261718,10.83,0.020937752355117106
AMZN,2026-02-18,202.07000732421875,206.8600006103516,201.50999450683597,204.7899932861328,51003300,0.0181,224.18099975585938,229.34639953613282,16.79,0.020825805727763037
AMZN,2026-02-19,203.8000030517578,205.63999938964844,202.80999755859372,204.8600006103516,35669600,0.0003,222.85849990844727,228.8529995727539,17.27,0.02080906874670908
AMZN,2026-02-20,204.75999450683597,211.1699981689453,203.75,210.1100006103516,65881600,0.0256,221.64700012207032,228.51739959716798,25.33,0.021581415006533097
AMZN,2026-02-23,208.1000061035156,208.42999267578125,203.1100006103516,205.2700042724609,53581500,-0.023,219.9525001525879,228.06439971923828,18.76,0.021031054732416447
AMZN,2026-02-24,205.47000122070312,210.3600006103516,203.25,208.55999755859372,41137200,0.016,218.45950012207032,227.59999969482422,24.65,0.021660817766552373
AMZN,2026-02-25,210.4600067138672,211.58999633789065,208.92999267578125,210.63999938964844,41346400,0.01,216.75750045776368,227.20719970703124,29.95,0.020646839951915196
AMZN,2026-02-26,210.72999572753903,211.0500030517578,205.3500061035156,207.9199981689453,47756800,-0.0129,215.00300064086915,226.84179962158203,34.66,0.020684707674486214
AMZN,2026-02-27,206.8300018310547,210.3300018310547,205.1999969482422,210.0,57422800,0.01,213.4165008544922,226.59099975585937,49.58,0.021052540789277954
AMZN,2026-03-02,204.5500030517578,209.72999572753903,203.4600067138672,208.38999938964844,46001000,-0.0077,211.87100067138672,226.30759979248046,49.56,0.021039576741790356
AMZN,2026-03-03,203.1000061035156,209.17999267578125,202.47999572753903,208.72999572753903,43184900,0.0016,210.1595001220703,226.05679962158203,52.43,0.02050245877424157
AMZN,2026-03-04,210.47000122070312,217.53500366210935,210.1499938964844,216.82000732421875,54286831,0.0388,209.0695007324219,225.8579998779297,65.29,0.022764402034755965
JNJ,2025-03-05,160.05068422605132,161.9478381887641,159.09725287252516,160.64414978027344,8744800,,160.64414978027344,160.64414978027344,,
JNJ,2025-03-06,160.52738148858535,161.37379384052454,159.07776524482028,161.3348846435547,8037900,0.0043,160.98951721191406,160.98951721191406,,
JNJ,2025-03-07,160.65388903997257,163.89362578587057,160.2355371659095,162.17160034179688,9637600,0.0052,161.383544921875,161.383544921875,,0.0006363961030678926
JNJ,2025-03-10,162.9401676061837,165.294567637911,162.5218306080433,163.15420532226562,17559000,0.0061,161.82621002197266,161.82621002197266,,0.0009000000000000003
JNJ,2025-03-11,162.66776347857538,162.76505875064484,160.5760487356501,161.3640899658203,9890300,-0.011,161.7337860107422,161.7337860107422,,0.008133265027035576
JNJ,2025-03-12,159.29182023694912,159.75881972232855,157.83248024677997,158.43568420410156,8010700,-0.0181,161.1841023763021,161.1841023763021,,0.011123174007449494
JNJ,2025-03-13,158.99994473690649,160.0798568926511,158.25082758516842,158.57188415527344,5286700,0.0009,160.81092834472656,160.81092834472656,,0.010056838469419701
JNJ,2025-03-14,157.72546026726332,158.727539199118,156.73311976951868,158.39675903320312,6235800,-0.0011,160.50915718078613,160.50915718078613,,0.009188372569513627
JNJ,2025-03-17,158.0076120830635,159.0680622686795,157.34603688747066,158.4259490966797,6669800,0.0002,160.2776896158854,160.2776896158854,,0.008540899500972617
JNJ,2025-03-18,159.00968826991965,160.39119501744185,158.55242721709214,159.7977294921875,7348800,0.0087,160.2296936035156,160.2296936035156,,0.00870732450296875
JNJ,2025-03-19,159.52531543168692,159.90474322450672,157.8130285696338,158.57188415527344,5936400,-0.0077,160.07898365367544,160.07898365367544,,0.008516422044758259
JNJ,2025-03-20,158.58159693865755,158.7761726161735,157.5405940539295,158.60105895996094,7485900,0.0002,159.95582326253256,159.95582326253256,,0.008091207348945913
JNJ,2025-03-21,158.58162197668406,159.68099625372687,158.07571325912787,159.19454956054688,17047100,0.0037,159.89726374699518,159.89726374699518,,0.007839043695541316
JNJ,2025-03-24,158.4259400015963,159.93392757223305,158.09515984537686,158.86373901367188,8046400,-0.0021,159.8234405517578,159.8234405517578,41.99,0.007515112978320624
JNJ,2025-03-25,159.0875220297203,159.739358781659,156.20775123106108,156.65528869628906,7456200,-0.0139,159.6122304280599,159.6122304280599,35.04,0.008021673936732454
JNJ,2025-03-26,156.8401486890274,158.08545103073016,156.28559233544456,157.33631896972656,7223500,0.0043,159.46998596191406,159.46998596191406,34.99,0.007886504446264668
JNJ,2025-03-27,157.94924372823283,159.6226215034605,156.9471647500084,158.70809936523438,6752500,0.0087,159.42516910328584,159.42516910328584,37.5,0.008022925484717737
JNJ,2025-03-28,159.1556273411305,160.06042592033606,158.49406695648568,159.2723846435547,5760300,0.0036,159.41668107774524,159.41668107774524,35.55,0.007838667353724927
JNJ,2025-03-31,159.9144805497099,162.11322909532817,159.77827606995103,161.34463500976562,12481400,0.013,159.51815233732523,159.51815233732523,49.93,0.008240827739375782
JNJ,2025-04-01,156.37315537949164,157.42388205545032,148.97917428799886,149.09591674804688,23303100,-0.0759,158.99704055786134,158.99704055786134,29.73,0.019224002723203987
JNJ,2025-04-02,149.83528506528043,151.56703387395896,149.29046721695548,151.14869689941406,10356900,0.0138,158.52226791381835,158.6233099074591,35.13,0.01911751676783418
JNJ,2025-04-03,154.44680531172344,156.29529657108586,153.21122671258118,155.48780822753906,13249300,0.0287,158.22991409301758,158.48078710382634,45.01,0.020337760447010876
JNJ,2025-04-04,154.84570846579808,155.4878216368075,148.78457223350892,149.086181640625,16601700,-0.0412,157.57564315795898,158.07232599673063,36.84,0.022088207737447407
JNJ,2025-04-07,147.1792988166815,148.57054397010987,143.40446802169475,146.5371856689453,18083000,-0.0171,156.74479217529296,157.5916951497396,31.92,0.02214148939506055
JNJ,2025-04-08,149.42668937844223,149.42668937844223,143.98821899414062,145.9340057373047,12018400,-0.0041,155.9732879638672,157.1253875732422,32.47,0.022098680598862146
JNJ,2025-04-09,138.34542251739794,149.03752509158932,137.6644001851633,146.87770080566406,18773700,0.0065,155.3953887939453,156.7312457744892,34.14,0.02200209080973897
JNJ,2025-04-10,146.29396909214825,147.1014723585021,141.19601741107385,144.65951538085938,13830500,-0.0151,154.69977035522462,156.28414464879918,31.16,0.022122705649697504
JNJ,2025-04-11,145.2821579701608,148.22029988673702,144.17306020425994,147.61709594726562,9943900,0.0204,154.16078720092773,155.97460719517298,36.36,0.022800421856669785
JNJ,2025-04-14,147.4808931450617,150.47740631813335,147.072279736712,150.17581176757812,10685300,0.0173,153.74828033447267,155.77464873215249,42.21,0.0232533166847679
JNJ,2025-04-15,151.47949153017248,152.0632334778731,147.97708437949197,149.45587158203125,10847700,-0.0048,153.23118743896484,155.56402282714845,40.53,0.023109334523202157
JNJ,2025-04-16,151.15843785474706,151.41139963137073,148.1132917072422,149.73802185058594,7986900,0.0019,152.78949432373048,155.37608731177545,38.93,0.02310813197032367
JNJ,2025-04-17,149.9812331535937,155.11810853732888,149.9812331535937,153.20150756835938,10981100,0.0231,152.5195167541504,155.3081316947937,43.01,0.02381108543249728
JNJ,2025-04-21,153.67822968223672,153.9409001804085,151.27518208299085,152.66641235351562,6285400,-0.0035,152.19310989379883,155.22807959354284,39.64,0.023783377653974612
JNJ,2025-04-22,153.2793470326259,154.41763044672643,152.02430632426632,153.4739227294922,7136300,0.0053,151.92361907958986,155.1764867446002,57.19,0.023836294749151367
JNJ,2025-04-23,152.24807928113609,152.8415447934777,150.14662617069615,151.1681671142578,9099400,-0.015,151.64926300048828,155.06196332659042,50.03,0.023867782182594794
JNJ,2025-04-24,151.57678926088408,151.67406969029523,149.2807603253007,150.73036193847656,8310400,-0.0029,151.31896514892577,154.94164106580945,41.12,0.02382988559285212
JNJ,2025-04-25,150.13691512332085,150.70118022596543,148.31759438866158,150.38986206054688,8643600,-0.0023,150.9030532836914,154.81862001161318,53.15,0.023699795135690187
JNJ,2025-04-28,151.2849051047744,151.58649964647577,149.65045151935777,151.13897705078125,5815200,0.005,150.49638290405272,154.7217873021176,62.16,0.02372055459988901
JNJ,2025-04-29,151.23626989541486,152.76371959682837,150.10771003458157,151.68380737304688,5246700,0.0036,150.0133415222168,154.64389038085938,65.24,0.023492535768667146
JNJ,2025-04-30,153.9117200490407,153.9117200490407,150.8179264212635,152.0729522705078,9598200,0.0026,150.16219329833984,154.5796169281006,64.19,0.01600308851769755
JNJ,2025-05-01,150.79847295546213,150.88602979627174,149.20292841606295,150.2731170654297,7325800,-0.0118,150.11841430664063,154.47458034608422,65.69,0.015958403165070977
JNJ,2025-05-02,151.83947450772436,152.47184925651504,150.8373806848308,151.8881072998047,5974500,0.0107,149.9384292602539,154.41299765450614,62.9,0.014702706517759526
JNJ,2025-05-05,152.42319194810284,152.53993439396783,150.5357765656926,150.7984619140625,5464100,-0.0072,150.02404327392577,154.32893868379816,52.06,0.011416935712030245
JNJ,2025-05-06,150.62334023116017,151.67405187838798,149.52396610717955,150.28282165527344,8644200,-0.0034,150.2113250732422,154.2369814786044,52.78,0.010684680375979529
JNJ,2025-05-07,150.5455131054373,153.65876866577935,150.31201337147158,153.03611755371094,7853100,0.0183,150.5664306640625,154.21029561360677,59.51,0.011246439202558384
JNJ,2025-05-08,151.5962487740799,152.77344141312827,150.58443137777405,151.44058227539062,7606100,-0.0104,150.79457473754883,154.15008445408034,44.31,0.011555581927545256
JNJ,2025-05-09,151.20709623082035,151.82974743683212,149.64073720309423,150.0396270751953,6520400,-0.0093,151.06358032226564,154.06262791410407,41.96,0.011181403734490773
JNJ,2025-05-12,147.8992476319424,151.148707779188,147.08200595545642,149.96177673339844,9023800,-0.0005,151.18081436157226,153.977193514506,38.75,0.01030147025786534
JNJ,2025-05-13,147.5879172387248,147.5879172387248,144.06604808573897,144.41629028320312,10549600,-0.037,150.89283828735353,153.7820730403978,32.09,0.012626730209736552
JNJ,2025-05-14,144.6400509154053,144.78599382334744,142.1591699321315,142.39266967773438,10216000,-0.014,150.53967819213867,153.55428497314452,29.6,0.012903259482129231
JNJ,2025-05-15,143.98820664200468,145.59347462933604,143.336369920384,145.5545654296875,7945800,0.0222,150.33050537109375,153.25249328613282,39.61,0.014005670843964372
JNJ,2025-05-16,145.6129445411787,147.39334113632552,145.17514550683833,147.2279510498047,8051200,0.0115,150.031827545166,152.97035461425781,41.91,0.01315532611770449
JNJ,2025-05-19,147.7727644229513,148.52189642911543,146.95553760450343,148.35650634765625,12639900,0.0077,149.81633224487305,152.694052734375,43.28,0.01332119304756621
JNJ,2025-05-20,148.20083168038465,149.86447083723303,147.99651756445562,149.49478149414062,7351500,0.0077,149.61737518310548,152.4208642578125,44.95,0.0133948094817594
JNJ,2025-05-21,149.0375552082151,150.2439336276162,148.85270307100328,149.02781677246094,7032200,-0.0031,149.51035766601564,152.1741387939453,47.43,0.013009474280409319
JNJ,2025-05-22,148.51214528121932,149.16399680757792,147.26684313728586,148.47323608398438,7535300,-0.0037,149.39750137329102,151.97488983154298,42.62,0.013018048200378135
JNJ,2025-05-23,148.85268274928774,149.31966740126413,148.0841035336355,148.7943115234375,6727300,0.0022,149.31772384643554,151.77933837890626,45.52,0.013027278061214878
JNJ,2025-05-27,149.6578031550245,151.1492679480594,149.07886375742697,150.3740997314453,6990700,0.0106,149.27947998046875,151.6188851928711,50.19,0.013209377649788684
JNJ,2025-05-28,150.40352805427477,150.75677285026757,149.0788563261916,149.56947326660156,8459300,-0.0054,149.17376327514648,151.44175567626954,41.93,0.013227653449855482
JNJ,2025-05-29,148.90223155564834,151.14925040607753,148.71579473504596,150.69789123535156,6810600,0.0075,149.10501022338866,151.25975891113282,48.23,0.013335275735708217
JNJ,2025-05-30,151.0118885418378,152.7879344461785,150.34465668844726,152.2973175048828,15529700,0.0106,149.20622024536132,151.134267578125,55.32,0.013265249417378593
JNJ,2025-06-02,151.58100078655963,152.62110627080844,149.4419181827181,152.48373413085938,6669300,0.0012,149.23600158691406,151.01192108154297,55.92,0.013058688376144944
JNJ,2025-06-03,151.8950141846294,152.7388759568056,151.18852456269389,151.5221405029297,8209800,-0.0063,149.2721855163574,150.85847290039064,71.24,0.013033099562672198
JNJ,2025-06-04,152.02255175157072,152.02255175157072,150.2563428162781,150.3446502685547,6983900,-0.0078,149.2752769470215,150.68809112548828,75.03,0.013135929033720734
JNJ,2025-06-05,150.79599634124082,151.19830577433518,149.77551982351054,150.77638244628906,5295400,0.0029,149.16229019165038,150.5705130004883,69.85,0.012446183097006507
JNJ,2025-06-06,151.1100272577506,153.1019309647165,151.1100272577506,152.12069702148438,5391500,0.0089,149.19629592895507,150.46620056152344,69.08,0.012400189939122536
JNJ,2025-06-09,151.9440663702561,153.06267235085258,151.5515638501274,152.31692504882812,5319000,0.0013,149.3101608276367,150.33837707519533,66.65,0.012193305971979696
JNJ,2025-06-10,152.513190491746,154.48548037607026,152.11089593856136,153.51405334472656,6791600,0.0079,149.48777465820314,150.22321044921875,66.82,0.012289553758332615
JNJ,2025-06-11,153.3668508220171,153.66122396588617,151.8263065201517,152.3463592529297,6016000,-0.0076,149.88427810668946,150.04324493408203,63.12,0.008711654323527277
JNJ,2025-06-12,153.30797636857517,153.7397066695454,152.2580490016518,153.7200927734375,7075500,0.009,150.4506492614746,150.13572845458984,69.48,0.00786606803401734
JNJ,2025-06-13,153.0430563433094,154.71115101983074,153.0430563433094,154.15185546875,6587500,0.0028,150.88051376342773,150.19579162597657,69.73,0.0065765512478645986
JNJ,2025-06-16,153.48459122854055,153.56309173027117,151.5515594191886,152.30711364746094,7024000,-0.012,151.13447189331055,150.132177734375,56.98,0.007041127302088101
JNJ,2025-06-17,152.06180829378278,152.36598838641433,149.2456719843281,149.52041625976562,6407100,-0.0183,151.19266738891602,150.14086242675782,49.85,0.008186034320398173
JNJ,2025-06-18,149.70684876716982,149.7853342957975,147.8817532915629,147.9013671875,8325200,-0.0108,151.11299667358398,150.1681460571289,41.43,0.008363421296901982
JNJ,2025-06-20,148.42141878604235,148.55879091876358,146.24307855829224,146.97900390625,22605500,-0.0062,151.01055603027345,150.18904602050782,33.0,0.008442399259876178
JNJ,2025-06-23,146.92996485325,148.58823751409696,146.92996485325,148.48031616210938,7397900,0.0102,151.0109100341797,150.22109832763672,38.19,0.008745662082607459
JNJ,2025-06-24,148.65693061226457,149.85403712588132,148.14668480995888,149.333984375,9544200,0.0057,151.03789367675782,150.31458770751954,43.51,0.008825912805036383
JNJ,2025-06-25,148.5391976946219,150.19748543838807,147.90138665416632,149.42230224609375,7153700,0.0006,150.99030380249025,150.3506918334961,47.07,0.008482917819762374
JNJ,2025-06-26,149.83440236894492,150.34464815120182,148.6863605881969,149.1573486328125,7156900,-0.0018,150.96969757080078,150.33032257080077,44.81,0.008406632719716645
JNJ,2025-06-27,149.15734795144718,150.45258378377332,148.17611412905703,149.5498504638672,10010800,0.0026,150.91229553222655,150.3322021484375,41.22,0.008242985854013922
JNJ,2025-06-30,149.3045442573842,150.0993412699026,148.67655520049212,149.8834686279297,9039300,0.0022,150.7916030883789,150.33511108398437,41.77,0.0078605527460659
JNJ,2025-07-01,150.1287868430718,154.78964787251357,149.94235000630354,152.99398803710938,10896700,0.0208,150.8171157836914,150.33096069335937,48.44,0.00922339559575482
JNJ,2025-07-02,153.07249239316593,153.3668655653334,152.15995202913243,152.6407470703125,5544000,-0.0023,150.87304611206054,150.3304473876953,50.93,0.00911767947162919
JNJ,2025-07-03,152.5131732081926,153.3472279865642,151.97350655771282,153.08229064941406,3482500,0.0029,151.00992813110352,150.32261474609376,47.87,0.008922732647274419
JNJ,2025-07-07,153.09211130943166,153.41592028051664,151.98331225442314,152.35618591308594,6270900,-0.0047,151.08891830444335,150.3463751220703,44.11,0.008996396939594026
JNJ,2025-07-08,151.5809954009529,153.8182072991739,151.31607305131817,152.8664093017578,6438200,0.0033,151.12620391845704,150.38909606933595,52.01,0.008808345325225448
JNJ,2025-07-09,152.86641901439813,153.74953848661053,152.15994439804524,153.34722900390625,6147400,0.0031,151.17771911621094,150.44824340820313,66.5,0.008828488575419674
JNJ,2025-07-10,153.17061563995466,156.25168944402995,152.89587134958674,154.73077392578125,6732900,0.009,151.23855514526366,150.52007934570312,80.05,0.00888113761086708
JNJ,2025-07-11,154.142033765266,154.23034122517612,152.2678733741525,153.95559692382812,7872000,-0.005,151.3190170288086,150.56551513671874,81.1,0.008775892517213512
JNJ,2025-07-14,153.92615542940482,154.5149017519845,152.60149866226192,153.87710571289062,10185600,-0.0005,151.32686767578124,150.6015982055664,77.56,0.008548905747151744
JNJ,2025-07-15,153.4257273325383,154.24015323506973,151.8950049026972,152.258056640625,6873200,-0.0105,151.232177734375,150.6412969970703,63.85,0.008838568293207004
JNJ,2025-07-16,157.29179013965734,163.0025633969383,156.80117321156885,161.68771362304688,22134800,0.0619,151.7012077331543,150.83728912353516,80.82,0.016198274761935538
JNJ,2025-07-17,160.1177373117364,161.60921700124825,159.25426167881125,159.92149353027344,11295700,-0.0109,152.22126159667968,151.01974975585938,75.15,0.015762133171156215
JNJ,2025-07-18,160.85365505316872,162.0017118134992,160.2943595540406,160.6279754638672,9792600,0.0044,152.85759201049805,151.22665283203125,75.51,0.01539963772642925
JNJ,2025-07-21,160.6966798409886,161.8250928359287,159.7252528908425,161.27560424804688,8254000,0.004,153.5724220275879,151.39144256591797,75.86,0.015203341045552071
JNJ,2025-07-22,161.90358694684275,164.90616016372098,161.61903571523425,164.77859497070312,9288000,0.0217,154.38733596801757,151.65820281982423,76.28,0.0156317448600091
JNJ,2025-07-23,165.43603407308774,165.946264897935,163.4637444406128,165.92665100097656,10617600,0.007,155.21696929931642,151.97594329833984,78.61,0.015636088486507573
JNJ,2025-07-24,166.3191343471783,166.79994431442557,165.7107741631659,166.3780059814453,6636900,0.0027,156.06475448608398,152.30426788330078,78.62,0.01560925754328602
JNJ,2025-07-25,166.5644487084836,166.6920139022101,164.29780087422668,165.14166259765625,6254900,-0.0074,156.86397018432618,152.71877532958985,76.93,0.015796111280278677
JNJ,2025-07-28,164.70991567403397,164.78841617921017,161.95265093414764,163.10069274902344,8014600,-0.0124,157.541512298584,153.13293579101563,70.25,0.016275628373349164
JNJ,2025-07-29,163.54223638019647,165.61264030634692,163.24786324439296,164.95521545410156,7663400,0.0114,158.29509963989258,153.5209487915039,71.79,0.016338133469376417
JNJ,2025-07-30,164.5529153379632,165.44584174400563,163.65018198339874,164.1211700439453,6189200,-0.0051,158.85145874023436,153.8588131713867,68.0,0.016037295348819362
JNJ,2025-07-31,162.81613907808057,163.93476013361044,161.1480443889056,161.6484832763672,11036200,-0.0151,159.3018455505371,154.12465270996094,63.84,0.0165341082868749
JNJ,2025-08-01,162.37457646550328,164.47441634646825,161.69752270023744,164.1898651123047,8927800,0.0157,159.85722427368165,154.41855438232423,67.05,0.016776396325916078
JNJ,2025-08-04,163.89548837392292,167.97742477350116,163.51280777223997,167.83023071289062,12679100,0.0222,160.63092651367188,154.7946026611328,74.13,0.01714762144008992
JNJ,2025-08-05,167.3396146645784,168.34047738669344,166.4663171345052,167.53587341308594,7934400,-0.0018,161.3643997192383,155.17585540771483,62.64,0.017211642326604028
JNJ,2025-08-06,166.72144007168663,168.94883003784128,166.49574551547207,167.388671875,8957200,-0.0009,162.06647186279298,155.54774261474608,67.35,0.017254643921046448
JNJ,2025-08-07,167.9578056105761,168.39935787304452,166.73126323014094,168.31105041503906,9315900,0.0055,162.74548568725587,155.90648162841796,67.68,0.01722453803520767
JNJ,2025-08-08,167.81062263672857,170.69545264445026,167.19244050009084,170.0772705078125,7686800,0.0105,163.55156936645508,156.3166375732422,69.26,0.017130385438254382
JNJ,2025-08-11,170.1459587804455,171.32345148344675,169.80253588577153,170.55809020996094,7256800,0.0028,164.3856185913086,156.71384155273438,64.57,0.017089247927771486
JNJ,2025-08-12,170.734704251672,171.48043665027848,168.58579954394824,169.53759765625,7916700,-0.006,165.24959564208984,157.05864715576172,59.16,0.016899046998978498
JNJ,2025-08-13,169.75343941699913,171.26453281006349,169.4590662963547,171.14678955078125,5878700,0.0095,165.72254943847656,157.43190826416014,61.43,0.010574990357094022
JNJ,2025-08-14,171.03886790121015,172.4224112061355,169.4787096922212,171.44117736816406,8241700,0.0017,166.29853363037108,157.83028900146485,65.81,0.010073655062378771
JNJ,2025-08-15,172.27525225126996,173.94334697626468,171.67669894126365,173.32516479492188,9477600,0.011,166.93339309692382,158.28989929199219,75.87,0.010211165199762565
JNJ,2025-08-18,173.1877828395113,174.23771029618828,172.79529526964464,172.94247436523438,9284000,-0.0022,167.5167366027832,158.7332211303711,71.83,0.010300097086921072
JNJ,2025-08-19,172.73639777380563,174.83623758239492,172.6775261392796,174.46337890625,9274200,0.0088,168.00097579956054,159.18007476806642,77.25,0.009473812937721924
JNJ,2025-08-20,175.15024028924466,177.22064428876024,174.65962336966695,175.48385620117188,9030000,0.0058,168.4788360595703,159.64341339111328,89.47,0.009450217207194649
JNJ,2025-08-21,175.19931537251938,176.70060203772263,174.81663475143702,175.57217407226562,8859600,0.0005,168.93854446411132,160.08457580566406,87.76,0.009464664200121027
JNJ,2025-08-22,176.66134044605786,177.76033256843067,174.13957717042288,175.9254150390625,9524000,0.002,169.47773208618165,160.55615692138673,84.35,0.0091640300833433
JNJ,2025-08-25,176.1511056012645,176.8772090706108,174.94417718110606,175.0619354248047,6229100,-0.0049,170.0757942199707,160.98299377441407,80.46,0.008630185702704076
JNJ,2025-08-26,174.7060999231484,175.1113623885591,173.7374366614811,174.44911193847656,9145000,-0.0035,170.55048904418945,161.3889389038086,77.54,0.008561534232896146
JNJ,2025-08-27,174.92354707776784,175.63522231400546,174.12291620758523,174.74562072753906,5951100,0.0017,171.08171157836915,161.83770904541015,76.39,0.008362968183731492
JNJ,2025-08-28,174.3305021472525,174.4491247570279,172.61063267008686,173.421142578125,6424700,-0.0076,171.67034454345702,162.31572357177734,64.23,0.007637538870604847
JNJ,2025-08-29,173.93511071425883,175.3584611850056,173.4211196926361,175.12123107910156,6942300,0.0098,172.21691284179687,162.8601208496094,67.59,0.0072471028694230605
JNJ,2025-09-02,175.41777231103694,177.12776270121626,174.84447750943602,176.00094604492188,9049000,0.005,172.62544860839844,163.4405596923828,75.19,0.005744038099125951
JNJ,2025-09-03,175.6154493916547,176.22827497981044,174.48863278118253,175.94163513183594,7111700,-0.0003,173.04573669433594,163.98978607177733,71.25,0.005696111323572097
JNJ,2025-09-04,175.9416497264455,176.83123630448588,175.4968564374253,176.69285583496094,7854800,0.0043,173.51094589233398,164.53696350097655,72.37,0.005653187270539464
JNJ,2025-09-05,175.94163314117105,177.4341662848054,174.51828268460764,176.3666534423828,9733800,-0.0018,173.91372604370116,165.07585052490234,64.94,0.005699720676443157
JNJ,2025-09-08,175.30904455833596,177.37487259095406,174.65667304834938,176.0701446533203,8382500,-0.0017,174.21336975097657,165.6141064453125,65.49,0.005428528442647375
JNJ,2025-09-09,175.94164806814993,176.03060370864756,174.4095689027739,174.91368103027344,6005700,-0.0066,174.4311492919922,166.12138305664064,52.31,0.005730883554548062
JNJ,2025-09-10,174.26131428978755,174.5677271148135,172.31409366624945,173.7572021484375,6891600,-0.0066,174.64212951660156,166.59885772705078,41.25,0.0057723911856352875
JNJ,2025-09-11,173.7176526494387,176.78181073479666,173.5990451382739,176.43585205078125,5792500,0.0154,174.90658264160157,167.06769500732423,53.47,0.006339383997967324
JNJ,2025-09-12,175.65500242690814,176.73239425710358,174.67644516657117,176.00094604492188,7220200,-0.0025,175.13457107543945,167.53489898681642,50.3,0.0064030502599603965
JNJ,2025-09-15,175.7044094043786,176.92019676144542,174.88400556753885,175.34857177734375,4768100,-0.0037,175.23574142456056,167.980224609375,51.16,0.006069637550958043
JNJ,2025-09-16,175.51662893199313,175.5660386777145,173.61881809435098,174.41946411132812,7959300,-0.0053,175.30959091186523,168.42149017333983,49.88,0.006183288173098428
JNJ,2025-09-17,174.6665700727086,176.4457431926535,174.5479474709965,175.15089416503906,6714900,0.0042,175.34396667480468,168.86717987060547,51.55,0.0059365859407220665
JNJ,2025-09-18,174.55784393897036,174.97298534494763,171.8594021766082,172.14605712890625,8200900,-0.0172,175.1770767211914,169.24315643310547,45.68,0.006939695124503134
JNJ,2025-09-19,172.66993349357537,175.111372273971,171.32565957029007,174.152587890625,25621000,0.0117,175.10609741210936,169.63159271240235,46.78,0.007491932503138218
JNJ,2025-09-22,174.05373018239203,174.59737311930513,172.10650962439226,172.1954803466797,7193900,-0.0112,174.91960067749022,169.99639038085937,38.21,0.0078443677414536
JNJ,2025-09-23,172.8675959300631,174.92354491124786,172.80829217483426,174.53805541992188,8350400,0.0136,174.8934066772461,170.409609375,46.19,0.00843384628493398
JNJ,2025-09-24,174.10316185129446,174.9037928069642,173.70779338109767,174.6468048095703,6676800,0.0006,174.90329132080078,170.8573843383789,44.25,0.008396985674696163
JNJ,2025-09-25,175.15088893974706,176.3370093451046,173.87581289751407,175.6747589111328,8475000,0.0059,174.94974822998046,171.13712524414063,48.13,0.00849135783574905
JNJ,2025-09-26,176.534716894135,177.82956594360434,175.26951972500925,177.6318817138672,8634400,0.0111,175.16028518676757,171.4913330078125,53.88,0.008604483225560226
JNJ,2025-09-29,177.75048125277442,179.76688443728418,177.72082937376246,179.519775390625,8597100,0.0106,175.38021240234374,171.86916900634765,61.03,0.008648144005325192
JNJ,2025-09-30,179.59884936490977,183.8392489872228,178.97614483278656,183.2758331298828,11569000,0.0209,175.74395675659179,172.30917358398438,70.27,0.009678087022808412
JNJ,2025-10-01,183.8491347434297,184.40265660690224,181.78330668784835,183.8985595703125,13063800,0.0034,176.1418029785156,172.69157287597656,67.42,0.00966575479667644
JNJ,2025-10-02,182.06006679331983,184.432307649533,181.9612171400028,183.8293609619141,7728100,-0.0004,176.49862823486328,173.0496270751953,68.59,0.00967055215317969
JNJ,2025-10-03,184.89687190994135,187.5854195623688,184.74861251387856,186.45860290527344,8675100,0.0143,177.00322570800782,173.45123901367188,74.12,0.010000309205745904
JNJ,2025-10-06,185.8260079631804,187.72380368143425,185.20328832291253,185.98416137695312,5806100,-0.0025,177.49892654418946,173.8680889892578,75.61,0.010020939918096765
JNJ,2025-10-07,181.64491547464476,187.04176840652755,180.82451166041724,186.7057037353516,8776800,0.0039,178.08852767944336,174.34018920898438,75.6,0.00977542030325362
JNJ,2025-10-08,186.68595025285137,188.02034522715945,186.09289755053467,187.49647521972656,5751200,0.0042,178.7754913330078,174.79101440429687,87.71,0.009493404912996455
JNJ,2025-10-09,187.80287893451043,189.87860099777504,187.53599693612736,188.87039184570312,7484800,0.0073,179.3972183227539,175.28599884033204,87.32,0.009140970523159075
JNJ,2025-10-10,189.78963297098187,189.8489518132843,187.6546222006277,188.5145568847656,9598000,-0.0019,180.02289886474608,175.8233203125,95.04,0.009121396188142063
JNJ,2025-10-13,187.63484024575644,189.0878426244488,187.09119733496357,188.6924591064453,7979500,0.0009,180.69009323120116,176.31337219238281,94.36,0.008987972958055491
JNJ,2025-10-14,190.68910619899648,192.15198752359413,183.73052212206747,188.6430511474609,13613300,-0.0003,181.40127258300782,176.7296286010742,94.03,0.00879171110822724
JNJ,2025-10-15,189.2657634013173,191.33160656608345,187.1109796787497,188.9593505859375,9473000,0.0017,182.09169540405273,177.15809814453124,93.75,0.008805805501276742
JNJ,2025-10-16,189.12738216329103,190.8176147307896,188.2279015859536,189.8983612060547,10611800,0.005,182.97931060791015,177.60829193115234,93.3,0.007282885489463057
JNJ,2025-10-17,190.2739662174424,191.36125205733492,189.46344130364264,190.9856414794922,7764400,0.0057,183.82096328735352,178.0617837524414,92.9,0.007111325289172267
JNJ,2025-10-20,191.26240123179355,192.2310644671735,190.1059327086448,191.4798583984375,8034700,0.0026,184.7851821899414,178.4898355102539,90.61,0.006089602873578434
JNJ,2025-10-21,190.7780707518561,191.31183476056947,189.5524194830208,189.66114807128903,6716000,-0.0095,185.54133682250978,178.87189666748046,75.5,0.0066071631781845575
JNJ,2025-10-22,189.7797603324635,191.21298988100625,189.56230315049527,190.7088928222656,6343100,0.0055,186.34444122314454,179.29532257080078,78.02,0.006558289250615347
JNJ,2025-10-23,190.33326410610792,191.75661458631456,189.3250550022384,190.2443084716797,8882500,-0.0024,187.0729187011719,179.67727294921875,68.72,0.006720312884320034
JNJ,2025-10-24,189.97743032369883,190.08615890653152,187.2295789564792,188.1982421875,6903400,-0.0108,187.60123672485352,180.01241424560547,59.48,0.007265484371870514
JNJ,2025-10-27,187.7929982033268,188.59362910846755,187.33831091719009,188.0994110107422,7126000,-0.0005,188.03021850585938,180.30789916992188,56.3,0.00706842311008317
JNJ,2025-10-28,187.071429737358,187.31853878729856,184.4619587732793,184.76837158203125,8329500,-0.0177,188.1048454284668,180.5444171142578,39.97,0.007007805798198398
JNJ,2025-10-29,184.54103427695995,184.9364178036928,182.5246310788101,184.44219970703125,10551100,-0.0018,188.13202743530275,180.74399353027343,32.36,0.0069880555988509055
JNJ,2025-10-30,184.9166406211528,187.19004683019028,184.7486082820175,186.8638610839844,7072500,0.0131,188.28375244140625,180.97159362792968,44.35,0.007559267577999167
JNJ,2025-10-31,185.2922599991901,187.3086632469916,184.6003425809548,186.6859436035156,8791700,-0.001,188.29511947631835,181.1938690185547,43.14,0.006867994037946092
JNJ,2025-11-03,186.81444554993615,186.8440974299442,183.37469172794485,184.1061248779297,7542600,-0.0138,188.2012176513672,181.35748321533202,36.77,0.007524409401548081
JNJ,2025-11-04,184.66953635312188,185.6480936170402,183.47352191944395,184.69918823242188,7209400,0.0032,188.10089187622071,181.55022827148437,37.78,0.007504516184131702
JNJ,2025-11-05,184.4817349280929,185.65797643943677,183.25606858943368,183.84913635253903,5049400,-0.0046,187.91852493286132,181.73822875976563,32.55,0.007470804578666978
JNJ,2025-11-06,184.60032887796228,185.35155000031943,183.22640324069272,184.8079071044922,6767400,0.0052,187.71540069580078,181.9394744873047,32.05,0.0073625010052720185
JNJ,2025-11-07,185.56902044160103,186.17196713607012,183.5526021168054,184.4125518798828,6959200,-0.0021,187.51030044555665,182.15930267333985,29.35,0.007363823377624019
JNJ,2025-11-10,183.84914248376896,186.24115639867696,182.97931375749687,186.2312774658203,5323800,0.0099,187.3872413635254,182.38150360107423,39.98,0.007755751685718556
JNJ,2025-11-11,187.19993334062747,191.6775481684981,186.863868648752,191.58859252929688,7465600,0.0288,187.53451843261718,182.69325653076172,52.05,0.010173643708907316
JNJ,2025-11-12,191.1240170613408,193.28869467126265,190.8373772103293,192.14210510253903,8803000,0.0029,187.69365615844725,183.01726593017577,54.41,0.010182610305397083
JNJ,2025-11-13,191.96420520711595,193.73349940731035,191.2129840261044,192.9921722412109,8631600,0.0044,187.84834671020508,183.3432522583008,61.8,0.010170725534333172
JNJ,2025-11-14,192.74506817041248,194.8998519494097,191.31183862869028,193.664306640625,8824800,0.0035,187.9822799682617,183.68920532226562,63.32,0.010127371717021983
JNJ,2025-11-17,194.68239675983705,197.96399703648848,193.6346417392758,197.2720947265625,13257000,0.0186,188.27189178466796,184.11324432373047,79.54,0.010885213292400503
JNJ,2025-11-18,196.7086833299708,197.9837744779547,196.2342381755845,197.68724060058597,12468600,0.0021,188.6731964111328,184.56871551513672,81.16,0.010570210125880334
JNJ,2025-11-19,197.687243415404,201.12699722777688,197.07441778716492,200.168212890625,14690800,0.0125,189.1461624145508,185.09693572998046,81.22,0.010801212163943743
JNJ,2025-11-20,199.66410677890855,202.14507614142028,199.23908646439705,200.72174072265625,10612600,0.0028,189.6700340270996,185.58265350341796,82.36,0.010740100705202663
JNJ,2025-11-21,201.60144835610956,204.5469839267653,200.64266406230783,201.5421295166016,13189100,0.0041,190.33722839355468,186.09347717285155,93.75,0.010257762144372734
JNJ,2025-11-24,201.3543450153676,203.73646479570212,200.65254867686932,203.6672821044922,14803900,0.0105,191.1156219482422,186.65985137939452,94.2,0.01032779081691214
JNJ,2025-11-25,204.09500679162497,206.6215838446117,204.09500679162497,205.5771331787109,10275300,0.0094,192.15606002807618,187.2830047607422,98.24,0.00902197755192111
JNJ,2025-11-26,205.39808366901323,206.71109559930028,204.85098904051847,206.46241760253903,6729000,0.0043,193.25707092285157,187.9092352294922,98.24,0.008868091825842748
JNJ,2025-11-28,205.9053844456068,206.3629586449613,203.54792185749716,205.8258056640625,5638300,-0.0031,194.20516815185547,188.5828302001953,97.19,0.008895451232600791
JNJ,2025-12-01,205.40801990791223,206.601671225268,204.254150390625,204.254150390625,8473700,-0.0076,195.08357849121094,189.1848614501953,90.16,0.009240784883501935
JNJ,2025-12-02,204.15469935722084,204.5227379456605,202.02601625292775,204.333740234375,8393600,0.0004,196.0949592590332,189.82762664794922,87.13,0.008248980798288133
JNJ,2025-12-03,204.8111948667149,205.9252826285737,203.90601848146164,204.2442169189453,8363300,-0.0004,197.07221069335938,190.4217498779297,86.24,0.008335125421340323
JNJ,2025-12-04,203.50812947813563,203.7767059746564,200.64336916828412,201.40928649902344,9049900,-0.0139,197.9502182006836,190.95699951171875,72.53,0.009125515126051212
JNJ,2025-12-05,201.90663323067025,202.37414907500917,199.74811005779276,200.8621826171875,7785300,-0.0027,198.75293197631837,191.46074798583984,69.39,0.009268713644922846
JNJ,2025-12-08,201.58834201037317,202.18516011668032,199.927174755095,200.5538330078125,7785700,-0.0015,199.55999603271485,191.91918701171875,60.75,0.00924812925606266
JNJ,2025-12-09,201.84695743157303,204.45309801733023,198.8528797725305,198.90261840820312,7509400,-0.0082,200.19356307983398,192.30684387207032,53.68,0.009546918764435823
JNJ,2025-12-10,199.52928142896,205.70644978186095,199.1214458560129,205.44781494140625,11599800,0.0329,200.88652420043945,192.75028350830078,62.84,0.01014741346353838
JNJ,2025-12-11,206.800616929999,210.1229665164575,206.73099498321687,208.8994598388672,9009000,0.0168,201.72439193725586,193.25030151367187,67.43,0.010567849704098799
JNJ,2025-12-12,209.16803774867068,211.14752008902903,207.8550258037756,210.46116638183597,6922700,0.0075,202.59784164428712,193.7829376220703,68.43,0.010592947008070487
JNJ,2025-12-15,209.23766850267896,214.05207078419528,207.9047429304409,213.03746032714844,8467000,0.0122,203.56649932861328,194.3145147705078,69.01,0.010731766666745681
JNJ,2025-12-16,212.86836535212407,213.5945008532235,207.7058077078452,208.19322204589844,9949800,-0.0227,204.11255569458007,194.75869598388672,54.74,0.011858068538918309
JNJ,2025-12-17,208.28274174394824,210.4014831270772,207.35766688422177,209.2177734375,8457600,0.0049,204.68908233642577,195.2089373779297,54.97,0.011866267980686839
JNJ,2025-12-18,208.6905766330728,209.94390826491852,206.6613556922556,207.2084503173828,7499900,-0.0096,205.04109420776368,195.60317687988282,52.38,0.011954892193927182
JNJ,2025-12-19,206.46242678675088,208.13355089193627,204.94051859312012,205.2787170410156,24803900,-0.0093,205.26894302368163,195.93134338378906,51.74,0.012205434510042948
JNJ,2025-12-22,205.03998416945456,206.97966948419256,204.41331076850065,206.22369384765625,8187800,0.0046,205.50302124023438,196.28552612304688,53.12,0.012212197310799344
JNJ,2025-12-23,203.9358578426093,205.43786749372595,202.2050535039864,204.69183349609372,7047300,-0.0074,205.55424880981445,196.60551361083984,50.7,0.012152456974880255
JNJ,2025-12-24,204.9106730008732,206.84041671879496,204.48295412427228,206.68125915527344,2376500,0.0097,205.60945510864258,196.9662777709961,58.53,0.012164420725170079
JNJ,2025-12-26,206.4325814439545,206.93987910302852,205.6169254914373,206.5320587158203,2316700,-0.0007,205.61293716430663,197.31773193359376,59.29,0.012130191780494605
JNJ,2025-12-29,206.90009330533488,208.36232114053888,206.2833767303592,206.46241760253903,4348900,-0.0003,205.64476776123047,197.64901306152345,59.76,0.012107512891632723
JNJ,2025-12-30,206.4126750075104,206.59173105435548,205.4279198732129,205.81585693359372,3937400,-0.0031,205.7228530883789,197.94561737060548,61.81,0.011995543031958949
JNJ,2025-12-31,205.8158700525786,206.40274650834,205.27871705590465,205.85565185546875,4083800,0.0002,205.7989486694336,198.23313323974608,50.9,0.011995679046618146
JNJ,2026-01-02,205.72634389134797,206.29332184084635,202.60293362874384,206.2535400390625,6325500,0.0019,205.89941482543946,198.56498107910156,43.29,0.011998125950155276
JNJ,2026-01-05,204.781347234846,204.8509843578355,199.8475843916204,203.22959899902344,9477000,-0.0147,205.99043045043945,198.81539520263672,32.93,0.012050109193652452
JNJ,2026-01-06,203.51807923906964,205.6169221452363,203.04060655560488,203.70706176757807,8107900,0.0023,206.13267440795897,199.0846502685547,25.55,0.01203153203702233
JNJ,2026-01-07,204.17457313070608,207.15870903533664,203.94579362788576,206.39279174804688,7545900,0.0132,206.42462234497071,199.44854125976562,44.68,0.012330531213212186
JNJ,2026-01-08,205.83574014080108,207.874902709712,203.88611318431748,204.6619873046875,6557800,-0.0084,206.71259078979492,199.77979278564453,37.08,0.012338898696910983
JNJ,2026-01-09,204.82115536067752,205.6069711768844,202.9311934187722,203.30918884277344,6154300,-0.0066,206.60565948486328,200.15060913085938,38.51,0.009985140275218442
JNJ,2026-01-12,204.4630603557572,208.79004856995036,202.77205294406903,208.6110076904297,11794300,0.0261,206.59123687744142,200.63398529052733,58.19,0.010997219744338255
JNJ,2026-01-13,208.8000046390471,213.25631025751971,207.75555397803453,212.5202178955078,11379600,0.0187,206.694189453125,201.14711242675781,63.51,0.011664679028679069
JNJ,2026-01-14,213.5944953871816,217.7026606479412,213.0175606277502,217.3943023681641,11858800,0.0229,206.9120315551758,201.7612796020508,73.83,0.012446317358539178
JNJ,2026-01-15,217.07599467784007,218.5879611619112,214.7682707393004,218.40892028808597,8492100,0.0047,207.42281646728514,202.4473355102539,72.84,0.011128695719672302
JNJ,2026-01-16,217.8817033722692,218.94605246635007,216.9864686699265,217.50372314453125,10021500,-0.0041,207.8371139526367,203.1034262084961,70.76,0.011206317532159211
JNJ,2026-01-20,215.94201883517667,217.5733458657319,213.36571846475653,217.0561065673828,14057100,-0.0021,208.32949676513672,203.76756561279296,69.76,0.010919350279495378
JNJ,2026-01-21,209.8842366647272,217.523617709026,209.38688065367336,216.85716247558597,14762900,-0.0009,208.90841903686524,204.40855072021483,70.94,0.010603425464393447
JNJ,2026-01-22,217.61314338335688,220.99515803275423,216.946688180368,217.33462524414065,13160000,0.0022,209.46396560668944,205.0669921875,71.42,0.010595560142665515
JNJ,2026-01-23,218.63769268831865,220.0402402000813,216.68805056082223,218.97589111328125,6950600,0.0076,210.17816848754882,205.72188446044922,72.69,0.010373047057791547
JNJ,2026-01-26,219.04554118755243,220.8559091761748,218.83664498443017,220.3187713623047,6856700,0.0061,210.86004409790038,206.29648803710938,82.42,0.010289417148855316
JNJ,2026-01-27,220.8260589167103,224.30755083656837,219.53293031085727,223.25315856933597,8154100,0.0133,211.69609909057618,206.9187091064453,83.91,0.010480985289159552
JNJ,2026-01-28,225.20279620683007,227.36133465606517,224.8844962516997,226.5158233642578,9026500,0.0146,212.69876937866212,207.58918212890626,84.23,0.01069045196228367
JNJ,2026-01-29,227.60005551381823,228.78376524947475,225.87920796420136,226.0880889892578,9645300,-0.0019,213.7123809814453,208.23765777587892,88.14,0.010647681981490026
JNJ,2026-01-30,227.0529476880107,227.29168402374904,224.13844891577625,226.0482940673828,11045500,-0.0002,214.722013092041,208.8131817626953,92.46,0.010657059681386399
JNJ,2026-02-02,227.1126574729716,229.9674761357676,226.0483083177362,229.52980041503903,8187500,0.0154,215.88582611083984,209.45003295898437,91.91,0.010892967311164818
JNJ,2026-02-03,230.27582535252645,233.9562566745925,229.26121487432323,231.86737060546875,9346600,0.0102,217.3177146911621,210.08401611328125,91.37,0.009846210866168398
JNJ,2026-02-04,233.75731392991355,234.58292668984652,231.7082096916197,233.2301177978516,8641400,0.0059,218.7938674926758,210.73418365478517,89.84,0.00979518007142181
JNJ,2026-02-05,233.75732242542816,238.31310525407036,233.74738076944124,236.53256225585935,10267500,0.0142,220.3008560180664,211.4339923095703,90.89,0.009831864148348418
JNJ,2026-02-06,237.6963798882826,239.6659053461298,236.72155122592875,238.72093200683597,8274000,0.0093,222.00380325317383,212.1350653076172,95.25,0.0091570565254631
JNJ,2026-02-09,238.9795539163597,239.466968252147,235.78652177255736,237.3780670166016,9378500,-0.0056,223.70724716186524,212.771083984375,91.74,0.009076841555936679
JNJ,2026-02-10,238.71098513165373,239.22823962936928,236.62209900682328,237.0896148681641,6723300,-0.0012,225.13117752075195,213.3836279296875,91.41,0.008192838657215087
JNJ,2026-02-11,238.07436773043472,239.9842129594366,236.14462401145656,239.5863342285156,6803900,0.0105,226.48448333740234,214.05883850097655,92.06,0.007740493320332063
JNJ,2026-02-12,239.2083355857912,245.0473052999273,238.4125629565728,243.2568206787109,10254300,0.0153,227.7776092529297,214.83889190673827,92.63,0.007022765612072304
JNJ,2026-02-13,243.2965992223984,243.6546961418469,241.3270737544817,242.16262817382807,13268500,-0.0045,228.9652946472168,215.59546966552733,88.69,0.007381447226519658
JNJ,2026-02-17,242.83904656516387,243.19714349398103,240.5909877205504,242.04327392578125,12703000,-0.0005,230.1922721862793,216.35145080566406,86.97,0.007183847012202923
JNJ,2026-02-18,241.9537577453205,243.7740825673282,241.53598051736645,243.6945037841797,8129700,0.0068,231.52419204711913,217.19715515136718,86.08,0.006968205991275096
JNJ,2026-02-19,243.3264406566298,245.6540782344269,242.97830056910783,245.60433959960935,7553900,0.0078,232.9615509033203,218.0919982910156,88.59,0.006795375749651185
JNJ,2026-02-20,245.16666739827664,245.5745029602623,239.00939770123207,241.2077178955078,13565800,-0.0179,234.15520553588868,218.90507598876954,75.57,0.00865900200886186
JNJ,2026-02-23,242.3416882762172,245.5048651358389,241.3171361352881,244.5399932861328,9622700,0.0138,235.43341064453125,219.81782348632814,75.45,0.008855928730754926
JNJ,2026-02-24,245.3500061035156,247.25,244.5399932861328,246.27999877929688,7246300,0.0071,236.73147201538086,220.63446716308593,74.94,0.008861899523121143
JNJ,2026-02-25,244.8600006103516,247.25,243.72000122070312,245.1699981689453,7698200,-0.0045,237.82731399536132,221.3598779296875,70.84,0.008943453942468349
JNJ,2026-02-26,245.1100006103516,245.47000122070312,242.0200042724609,243.47000122070312,7172600,-0.0069,238.6750228881836,222.02005462646486,62.83,0.008986684594443047
JNJ,2026-02-27,244.02999877929688,248.94000244140625,242.5,248.42999267578125,16428600,0.0204,239.79211807250977,222.7279052734375,66.28,0.009622129100207119
JNJ,2026-03-02,249.19000244140625,251.7100067138672,246.8699951171875,248.55999755859372,9042400,0.0005,240.9177032470703,223.5352407836914,69.55,0.00960435619366217
JNJ,2026-03-03,246.4600067138672,247.8800048828125,244.3600006103516,246.75,6178700,-0.0073,241.77871322631836,224.2858853149414,66.04,0.009627652061147947
JNJ,2026-03-04,245.75,246.57000732421875,243.17999267578125,245.3000030517578,5455830,-0.0059,242.45034484863282,225.04771636962892,59.83,0.009725510404682057
JPM,2025-03-05,246.2017318631641,247.9655681565044,242.8504503819176,246.47610473632807,7861400,,246.47610473632807,246.47610473632807,,
JPM,2025-03-06,243.1248111911068,244.3496953684526,238.950411297504,241.5863494873047,9983200,-0.0198,244.03122711181638,244.03122711181638,,
JPM,2025-03-07,240.30266509821263,241.7627323707991,234.6094060276731,237.4119415283203,20498700,-0.0173,241.82479858398438,241.82479858398438,,0.0017677669529663704
JPM,2025-03-10,231.46391270541537,232.73778024903007,224.10479922419384,227.5540771484375,18887200,-0.0415,238.25711822509766,238.25711822509766,,0.013309019498069721
JPM,2025-03-11,227.09352369484048,228.63198537977485,222.13519499810545,224.5359649658203,18143000,-0.0133,235.51288757324218,235.51288757324218,,0.012636817901143732
JPM,2025-03-12,229.298317837304,229.6118953635389,222.6937369749249,223.3208770751953,16054000,-0.0054,233.48088582356772,233.48088582356772,,0.01347378937047778
JPM,2025-03-13,224.69276414889097,224.8887426335129,219.72462657901625,220.66534423828125,16467900,-0.0119,231.65009416852678,231.65009416852678,,0.01244025723206719
JPM,2025-03-14,223.53646161747008,228.4556007389401,223.007318223366,227.7696685791016,11962100,0.0322,231.16504096984863,231.16504096984863,,0.022177616343211158
JPM,2025-03-17,226.53496075554796,230.9347498826832,225.82944126080733,229.22970581054688,9586000,0.0064,230.9500037299262,230.9500037299262,,0.021434268290353584
JPM,2025-03-18,229.6118912936414,231.42471087138168,228.82796244414868,230.2488250732422,10344900,0.0044,230.8798858642578,230.8798858642578,,0.020528827968926473
JPM,2025-03-19,231.003350750558,237.46093622614148,230.1704235702104,234.30563354492188,10120600,0.0176,231.1913174715909,231.1913174715909,,0.02090179152342901
JPM,2025-03-20,231.80687167408396,236.90238671351167,231.45410444315897,234.2076416015625,8328500,-0.0004,231.44267781575522,231.44267781575522,,0.01987472584144816
JPM,2025-03-21,233.03175603733484,237.43154526163565,231.7480798478655,236.77500915527344,19326900,0.011,231.8528571495643,231.8528571495643,,0.019467891202664657
JPM,2025-03-24,240.5476581024116,243.69316735348227,239.49916498685465,243.0758209228516,9422700,0.0266,232.65449741908483,232.65449741908483,46.49,0.02038562213285603
JPM,2025-03-25,244.30068326517667,246.76026012430495,242.6446375582317,246.0841217041016,9287700,0.0124,233.5498057047526,233.5498057047526,49.62,0.019904712568072476
JPM,2025-03-26,247.52459140779072,249.5529917555044,244.7612456285821,245.9861297607422,12779300,-0.0004,234.32707595825195,234.32707595825195,54.72,0.019181047193221005
JPM,2025-03-27,244.51627067852735,245.6039683943203,242.2134825115156,243.1345977783203,8022500,-0.0116,234.8451654770795,234.8451654770795,56.31,0.018757749509647117
JPM,2025-03-28,241.9783222140493,244.49667631604888,236.2654605973164,237.9705047607422,11978400,-0.0212,235.018795437283,235.018795437283,62.82,0.01883117331010721
JPM,2025-03-31,234.5996231402057,240.92002258119436,232.5908100746605,240.37127685546875,13603000,0.0101,235.30050498560854,235.30050498560854,69.79,0.018486363990649197
JPM,2025-04-01,237.74509401166455,240.75341646901336,236.04006495315247,238.7642059326172,8054700,-0.0067,235.47369003295898,235.47369003295898,69.12,0.01800932669350013
JPM,2025-04-02,236.74561869740597,242.28208917285224,236.6084322682575,240.88082885742188,7758800,0.0089,235.19392623901368,235.7311728341239,75.36,0.01768304198050241
JPM,2025-04-03,229.56290134081743,230.41541595904243,222.73294584761328,224.0950164794922,17188500,-0.0697,234.31935958862306,235.2022566361861,46.29,0.02315094405259353
JPM,2025-04-04,212.2834044818624,214.63980786720015,205.9930827481223,207.32411193847656,27170700,-0.0748,232.81496810913086,233.9901633884596,33.11,0.028015452033325804
JPM,2025-04-07,202.87751892186452,218.92867162545016,199.318263676067,211.42564392089844,22914400,0.0198,232.0085464477539,233.0499750773112,36.14,0.02731367500182396
JPM,2025-04-08,220.3780027140348,224.63726902095289,210.25236301213724,213.82147216796875,19485700,0.0113,231.47282180786132,232.2808349609375,34.54,0.027393431790543474
JPM,2025-04-09,209.51290511747,234.14175911605213,208.03399049311145,231.0458984375,24022400,0.0806,231.85907287597655,232.23333740234375,48.1,0.033015978587727236
JPM,2025-04-10,226.76691650517765,227.11200261323083,217.00608568202185,223.91754150390625,18896400,-0.0309,232.0216827392578,231.92534496166087,42.69,0.03371001100719582
JPM,2025-04-11,223.12876931722607,235.22629475740231,221.83718632835735,232.87974548339844,20284500,0.04,232.27718658447264,231.95943069458008,44.37,0.03412907542658729
JPM,2025-04-14,233.7670966934882,236.4094167729895,230.3458732012692,231.4205474853516,13017800,-0.0063,232.3867286682129,231.9408485149515,41.77,0.03415457548141668
JPM,2025-04-15,232.7811727531539,235.29531563163076,229.5472805772304,229.85292053222656,10912900,-0.0068,232.3669334411621,231.87125091552736,41.09,0.03418830016864033
JPM,2025-04-16,228.73880396905287,230.29659590484752,224.72600824712575,226.3824005126953,9322300,-0.0151,231.97077178955078,231.6941912251134,40.81,0.03410803887340158
JPM,2025-04-17,227.5556737150443,231.04590571903623,227.30918793654973,228.69937133789065,9557900,0.0102,231.6953582763672,231.6006031036377,44.75,0.03420269456913408
JPM,2025-04-21,227.38804889454264,228.55145446439505,223.1583448139033,225.77110290527344,8716200,-0.0128,231.1451629638672,231.42395158247515,41.78,0.03419078977243956
JPM,2025-04-22,228.71908031334863,232.6727218450888,228.1176544095649,232.27833557128903,10701400,0.0288,230.60528869628905,231.4490805233226,46.54,0.03429042984489066
JPM,2025-04-23,236.8432467380296,243.3208849193309,236.6263380579327,237.4939727783203,14126800,0.0225,230.17578125,231.62179173060827,48.25,0.034582296581373906
JPM,2025-04-24,236.36999583866177,242.0194453891773,234.2403552074537,241.20111083984372,9055200,0.0156,229.93653030395507,231.88788392808704,60.21,0.03478636264854072
JPM,2025-04-25,241.2109779890276,242.167344017777,238.35174896231777,240.1264495849609,8588600,-0.0045,229.7861228942871,232.1105478647593,74.1,0.034702229565866584
JPM,2025-04-28,241.12224659361283,243.3701956996928,237.45453699015647,239.80108642578125,7394300,-0.0014,229.87765197753907,232.3129304584704,72.07,0.03434771730713012
JPM,2025-04-29,238.7855619708841,241.80254545200495,238.29259042052325,241.181396484375,7216800,0.0058,229.91815795898438,232.54032702323718,71.62,0.034300788313789056
JPM,2025-04-30,237.8193419445802,241.7729683625272,235.07840628381985,241.181396484375,12991700,0.0,230.03901748657228,232.75635375976563,61.01,0.03425714524008093
JPM,2025-05-01,239.4264070028952,244.95754812328784,238.7658269637409,243.4194793701172,8689600,0.0093,230.16595001220702,233.01642999416444,73.69,0.03426207969845318
JPM,2025-05-02,247.72805089612245,250.0548771482027,245.9533654016641,248.96047973632807,7165000,0.0228,231.40922317504882,233.39605022612074,71.31,0.030208093634862675
JPM,2025-05-05,247.64918980005876,251.57325431514832,247.0674869601665,249.00979614257807,5450700,0.0002,233.4935073852539,233.7591605962709,74.21,0.02362653448093788
JPM,2025-05-06,246.485764667048,249.09850775479987,245.49982160837985,245.74630737304688,6369900,-0.0131,235.20954055786132,234.03159575028852,70.9,0.024010565656766483
JPM,2025-05-07,246.3378940915429,248.90133717219615,245.33222789860997,245.8843536376953,8724100,0.0006,236.81268463134765,234.2949903700087,78.11,0.024047888078844486
JPM,2025-05-08,248.03371181647788,252.283124152028,248.0139887421597,249.9069976806641,8320100,0.0164,237.75573959350587,234.6343818332838,79.14,0.016995890370136053
JPM,2025-05-09,250.92252890731987,251.91832606188876,248.7928881161782,249.52249145507807,5087600,-0.0015,239.03598709106444,234.95115012310922,85.09,0.014962313183110186
JPM,2025-05-12,259.2044446904927,259.8946169218072,255.0635015683959,256.3945007324219,9603900,0.0275,240.21172485351562,235.39788659413657,85.24,0.013650444372947958
JPM,2025-05-13,257.3607186160682,259.9636227659981,256.7297306967061,259.3128967285156,8589000,0.0114,241.60634231567383,235.8859480254504,84.18,0.013457827892306639
JPM,2025-05-14,259.30304054504273,262.8918879441619,258.60302935469,261.90594482421875,8643100,0.01,243.20899353027343,236.40634796142578,83.61,0.013151116622593375
JPM,2025-05-15,263.2172398355203,265.7313827931952,261.03831393296224,263.7299194335937,9214600,0.007,245.07636947631835,236.7514242553711,87.41,0.012116513307748284
JPM,2025-05-16,263.7397655019056,264.6862624037603,260.9889759714906,263.7989196777344,8932900,0.0003,246.83134689331055,237.1956756591797,88.34,0.012212567944108759
JPM,2025-05-19,261.817181246086,264.5482629218792,258.2480719963219,261.1566162109375,12145000,-0.01,248.60062255859376,237.67056915283203,80.68,0.011984607452456374
JPM,2025-05-20,258.8297593604445,262.9115780411088,258.6128506853088,261.9453430175781,8436300,0.003,250.0839729309082,238.35839447021485,81.14,0.01089743934190622
JPM,2025-05-21,260.6340439477094,261.91575784118834,257.064935021364,257.3705749511719,7464000,-0.0175,251.0778030395508,239.01508666992189,69.55,0.011387734629855015
JPM,2025-05-22,255.79307750804892,258.6128603010642,255.2310827258566,257.0057983398437,6514100,-0.0014,251.86803741455077,239.68878509521485,63.19,0.011114972121564546
JPM,2025-05-23,253.20005483078515,258.30723306371834,252.40144329619352,257.04522705078125,6671800,0.0002,252.7139762878418,240.41638275146485,63.17,0.010991604451628152
JPM,2025-05-27,258.35653699260183,261.5706910214846,258.30722178470336,261.56085205078125,7506600,0.0176,253.8019645690918,241.09220642089844,74.91,0.011362454330867596
JPM,2025-05-28,262.49747628554394,262.9707397963694,259.2044300052784,259.7861328125,5535400,-0.0068,254.73220138549806,241.7033349609375,70.82,0.011628685041287895
JPM,2025-05-29,261.0777263969251,261.6791673467857,258.83964634422205,260.6537780761719,5081200,0.0033,255.7058204650879,242.3114340209961,67.78,0.011595292828966108
JPM,2025-05-30,259.74671429323007,261.600261993738,259.0368340780119,260.2889709472656,10977700,-0.0014,256.54929504394534,242.83110076904296,67.82,0.011583022966938758
JPM,2025-06-02,259.3227361836595,261.3044913883967,258.21848475626587,260.939697265625,6011200,0.0025,257.1482559204102,243.36574188232422,59.47,0.010648018100739846
JPM,2025-06-03,260.02276495317653,262.83267850504353,259.184707363763,262.52703857421875,6998400,0.0061,257.82411804199216,243.88078247070314,57.09,0.0106651375000389
JPM,2025-06-04,262.182005216077,263.3651188956681,260.4664437433463,260.5058898925781,5915700,-0.0077,258.5620971679688,244.22938385009766,46.83,0.010306135117134393
JPM,2025-06-05,261.0185820125706,261.0185820125706,256.6508610440278,258.267822265625,8173800,-0.0086,259.18127059936523,244.47305786132813,37.86,0.01061853394578997
JPM,2025-06-06,260.61431507286125,262.90171018684686,260.5453219261883,261.9946594238281,7738100,0.0144,259.78565368652346,244.79322845458984,46.55,0.010489573770880112
JPM,2025-06-09,262.26085974590114,264.13414558351,259.6481165969787,262.9904479980469,8285000,0.0038,260.45905151367185,245.19034545898438,53.74,0.010452210796109833
JPM,2025-06-10,262.1425742010461,265.12011173513696,262.1129971095637,264.8243408203125,7538100,0.007,260.8805435180664,245.72742218017578,55.63,0.008758598782429646
JPM,2025-06-11,264.9031944101953,265.8299833646017,262.05383439482847,264.3806457519531,7434100,-0.0017,261.1339309692383,246.20760955810547,66.36,0.008477181445690369
JPM,2025-06-12,263.108754096244,264.518675558384,261.41296089523235,264.4693603515625,6618000,0.0003,261.2621017456055,246.72171264648438,67.65,0.008208698851956039
JPM,2025-06-13,261.3537637738832,263.2664956490745,259.0170836192922,261.2256164550781,7098300,-0.0123,261.1368865966797,247.1286083984375,58.58,0.008534787944826575
JPM,2025-06-16,263.2467856983216,267.91030700344754,263.0989002634007,266.5595397949219,8566000,0.0204,261.27491760253906,247.9778988647461,59.93,0.00972724875908146
JPM,2025-06-17,264.4003547444176,266.78632001973784,264.0355305500715,265.7313537597656,6739300,-0.0031,261.50365447998047,249.14604370117186,62.27,0.009451453522300667
JPM,2025-06-18,266.2046518031783,273.8161341619834,265.92858892337074,270.1089782714844,9586400,0.0165,261.9118362426758,250.31971038818358,67.05,0.010070728819075985
JPM,2025-06-20,271.6963331378996,273.40199535536493,269.96106374392457,271.13433837890625,13969700,0.0038,262.6000244140625,251.46596771240235,69.1,0.009018021430797054
JPM,2025-06-23,271.19352924792304,274.63446132493044,268.2849848254327,274.3583984375,8094600,0.0119,263.4676544189453,252.33221771240235,71.67,0.009192725957316194
JPM,2025-06-24,276.2711076585184,278.7359654088068,275.580965541595,277.3063659667969,9267900,0.0107,264.48071136474607,253.39999420166015,72.86,0.009304909569966938
JPM,2025-06-25,277.5429742316298,280.283894762949,276.96127143090536,280.0669860839844,6826900,0.01,265.40601806640626,254.34373901367186,79.58,0.008857614921933685
JPM,2025-06-26,280.69798294148404,285.34176602692577,280.47120522055536,284.6910400390625,8942100,0.0165,266.65126342773436,255.4091488647461,87.26,0.008969398266503559
JPM,2025-06-27,281.79238274090324,284.6417726184297,281.0332174188349,283.0740966796875,17868600,-0.0057,267.7722793579102,256.4735723876953,81.61,0.009260163690720944
JPM,2025-06-30,286.31784977059453,288.5362215871362,284.8586733435247,285.8347473144531,12689200,0.0098,269.04956817626953,257.6626193237305,82.53,0.009244235757316083
JPM,2025-07-01,286.80096120516055,287.03757788649216,282.56138843689246,286.32769775390625,9338300,0.0017,270.31896820068357,258.8151858520508,81.84,0.009256116043488515
JPM,2025-07-02,287.93486241282807,288.703896910252,285.62775892055635,287.8954162597656,8158700,0.0055,271.58738708496094,260.05767211914065,83.7,0.009252277102364937
JPM,2025-07-03,289.43094323142554,293.6413883261785,288.4996894270786,293.2451171875,6541600,0.0186,273.224348449707,261.27700775146485,85.83,0.009272078912974166
JPM,2025-07-07,292.50209620860613,293.28475211178096,287.38020030669605,289.25262451171875,8825700,-0.0136,274.7735885620117,262.3121807861328,84.26,0.009741278150222339
JPM,2025-07-08,286.5777506799395,287.0037716436535,277.7011499441943,280.1481628417969,15440900,-0.0315,275.68126373291017,263.0911218261719,65.21,0.012582489921775342
JPM,2025-07-09,284.5072025788075,284.5270357878685,279.8509637155815,280.5246276855469,11273800,0.0013,276.55797271728517,263.8990853881836,66.73,0.012591035867255938
JPM,2025-07-10,280.3661434799506,285.6267213505897,280.3661434799506,285.5078430175781,8410900,0.0178,277.59214782714844,264.8132205200195,67.18,0.012983328378712173
JPM,2025-07-11,282.86263015148194,284.70533469446724,281.0100392381615,284.1901550292969,7384700,-0.0046,278.58262329101564,265.67339569091797,64.47,0.013064455595240054
JPM,2025-07-14,284.39825755240173,286.60748367671823,282.6051055730771,286.0130920410156,9079900,0.0064,279.6598098754883,266.5700296020508,63.33,0.01305210106095039
JPM,2025-07-15,285.3196042033426,289.2328539238584,282.82306855064246,283.8830871582031,12526100,-0.0074,280.79268341064454,267.3793017578125,57.67,0.012772936026491375
JPM,2025-07-16,285.7158562387447,288.0241878683028,280.3760366699049,283.1598815917969,9979800,-0.0025,281.6227005004883,268.0632897949219,53.78,0.012265333046307437
JPM,2025-07-17,280.8020357673763,287.5981754634707,280.8020357673763,287.201904296875,8509500,0.0143,282.69622802734375,268.82713195800784,53.12,0.012418190180876608
JPM,2025-07-18,286.825430293332,289.7777063567027,285.54745807447995,288.55914306640625,12217000,0.0047,283.61873626708984,269.683388671875,56.85,0.012067148749699226
JPM,2025-07-21,288.29168247329045,291.4420791700386,287.8755780824213,288.261962890625,7898100,-0.001,284.4751174926758,270.53094085693357,53.23,0.012106130460921082
JPM,2025-07-22,288.7870071326712,290.8971880427412,286.4885921354602,288.7176513671875,6717500,0.0016,285.19308013916014,271.3071539306641,53.18,0.011931916509050278
JPM,2025-07-23,290.11454735759395,294.2259174432094,289.82723790945846,293.9980773925781,7083500,0.0183,286.02766571044924,272.19666564941406,57.4,0.01231724935117198
JPM,2025-07-24,294.6519062776982,296.80169301766455,293.443259686642,293.7899780273437,7001200,-0.0007,286.7138153076172,272.9445751953125,50.75,0.012229725434797199
JPM,2025-07-25,293.9386151952536,296.1181215809882,293.20548184137607,295.8407287597656,5918500,0.007,287.2712997436523,273.6751318359375,59.65,0.011834427920711906
JPM,2025-07-28,294.8896814285751,296.64319715105114,294.05750293823644,295.50390625,5840400,-0.0011,287.89279022216795,274.34709106445314,80.25,0.011721060666931724
JPM,2025-07-29,297.2079252413877,298.4859277853207,293.4433036150849,294.2754821777344,7635700,-0.0042,288.31482696533203,274.95800231933595,76.21,0.01166308165470043
JPM,2025-07-30,294.65191611543503,297.8121988713861,294.6122799312847,296.8413391113281,8061700,0.0087,288.84050903320315,275.6188507080078,73.79,0.011772966356959678
JPM,2025-07-31,296.3559134765009,298.17878493737805,292.7497765059144,293.4828796386719,14749700,-0.0113,289.11988220214846,276.2653759765625,67.97,0.012095993247004487
JPM,2025-08-01,287.6972620199026,289.0842262737886,281.5945890692511,286.6768493652344,12007100,-0.0232,288.79146881103514,276.76000610351565,51.08,0.012506440446089293
JPM,2025-08-04,287.5585597880286,291.5807709484115,287.5585597880286,291.5213317871094,6649500,0.0169,288.9049041748047,277.4430212402344,61.38,0.012752703531738682
JPM,2025-08-05,291.9473110106125,293.03707931410463,284.56663635989554,288.658203125,7182300,-0.0098,289.33040618896484,278.0760693359375,57.7,0.010636649650593594
JPM,2025-08-06,289.5795679968632,290.5603746805144,287.4595005797776,288.638427734375,6330200,-0.0001,289.73609619140626,278.7079333496094,52.27,0.010643055556509443
JPM,2025-08-07,290.21362859909465,290.72877810831733,283.7444041002437,284.2694702148437,8057100,-0.0151,289.6741775512695,279.16210571289065,43.82,0.010531430402171808
JPM,2025-08-08,286.2904634268994,288.5195225943897,282.0601851240125,286.072509765625,6634100,0.0063,289.76829528808594,279.6878332519531,46.98,0.010571256958574497
JPM,2025-08-11,286.70653676779995,288.6086805550258,286.0923119695598,286.86505126953125,5510100,0.0028,289.8108932495117,280.2120587158203,47.46,0.010493902991737592
JPM,2025-08-12,288.78700908878795,292.00676133420325,287.6378015823982,290.1244506835937,8570900,0.0114,290.1229614257812,280.8087683105469,44.39,0.010617636767488092
JPM,2025-08-13,291.21423332900423,291.808624970505,284.48741907286416,287.8260498046875,8420400,-0.0079,290.3562698364258,281.34649536132815,41.85,0.010782715213174287
JPM,2025-08-14,287.8755435263192,291.46187739425125,286.9443199700671,291.4222412109375,6322400,0.0125,290.5672866821289,281.9243994140625,44.21,0.010671748241329299
JPM,2025-08-15,292.0959281808534,292.7497892060912,287.1226600740198,287.7864074707031,7340500,-0.0125,290.5286499023438,282.470009765625,40.69,0.011027196045757876
JPM,2025-08-18,287.3009827951957,289.1832935323159,285.7257844830691,288.8167419433594,5386900,0.0036,290.55638885498047,283.0809881591797,43.38,0.011054715592999417
JPM,2025-08-19,288.12323486532705,289.7579025190641,286.83534604543564,287.954833984375,6031500,-0.003,290.5182479858398,283.6001916503906,38.76,0.011071019541316405
JPM,2025-08-20,288.1034577259254,290.5999934515376,284.59639568977303,289.5201416015625,7374200,0.0054,290.2943511962891,284.13078552246094,44.75,0.010292883335995808
JPM,2025-08-21,289.2229206266122,290.04518252461884,286.77590767522184,288.7572937011719,6624000,-0.0026,290.04271697998047,284.6094445800781,53.28,0.010301502189895423
JPM,2025-08-22,290.4711947382056,294.3943304858857,287.42976002403793,293.4828796386719,8552800,0.0164,289.9248245239258,285.1914892578125,53.11,0.01087505111905707
JPM,2025-08-25,293.4828900064588,294.58257497799383,291.4024588552954,292.1553649902344,5856300,-0.0045,289.7573974609375,285.7452093505859,55.82,0.010914061427447823
JPM,2025-08-26,291.42226929827126,295.9596301346493,290.7684082615478,295.7912292480469,6714700,0.0124,289.83318481445315,286.4365216064453,60.62,0.011244863154721813
JPM,2025-08-27,294.48349281779485,298.2679473154416,294.2754557542009,296.4945983886719,6056500,0.0024,289.8158477783203,287.0352227783203,70.38,0.011084862841304149
JPM,2025-08-28,297.2277289724018,298.43637574745594,295.92003707552567,298.2679748535156,6410500,0.006,290.0551025390625,287.68595520019534,70.35,0.010828281683190805
JPM,2025-08-29,299.228909855917,300.1304440767961,296.9404115388967,298.6146850585937,6796400,0.0012,290.6519943237305,288.2560693359375,69.9,0.009230264864763273
JPM,2025-09-02,297.4654912302876,297.6636116910732,291.7590898491636,296.91070556640625,7221900,-0.0057,290.9214630126953,288.7715966796875,62.13,0.00868927954132951
JPM,2025-09-03,297.77260531660534,297.77260531660534,293.62159918539595,296.72247314453125,6316900,-0.0006,291.3246765136719,289.2188781738281,67.2,0.008325585169887567
JPM,2025-09-04,297.2079158871201,301.5966788556673,295.50392262669186,300.99237060546875,6605800,0.0144,291.94237365722654,289.6925982666016,68.04,0.008803855315772277
JPM,2025-09-05,300.82391058861464,302.3099500253114,291.57084199080845,291.64019775390625,9837700,-0.0311,292.3109100341797,289.9240625,55.98,0.010924837708056244
JPM,2025-09-08,292.1454512845812,293.7008161999689,288.7275485985168,290.1838684082031,8188500,-0.005,292.51647796630857,290.03391906738284,52.09,0.010947270748552099
JPM,2025-09-09,289.8767732101451,296.21720226202,289.58946377934626,295.0779113769531,7848200,0.0169,292.9271209716797,290.2739953613281,59.7,0.011523078673048377
JPM,2025-09-10,293.93863182647567,298.73358242665296,292.6507127572817,297.7428894042969,7787300,0.009,293.3080429077148,290.512158203125,60.88,0.011426482398358613
JPM,2025-09-11,298.43635491424595,302.8845871215956,297.99056119650595,302.7161560058594,7942500,0.0167,294.05254821777345,290.83992736816407,66.61,0.011697479485589562
JPM,2025-09-12,302.1613616302637,304.6876166586702,300.8734728380468,304.0535888671875,6846700,0.0044,294.6841156005859,291.1630908203125,63.68,0.011474589775949073
JPM,2025-09-15,304.3111754287576,307.0653006989229,304.3111754287576,306.0250549316406,7122000,0.0065,295.59604797363284,291.4186895751953,67.66,0.010969786257093389
JPM,2025-09-16,307.11483685892506,308.00645453212775,304.271552722793,306.3123779296875,10525600,0.0009,296.47082977294923,291.7598846435547,64.64,0.0109804359514643
JPM,2025-09-17,307.5012132983712,309.99774876224666,305.8962652499324,308.8485412597656,8657800,0.0083,297.51551513671876,292.3338922119141,66.36,0.010945852374782216
JPM,2025-09-18,308.8881884357977,310.5228258893637,306.7284546518725,310.3147888183594,8050700,0.0047,298.5552474975586,292.9296954345703,66.08,0.01094081085227518
JPM,2025-09-19,310.6813313111796,312.8608377743073,306.2430157804659,311.850341796875,23568600,0.0049,299.70989990234375,293.45654541015625,67.13,0.010847599783022546
JPM,2025-09-22,306.9166908790444,310.78041791156915,306.6789342248159,309.5321350097656,7520200,-0.0074,300.5123626708984,293.9633850097656,66.08,0.010709887217451242
JPM,2025-09-23,308.9178945679837,313.3660964063979,307.68941470486936,309.8293151855469,8584400,0.001,301.39606018066405,294.43970947265626,66.65,0.010584620173181724
JPM,2025-09-24,311.12713244988527,313.633584594132,308.76930844625,310.5030212402344,7310500,0.0022,302.13164978027345,294.97210815429685,63.3,0.010350757663597653
JPM,2025-09-25,311.1964927670822,312.7122519083539,308.8980776591185,310.5327453613281,7083200,0.0001,302.83355712890625,295.5195654296875,85.73,0.010364519436900775
JPM,2025-09-26,311.96923117025176,314.8521515347066,310.78041766649494,313.1184387207031,7258100,0.0083,303.5760803222656,296.03789611816404,91.59,0.010419529992430423
JPM,2025-09-29,314.1091367340854,315.0503072271631,310.74078640307744,312.7518920898437,6462400,-0.0012,304.2829406738281,296.5217510986328,88.35,0.010448886870959247
JPM,2025-09-30,313.3066687483855,314.45587628391564,307.22379907069933,312.4942932128906,11823300,-0.0008,305.06212005615237,297.00639770507814,85.74,0.010306303640822996
JPM,2025-10-01,311.0478755707353,311.66210037984325,304.54893205251216,307.8182067871094,9235200,-0.015,305.6169067382813,297.3884088134766,62.54,0.011020597939647723
JPM,2025-10-02,307.11483202977473,307.66961769475733,303.29077153660535,304.6876220703125,7600000,-0.0102,305.8016693115234,297.6021997070313,51.43,0.010923244168189867
JPM,2025-10-03,305.63868886394835,308.7593655809934,305.34146284155645,307.14453125,6029900,0.0081,306.57688598632814,297.8692907714844,52.47,0.008068300544985278
JPM,2025-10-06,308.78713549615594,310.3500927332471,303.759824574425,307.7916259765625,7214500,0.0021,307.45727386474607,298.1083087158203,53.22,0.00786911852215918
JPM,2025-10-07,307.9608684999428,308.617908412618,303.3317554221121,306.3083190917969,8454200,-0.0048,308.01879425048827,298.32439697265625,44.21,0.007325291443815824
JPM,2025-10-08,306.82598699255016,307.3934347220047,302.1869088878288,302.6647644042969,6489900,-0.0119,308.26488800048827,298.4921826171875,34.13,0.007736820712465898
JPM,2025-10-09,303.68016451672463,306.65675861669814,302.0276454614978,304.15802001953125,7060300,0.0049,308.33698120117185,298.6385162353516,34.01,0.006864897361903738
JPM,2025-10-10,304.28744895257694,309.07584739868366,299.45922161840923,299.53887939453125,8597400,-0.0152,308.1112457275391,298.75963623046874,31.04,0.007601514738247155
JPM,2025-10-13,304.2277139599526,308.0703661064548,304.0783936087615,306.5870666503906,10788700,0.0235,308.13934631347655,299.15784057617185,45.1,0.009228324532882973
JPM,2025-10-14,304.46663636257074,305.62143108333873,292.8888554642275,300.7235107421875,16178800,-0.0191,307.8599029541016,299.3418841552734,37.23,0.010174988684850776
JPM,2025-10-15,305.014160038565,310.71840983834574,304.0684138931284,304.3172912597656,11354800,0.012,307.6333404541016,299.6550659179687,42.58,0.010382115188605493
JPM,2025-10-16,303.97881882847634,307.29385195347595,295.73600173818085,297.19940185546875,10549400,-0.0234,306.97757110595705,299.82628540039065,32.84,0.01145974533564747
JPM,2025-10-17,297.8166372560658,298.2048701782948,292.878918450451,296.22381591796875,10153500,-0.0033,306.19624481201174,300.0653723144531,32.42,0.011342397175386239
JPM,2025-10-20,297.15957582421487,302.3262723870789,296.8211062511852,301.0022277832031,6894900,0.0161,305.7697494506836,300.3639666748047,38.85,0.012006406184770006
JPM,2025-10-21,300.3054062195614,302.6846581805869,295.66632819879106,295.75592041015625,7372700,-0.0174,305.0660797119141,300.5417840576172,38.42,0.012512751390818097
JPM,2025-10-22,296.43284443493457,296.7215506882625,289.2353303984808,292.7892761230469,8054100,-0.01,304.1803924560547,300.59508056640624,38.54,0.012581582194871795
JPM,2025-10-23,293.05809154328034,295.0391457269973,291.1964936387067,293.2173767089844,5438800,0.0015,303.3146240234375,300.70290710449217,36.05,0.012602794176397184
JPM,2025-10-24,294.7504440610291,301.24118554737896,294.1232985857486,299.09088134765625,7228300,0.02,302.61324615478514,300.85627990722656,42.11,0.013391532084826834
JPM,2025-10-27,300.803156009706,303.1625086782835,299.6583261537955,302.7842102050781,5642200,0.0123,302.1148620605469,301.15623596191404,46.93,0.013779469854594675
JPM,2025-10-28,303.4910147760203,306.58706515142967,301.7986668365627,303.98876953125,6336000,0.004,301.68958587646483,301.45967651367187,51.21,0.013834544863454907
JPM,2025-10-29,302.14710352264194,306.86580891607514,301.649348763654,304.1381225585937,7520300,0.0005,301.5055816650391,301.78334228515627,49.98,0.013455043077245257
JPM,2025-10-30,304.41687231061707,311.20622431916547,303.7299682940369,308.05047607421875,7514600,0.0129,301.67372436523436,302.15394897460936,58.05,0.013570882141749752
JPM,2025-10-31,307.1544993342095,311.46504195719143,305.8702836157328,309.722900390625,7721300,0.0054,301.8026428222656,302.5732611083984,53.3,0.01350604055891091
JPM,2025-11-03,309.60346109874524,310.9175409580823,304.8349619855608,307.9608764648437,7770000,-0.0057,301.8111053466797,302.8628210449219,58.34,0.01357002404683124
JPM,2025-11-04,305.332725363194,310.8179927016808,303.7299695714597,307.861328125,7085200,-0.0003,301.88875579833984,303.1769403076172,54.44,0.013521460525285028
JPM,2025-11-05,308.2196835392686,311.6940323736288,304.2575751493287,310.2803955078125,6865200,0.0079,302.2695373535156,303.4667236328125,68.59,0.013301171297849525
JPM,2025-11-06,309.5934925630536,313.42621024981315,308.8667900648387,312.0126037597656,7206100,0.0056,302.66226654052736,303.7770837402344,71.97,0.013311976206646215
JPM,2025-11-07,310.4894827215045,313.0180550604519,306.2585672077333,312.7990417480469,7302300,0.0025,303.3252746582031,304.067705078125,68.46,0.012728314892396368
JPM,2025-11-10,313.58548301728496,318.1250037695683,312.7990220295163,315.4670104980469,5794100,0.0085,303.76927185058594,304.4047515869141,83.56,0.011819787156334577
JPM,2025-11-11,316.0742604403922,317.617287984815,313.86422817579216,314.20269775390625,5030200,-0.004,304.4432312011719,304.7505914306641,88.7,0.010879554702574687
JPM,2025-11-12,314.8398332015723,320.8029251766445,314.7900394999871,318.97119140625,10578300,0.0152,305.1759262084961,305.19556579589846,90.23,0.011052566979761057
JPM,2025-11-13,317.7965194699941,319.1902267414606,307.7120030298724,308.0903015136719,8973300,-0.0341,305.72047119140626,305.3375244140625,62.16,0.01252835100671144
JPM,2025-11-14,306.1291237470128,306.25854483769064,299.8773255538296,302.2466125488281,10327000,-0.019,306.02161102294923,305.5496527099609,49.31,0.013335843075198318
JPM,2025-11-17,302.6348834912671,304.2177399270206,296.3333218175865,299.02117919921875,8344000,-0.0107,305.92255859375,305.72639892578127,43.97,0.013093006369412368
JPM,2025-11-18,298.15508292828906,301.5896027135679,295.686208533325,298.06549072265625,8077300,-0.0032,306.038037109375,305.7861505126953,42.77,0.012484654791509337
JPM,2025-11-19,298.3939949218268,303.0828663383219,297.9261042618115,301.9081420898437,5546600,0.0129,306.49398040771484,305.86945556640626,42.67,0.012524414052897653
JPM,2025-11-20,304.9643777592117,308.52831879604355,296.8211173091691,297.0401306152344,7501600,-0.0161,306.6851181030273,305.75593505859376,35.94,0.013135933040408831
JPM,2025-11-21,299.93706770739834,300.3253006170368,291.4951361556371,296.6817321777344,11766800,-0.0012,306.5646606445313,305.6084979248047,37.1,0.012329728728821042
JPM,2025-11-24,296.9007472780177,298.4736693208262,293.18751624004057,296.6618347167969,10940200,-0.0001,306.2585418701172,305.4212335205078,37.17,0.011967653773488955
JPM,2025-11-25,298.70260864804214,303.13263800592705,294.23278078476807,301.6393737792969,8877200,0.0168,306.14107208251954,305.3277734375,40.65,0.012573233892929652
JPM,2025-11-26,303.6303853642607,307.1445325435829,301.83848048809654,306.258544921875,7910900,0.0153,306.2470932006836,305.2759735107422,44.14,0.013049908247307987
JPM,2025-11-28,307.7119943927136,312.3112434497268,306.85584041963983,311.6741027832031,4322400,0.0177,306.4282745361328,305.30315979003905,48.95,0.013332394265176243
JPM,2025-12-01,311.5447084439427,312.6298101472411,307.1545079277028,307.5328063964844,7727300,-0.0133,306.31876983642576,305.21680908203126,42.81,0.013635490649887045
JPM,2025-12-02,307.3535906208714,309.0857977944923,305.7110060363412,306.4974670410156,7249000,-0.0034,306.2455993652344,305.15611572265624,42.99,0.013596884318030139
JPM,2025-12-03,305.8205388774128,310.9573413023751,305.4223107621409,310.7283935546875,8535300,0.0138,306.3889526367187,305.1740972900391,42.43,0.013949664210257768
JPM,2025-12-04,311.8533290542866,317.0598245188333,311.594486851423,314.6805725097656,9627800,0.0127,306.6089614868164,305.25764831542966,56.94,0.0141228994712022
JPM,2025-12-05,314.22264749671507,317.0498909600222,313.26693645912985,313.6253356933594,6518900,-0.0034,306.6895980834961,305.31950012207034,63.32,0.014105111988585042
JPM,2025-12-08,313.64523530818684,315.0489074144988,311.9429224901236,313.7945556640625,7417200,0.0005,306.7393737792969,305.3330224609375,68.63,0.014096116486465311
JPM,2025-12-09,313.5357437758637,317.36843122488773,298.6727631596137,299.1605834960937,18049200,-0.0466,305.9240524291992,305.0611962890625,51.03,0.01739603403077837
JPM,2025-12-10,299.1506059920777,309.7926050217065,297.1197580970947,308.7174377441406,18874100,0.0319,305.64978942871096,304.9856591796875,55.77,0.019011361561472966
JPM,2025-12-11,307.85134172095206,316.57201448320507,307.85134172095206,315.9548034667969,9721900,0.0234,305.4989700317383,305.14839111328126,65.4,0.019455873825551723
JPM,2025-12-12,318.2444858866232,318.8318328758901,315.1783298378069,317.0896911621094,8982900,0.0036,305.94893951416014,305.3964324951172,66.41,0.017761833712826625
JPM,2025-12-15,318.15488497356307,321.43011981246894,316.9602917736724,318.5829467773437,10864100,0.0047,306.76575622558596,305.62520080566406,67.22,0.017094605951339683
JPM,2025-12-16,317.65713843404893,318.0852002489096,312.9881962174831,314.1330261230469,8331300,-0.014,307.52134857177737,305.75202880859376,59.9,0.017246662529923053
JPM,2025-12-17,317.0000717018951,317.93585302959536,313.247011955208,313.5655822753906,8718700,-0.0018,308.2963531494141,305.8971740722656,56.18,0.01722470991276621
JPM,2025-12-18,314.5810110073882,316.2733893580616,310.8179862048632,311.594482421875,11444900,-0.0063,308.7806701660156,306.07576843261717,49.93,0.017159465701410807
JPM,2025-12-19,312.38092757719465,317.12949684979,311.7836158143462,315.7855529785156,24494400,0.0135,309.7179412841797,306.3083190917969,57.41,0.01681555983699556
JPM,2025-12-22,316.0842305232393,321.778546068669,316.0842305232393,321.63916015625,8354600,0.0185,310.96581268310547,306.75032470703127,62.51,0.017119114432334624
JPM,2025-12-23,322.15681084289565,326.3080987754714,321.63915684610726,324.4664001464844,6668300,0.0088,312.35604095458984,307.1079113769531,61.62,0.017117814666229084
JPM,2025-12-24,324.7749981915486,328.5081586858931,324.0383309091034,327.6918640136719,4289300,0.0099,313.6586654663086,307.6472784423828,61.15,0.01692789274043223
JPM,2025-12-26,327.6321237138718,329.3742653747722,325.0736873353596,326.4375305175781,4158300,-0.0038,314.66761474609376,308.08968322753907,60.94,0.016811543653097394
JPM,2025-12-29,325.5316095182794,326.2981409033925,322.077190306029,322.29620361328125,8635300,-0.0127,315.19871978759767,308.5916192626953,56.8,0.016817253045607633
JPM,2025-12-30,323.35145488056963,323.48087598310644,321.0418654305578,321.9677124023437,7904300,-0.001,315.92046508789065,309.1064971923828,73.64,0.016457034170354323
JPM,2025-12-31,322.8835465614906,323.42113019633854,320.59388687095947,320.7730712890625,5048500,-0.0037,316.63424530029295,309.5019140625,65.12,0.016462749019017363
JPM,2026-01-02,321.0518034652283,324.2673099842148,319.2996970795839,324.0184326171875,8054000,0.0101,317.29874725341796,310.0671643066406,61.24,0.016348290591470326
JPM,2026-01-05,324.03834873814424,335.7355855973553,323.7297432174082,332.5400085449219,10752600,0.0263,318.1917190551758,310.86217895507815,67.86,0.017074094720550048
JPM,2026-01-06,332.6199951171875,335.8699951171875,330.6499938964844,334.6099853515625,7660800,0.0062,319.24095153808594,311.6900311279297,68.28,0.017022674506916365
JPM,2026-01-07,331.1400146484375,332.1499938964844,324.6000061035156,326.989990234375,9815200,-0.0228,319.9007232666016,312.2480133056641,63.67,0.017999090620303405
JPM,2026-01-08,326.3900146484375,331.3999938964844,325.6499938964844,329.7900085449219,11737100,0.0086,321.432194519043,312.78812927246094,66.47,0.013881911744576458
JPM,2026-01-09,329.3399963378906,331.8999938964844,328.1700134277344,329.19000244140625,6738100,-0.0018,322.45582275390626,313.2921539306641,68.38,0.01240811597726514
JPM,2026-01-12,321.8800048828125,326.0199890136719,321.2300109863281,324.489990234375,12805100,-0.0143,322.88258209228513,313.6991912841797,59.0,0.012049939943069353
JPM,2026-01-13,324.29998779296875,326.8599853515625,310.57000732421875,310.8999938964844,19371200,-0.0419,322.5730972290039,313.756181640625,40.43,0.015432974778904911
JPM,2026-01-14,308.20001220703125,311.760009765625,306.1199951171875,307.8699951171875,25951500,-0.0097,322.0374496459961,313.71912353515626,35.27,0.015494972868983204
JPM,2026-01-15,308.4700012207031,312.94000244140625,307.75,309.260009765625,14751400,0.0045,321.793798828125,313.7451062011719,33.09,0.015265961448509153
JPM,2026-01-16,310.3500061035156,317.2099914550781,310.0,312.4700012207031,14652500,0.0104,321.7390197753906,313.83727966308595,37.63,0.01546093208874002
JPM,2026-01-20,306.2099914550781,311.1499938964844,301.8599853515625,302.739990234375,12900600,-0.0311,321.2962951660156,313.6864715576172,34.24,0.016913961844084818
JPM,2026-01-21,303.42999267578125,305.3999938964844,301.1499938964844,302.0400085449219,10270100,-0.0023,320.60901794433596,313.4870196533203,34.03,0.016551415903814752
JPM,2026-01-22,304.8599853515625,308.20001220703125,302.8999938964844,303.6300048828125,10535800,0.0053,319.70856018066405,313.30363891601564,36.35,0.015939012054175663
JPM,2026-01-23,302.0,302.3699951171875,296.510009765625,297.7200012207031,11107900,-0.0195,318.371240234375,312.9486987304688,29.91,0.01611489258908957
JPM,2026-01-26,297.8099975585937,301.7799987792969,297.45001220703125,301.0400085449219,11752700,0.0112,317.0386474609375,312.68544494628907,23.86,0.01617711183643175
JPM,2026-01-27,301.3299865722656,301.9700012207031,298.1499938964844,300.3099975585937,11527400,-0.0024,315.7322708129883,312.3122210693359,20.89,0.016181506663309697
JPM,2026-01-28,300.2699890136719,301.9200134277344,298.04998779296875,300.7699890136719,9556700,0.0015,314.6559600830078,312.16581481933594,24.67,0.01609235189379363
JPM,2026-01-29,302.3999938964844,306.8299865722656,302.2200012207031,306.4200134277344,11580000,0.0188,313.87857513427736,312.24928283691406,28.6,0.016834522799733177
JPM,2026-01-30,305.25,307.92999267578125,302.5599975585937,305.8900146484375,11953200,-0.0017,313.1344223022461,312.38665954589845,28.64,0.016831896412528937
JPM,2026-02-02,304.4599914550781,309.29998779296875,301.3699951171875,308.1400146484375,9839400,0.0074,312.3405014038086,312.58815002441406,34.31,0.016738366737905786
JPM,2026-02-03,309.7300109863281,316.25,309.1000061035156,314.8500061035156,12688000,0.0218,311.4560012817383,312.8469873046875,54.37,0.01635870603556082
JPM,2026-02-04,314.4100036621094,319.3099975585937,314.4100036621094,317.2699890136719,9848800,0.0077,310.58900146484376,313.25158447265625,60.54,0.016404501147390494
JPM,2026-02-05,315.0,316.010009765625,305.5400085449219,310.1600036621094,9388000,-0.0224,309.7475021362305,313.5211499023437,50.89,0.016378692030549268
JPM,2026-02-06,314.7099914550781,324.25,314.7099914550781,322.3999938964844,17797400,0.0395,309.3780014038086,314.0359130859375,58.37,0.01876406139405857
JPM,2026-02-09,321.3399963378906,326.3999938964844,320.1099853515625,322.1000061035156,11477500,-0.0009,309.02350158691405,314.4451257324219,69.39,0.018762994795186876
JPM,2026-02-10,322.54998779296875,326.1300048828125,315.1199951171875,318.2799987792969,9902200,-0.0119,308.71300201416017,314.6855548095703,65.31,0.018680309785552535
JPM,2026-02-11,323.239990234375,325.2799987792969,308.7300109863281,310.82000732421875,8703500,-0.0234,308.70900268554686,314.6684729003906,56.1,0.01691154697396518
JPM,2026-02-12,312.2799987792969,313.6199951171875,300.0199890136719,302.6400146484375,13443400,-0.0263,308.4475036621094,314.5706170654297,54.02,0.017803722260128323
JPM,2026-02-13,298.5199890136719,304.2900085449219,296.5199890136719,302.54998779296875,9114500,-0.0003,308.11200256347655,314.4916674804688,51.3,0.017762381893381165
JPM,2026-02-17,302.760009765625,308.239990234375,302.5,307.1300048828125,8896800,0.0151,307.84500274658205,314.41969970703127,55.52,0.017950266821063345
JPM,2026-02-18,308.4599914550781,312.2799987792969,307.2200012207031,308.7799987792969,7209600,0.0054,308.1470031738281,314.3016882324219,56.36,0.016492585255836995
JPM,2026-02-19,307.1700134277344,309.17999267578125,305.1199951171875,308.04998779296875,6737700,-0.0024,308.44750213623047,314.19018127441404,51.4,0.016493694967599275
JPM,2026-02-20,308.3999938964844,311.0,305.67999267578125,310.7900085449219,7792700,0.0089,308.8055023193359,314.1300903320313,54.06,0.016561161763214788
JPM,2026-02-23,308.79998779296875,311.0,295.1000061035156,297.6700134277344,12955400,-0.0422,308.8030029296875,314.10027893066405,42.64,0.01870159295213559
JPM,2026-02-24,296.82000732421875,299.75,291.3800048828125,297.29998779296875,13554100,-0.0012,308.61600189208986,313.87192993164064,36.46,0.01852135325282115
JPM,2026-02-25,298.6400146484375,303.6600036621094,297.010009765625,303.29998779296875,8095500,0.0202,308.76550140380857,313.61883361816405,39.79,0.019077200500790665
JPM,2026-02-26,304.5799865722656,309.010009765625,303.6400146484375,306.1300048828125,7007800,0.0093,309.03350219726565,313.39963989257814,46.86,0.019174327683266035
JPM,2026-02-27,300.0,302.95001220703125,294.45001220703125,300.29998779296875,18620800,-0.019,308.72750091552734,313.03398071289064,30.85,0.019197658848493924
JPM,2026-03-02,294.8099975585937,299.9800109863281,293.2099914550781,297.5599975585937,8508900,-0.0091,308.31100006103514,312.70252014160155,29.6,0.019286616575941138
JPM,2026-03-03,292.2900085449219,302.3900146484375,289.5,300.260009765625,10278200,0.0091,307.91699981689453,312.4364086914062,34.73,0.01933016391141328
JPM,2026-03-04,299.989990234375,301.0,295.9100036621094,299.3900146484375,6594098,-0.0029,307.1440002441406,312.19231933593744,39.1,0.018563586314128647
MSFT,2025-03-05,386.3820118850688,398.6183524988304,385.85603973587394,397.9732666015625,23433100,,397.9732666015625,397.9732666015625,,
MSFT,2025-03-06,391.2845082082749,399.09471206990673,389.6966579412498,393.8746948242188,23304600,-0.0103,395.9239807128906,395.9239807128906,,
MSFT,2025-03-07,389.33936956128906,391.8005084637196,382.61088158953936,390.3218383789063,22034100,-0.009,394.0565999348958,394.0565999348958,,0.0009192388155425117
MSFT,2025-03-10,382.9085673048331,383.4643102679539,374.3540628163808,377.271728515625,32840100,-0.0334,389.8603820800781,389.8603820800781,,0.013727466384345412
MSFT,2025-03-11,376.1206048712936,383.0674234309217,374.04648696420594,377.5596008300781,30380200,0.0008,387.4002258300781,387.4002258300781,,0.01449008281549833
MSFT,2025-03-12,380.0405779726452,382.2933209136247,376.0709676751301,380.3581237792969,24253600,0.0074,386.22654215494794,386.22654215494794,,0.015508062419270822
MSFT,2025-03-13,380.24893433302753,382.3925273041687,374.58232470495466,375.8922729492188,20473000,-0.0117,384.7502179827009,384.7502179827009,,0.013917854240746548
MSFT,2025-03-14,376.8946473094157,387.2652662935844,376.6267095180303,385.6079406738281,19952800,0.0258,384.8574333190918,384.8574333190918,,0.018387301518788916
MSFT,2025-03-17,383.7620517263702,389.72637004614455,382.6406320765131,385.7468566894531,22474300,0.0004,384.9562581380208,384.9562581380208,,0.017105721682691855
MSFT,2025-03-18,384.1292790671939,384.4269877309022,378.2046343736099,380.6062316894531,19486900,-0.0133,384.52125549316406,384.52125549316406,,0.01631452147968524
MSFT,2025-03-19,382.60095534567967,386.719419886704,381.0825806498319,384.8735656738281,19185500,0.0112,384.55328369140625,384.55328369140625,,0.01619337656094134
MSFT,2025-03-20,382.80938253905,388.81343664918575,380.3680805381929,383.9010314941406,18470500,-0.0025,384.4989293416341,384.4989293416341,,0.015363877351525794
MSFT,2025-03-21,380.3084899151049,388.7637483712437,379.8916675364793,388.2874145507813,39675900,0.0114,384.79035128079926,384.79035128079926,,0.015238786239743835
MSFT,2025-03-24,392.3959479956855,392.3959479956855,386.8484215764684,390.0935668945313,21004500,0.0047,385.16915239606584,385.16915239606584,42.79,0.014705563224289973
MSFT,2025-03-25,390.9272368910712,393.34867131877104,389.6569628025314,392.1578063964844,15775000,0.0053,385.6350626627604,385.6350626627604,44.88,0.014242445462323271
MSFT,2025-03-26,391.9990163975736,392.3066587723948,385.61787512073846,387.0072326660156,16108400,-0.0131,385.72082328796387,385.72082328796387,44.06,0.014078751297442472
MSFT,2025-03-27,387.1660163642304,389.259971232933,384.4567464670721,387.6125793457031,13766800,0.0016,385.83210305606616,385.83210305606616,47.53,0.01362717719607892
MSFT,2025-03-28,385.1315521729189,386.1735929782764,374.0662702602893,375.9220581054688,21632000,-0.0302,385.2815450032552,385.2815450032552,48.74,0.014913029735179668
MSFT,2025-03-31,369.7096411618319,374.2052233402368,364.449889664545,372.5379943847656,35184700,-0.009,384.6108318128084,384.6108318128084,45.56,0.014531557950563602
MSFT,2025-04-01,371.8035925481133,379.9413052057438,370.39439795061145,379.2863159179688,19689500,0.0181,384.34460601806643,384.34460601806643,49.11,0.014970114478031893
MSFT,2025-04-02,375.0983928958324,382.1543604865691,373.7586433966847,379.2367248535156,16092600,-0.0001,383.40777893066405,384.10137358165923,52.98,0.01457999620965946
MSFT,2025-04-03,371.9425583652147,374.61212363444304,366.54388609690864,370.2752990722656,30198000,-0.0236,382.2278091430664,383.47291564941406,36.15,0.015252140488262105
MSFT,2025-04-04,361.363555677575,371.7440781664607,356.74888974568233,357.10614013671875,49209900,-0.0356,380.56702423095703,382.3265341053838,29.06,0.016879507974869534
MSFT,2025-04-07,348.2142236601539,368.1813588125757,342.17049555544185,355.14117431640625,50425000,-0.0055,379.4604965209961,381.1938107808431,30.48,0.015438484892937962
MSFT,2025-04-08,365.4621683401468,370.8112022714622,347.5889889390993,351.8662414550781,35868900,-0.0092,378.1758285522461,380.0207080078125,24.3,0.015474409265146864
MSFT,2025-04-09,350.854026698487,390.2424886537646,350.4173671278774,387.5232849121094,50199700,0.1013,378.5340866088867,380.3092686579778,51.83,0.028053839215637533
MSFT,2025-04-10,379.1573256201752,380.9833427250372,365.0056552003408,378.4527282714844,38024400,-0.0234,378.662109375,380.24050790292245,45.25,0.02845826630440849
MSFT,2025-04-11,377.7481178718862,387.0865991344375,376.0114134245454,385.498779296875,23839200,0.0186,378.65665130615236,380.42830330984935,47.89,0.028168300118731827
MSFT,2025-04-14,390.2325491274343,391.651677567929,381.29099206627785,384.8636474609375,19251200,-0.0016,378.61249084472655,380.581246211611,46.6,0.028171681843559445
MSFT,2025-04-15,385.558347033726,388.91267269542334,381.24138963056953,382.7994689941406,17199900,-0.0054,378.72215270996094,380.6551869710286,47.98,0.02802663207135595
MSFT,2025-04-16,377.7779079921512,378.71073856569086,365.2041538267982,368.7867126464844,21967800,-0.0366,377.9178100585938,380.2723329605595,42.0,0.029097267008576958
MSFT,2025-04-17,370.9104537724408,371.4761304955969,364.10258680355696,364.9858093261719,21120200,-0.0103,376.9720489501953,379.79462909698486,45.02,0.02916019457013998
MSFT,2025-04-21,360.0635031391147,361.71089501866106,352.9678309109542,356.3916015625,20807300,-0.0235,375.37725830078125,379.0854464444247,42.98,0.02935153317971653
MSFT,2025-04-22,360.6192443688487,364.9758758256959,357.12596800122816,364.0331115722656,19485000,0.0214,374.074235534668,378.6427307128906,43.42,0.029841765151686673
MSFT,2025-04-23,373.20291916052497,377.5000393765428,370.18600677791767,371.5456237792969,20545500,0.0206,373.0436264038086,378.4399562290737,46.88,0.030259993999373257
MSFT,2025-04-24,372.8456379358323,385.4987700338485,372.3395029604808,384.35748291015625,22232300,0.0345,372.9111389160156,378.60433197021484,55.53,0.0312204466571778
MSFT,2025-04-25,384.0597967732597,389.1805976978566,381.6780366488648,388.8729553222656,18973200,0.0117,372.9741577148437,378.8818623310811,63.39,0.031327403507573306
MSFT,2025-04-28,388.9821118643913,389.7561846754867,383.7025530868883,388.1882019042969,16579400,-0.0018,373.5874649047852,379.12676600406047,64.08,0.030489810204653453
MSFT,2025-04-29,388.32712198825146,392.0982700078575,387.4141285639624,391.04632568359375,14974000,0.0074,374.51288146972655,379.4323957394331,66.76,0.030397948337970035
MSFT,2025-04-30,387.3347110069874,393.6464071015826,381.5192464831796,392.2570495605469,36461100,0.0031,375.16141815185546,379.7530120849609,52.87,0.03018619412561766
MSFT,2025-05-01,427.8346397458207,433.669971462135,421.6718285206496,422.16802978515625,58938100,0.0763,377.3079833984375,380.78752471179496,71.16,0.03442908195422188
MSFT,2025-05-02,428.4598783453456,436.1013902925972,426.7231738378541,431.9729919433594,30757400,0.0232,380.3928680419922,382.0062263125465,71.91,0.03390352256190002
MSFT,2025-05-05,429.58128511716615,436.1609188409604,428.827049490993,432.8562316894531,20136100,0.002,384.1803726196289,383.1887845771257,72.57,0.03235032579352747
MSFT,2025-05-06,428.91639204817295,434.4043769104007,427.8942186382879,430.0179443359375,15104200,-0.0066,387.9242111206055,384.25308366255325,72.05,0.03237923758082933
MSFT,2025-05-07,430.54391525930873,434.79139692835327,427.8346454163337,430.0576477050781,23295300,0.0001,391.83378143310546,385.27096286349826,82.9,0.0321537015958628
MSFT,2025-05-08,434.6028672327044,440.2992788018954,432.3501242134362,434.841064453125,23491300,0.0111,394.1996704101563,386.34857376762056,87.12,0.024062733799274295
MSFT,2025-05-09,436.6570993033328,437.3914674607305,432.5684058555715,435.3967590332031,15324200,0.0013,397.0468719482422,387.3921521775266,95.91,0.023086265568401
MSFT,2025-05-12,442.551987565255,445.9559209816134,436.43878433354007,445.8467712402344,22821900,0.024,400.0642715454102,388.609956741333,96.04,0.023256634028074447
MSFT,2025-05-13,444.3780084465138,447.2460663261757,441.9763809723924,445.7276916503906,23618800,-0.0003,403.1074737548828,389.7756248007015,95.53,0.02323153256380557
MSFT,2025-05-14,444.73528972695,450.4515077748093,444.73528972695,449.4988098144531,19902800,0.0085,406.44244079589845,390.97008850097654,94.97,0.023028871467195962
MSFT,2025-05-15,448.1665539237944,453.55526390744575,447.8285212445724,450.512939453125,21992300,0.0023,410.5287521362305,392.0208819580078,94.72,0.02054544385400071
MSFT,2025-05-16,449.4391826540583,451.735838870633,446.13838030321216,451.6463623046875,23849800,0.0025,414.8617797851563,393.1763153076172,95.74,0.02006536424053309
MSFT,2025-05-19,448.27591363294266,456.9355998797858,448.1963586877965,456.2197570800781,21336500,0.0101,419.85318756103516,394.4942736816406,95.84,0.018369399611997773
MSFT,2025-05-20,452.9587181303489,455.6928353955898,451.69606398891386,455.5238342285156,15441800,-0.0015,424.42772369384767,396.05931579589844,94.82,0.01850325362569629
MSFT,2025-05-21,451.944595050179,455.1360468945702,449.2005259832327,449.9561462402344,19216900,-0.0122,428.3482498168945,397.5072467041016,80.05,0.01909147715605057
MSFT,2025-05-22,452.32244757902833,457.5918252828005,451.2784936511554,452.2329406738281,18025600,0.0051,431.7420227050781,398.9447430419922,76.17,0.01819934281635931
MSFT,2025-05-23,447.3811598733088,451.0697243423277,446.3173323563206,447.5799865722656,16883500,-0.0103,434.6773742675781,400.3784973144531,67.33,0.01864342059759818
MSFT,2025-05-27,453.8435596609756,458.2877438900054,453.4856231037271,458.02923583984375,20974300,0.0233,438.16942596435547,401.8269232177734,77.97,0.018848316970795552
MSFT,2025-05-28,458.5562282330538,459.8487079553447,454.2909966033752,454.718505859375,17086300,-0.0072,441.35303497314453,403.2063562011719,73.11,0.019171892803899443
MSFT,2025-05-29,458.884303233251,459.05333474747385,452.6803520976962,456.0308837890625,13974800,0.0029,444.54172668457034,404.71484924316405,71.24,0.019174492376455174
MSFT,2025-05-30,457.0648535034259,459.0135248792732,452.9090026922185,457.7011413574219,34770500,0.0037,446.3183822631836,406.17140075683596,71.87,0.010352777405121808
MSFT,2025-06-02,454.49978904014216,459.4410555312044,454.2512329224997,459.3018798828125,16626500,0.0035,447.68482666015626,407.6794177246094,65.96,0.009326153096478098
MSFT,2025-06-03,458.8047753297213,461.4593680607732,458.1982826150306,460.2961120605469,15743800,0.0022,449.05682067871095,409.11959167480467,66.93,0.009325001763792728
MSFT,2025-06-04,461.3201414833542,463.00038321908,460.3457906064832,461.1908874511719,14162700,0.0019,450.61546783447267,410.5415380859375,64.56,0.009048029736095246
MSFT,2025-06-05,462.2745901279283,466.9375052091058,461.3499686746429,464.9788818359375,20131700,0.0082,452.3615295410156,411.9979595947266,66.85,0.009066739389543266
MSFT,2025-06-06,467.37496597576217,470.6061954238558,466.0725343793748,467.6632995605469,15285600,0.0058,454.00264129638674,413.6110809326172,68.01,0.008923234013694728
MSFT,2025-06-09,466.9872502760202,470.69568816704816,465.9134708467471,470.0196228027344,16469900,0.005,455.7337844848633,415.2592218017578,66.33,0.008909419911413727
MSFT,2025-06-10,468.4686249933991,470.06931180763127,464.2630446113778,468.2001953125,15375900,-0.0039,456.85145568847656,417.10478454589844,64.61,0.0076937842307589
MSFT,2025-06-11,467.30536072753216,472.72389606625393,466.9474544926898,469.8903503417969,16399200,0.0036,458.05958862304686,419.05183166503906,75.23,0.007668999454399484
MSFT,2025-06-12,472.2764779222473,477.6453141185156,470.7851412769109,476.104248046875,18950600,0.0132,459.38986053466795,420.9881903076172,77.48,0.007924638460954718
MSFT,2025-06-13,473.6584649544854,476.4124557062983,470.0295518485209,472.2168273925781,16814500,-0.0082,460.4750549316406,422.84779235839846,78.87,0.008305817555373976
MSFT,2025-06-16,472.4653860858625,477.91374692205306,472.2566074497181,476.3727111816406,15626100,0.0088,461.7113723754883,424.96974060058596,75.21,0.008428960103183149
MSFT,2025-06-17,472.6542856879232,475.97499162724574,471.3419021646973,475.279052734375,15414100,-0.0023,462.6643371582031,427.33319885253906,80.09,0.00831122259674425
MSFT,2025-06-18,475.2392860574369,478.2219594008936,471.71972301658775,477.4663391113281,17526500,0.0046,463.76146240234374,429.7797021484375,80.59,0.00828481648623112
MSFT,2025-06-20,479.4448824655413,480.667759158903,474.1158234691147,474.6427612304688,37576200,-0.0059,464.9957931518555,432.2352325439453,73.41,0.007807081805373255
MSFT,2025-06-23,475.4480376949825,484.9329468840925,469.7809768690432,483.1930541992188,24864000,0.018,466.543798828125,434.1486279296875,77.69,0.008516453116421834
MSFT,2025-06-24,486.1260537385937,489.009298556199,483.9884469122188,487.2793273925781,22305600,0.0085,468.5287658691406,436.32515991210937,79.18,0.007949794767294682
MSFT,2025-06-25,489.1981971647186,491.70363180611855,486.5635084927723,489.4268493652344,17495100,0.0044,470.09864654541013,438.4037213134766,79.73,0.006574944466445533
MSFT,2025-06-26,490.1327808219991,495.1635541172166,489.9637493151316,494.5769653320313,21578900,0.0105,472.091569519043,440.5979876708984,80.3,0.006265517578485949
MSFT,2025-06-27,494.6763704185467,496.4162632322767,490.1824867596744,493.07568359375,34539200,-0.003,473.94380950927734,442.80351196289064,76.66,0.0064668466243725424
MSFT,2025-06-30,494.1693427257206,497.86785899517616,492.4691970236715,494.5372009277344,28369000,0.003,475.78561248779295,445.31852172851563,76.21,0.006470050435010503
MSFT,2025-07-01,493.602615314542,495.1734765998455,488.14433277768,489.2081298828125,19945400,-0.0108,477.28092498779296,447.80296813964844,70.89,0.0072581424330849294
MSFT,2025-07-02,487.1600396387865,490.6497772469701,485.8775119148357,488.2536926269531,16319600,-0.002,478.6788040161133,450.4402099609375,68.53,0.00734818989526283
MSFT,2025-07-03,490.9580057562307,497.2415119784696,490.5901475399693,495.9589538574219,13984800,0.0158,480.4172073364258,453.07872680664065,69.45,0.007879772572192318
MSFT,2025-07-07,494.5073652747992,495.8694479262707,492.36978876052433,494.8453979492188,13981600,-0.0022,481.91053314208983,455.5447222900391,73.44,0.007907855854182407
MSFT,2025-07-08,494.36815380384166,495.3226311177228,491.25622643335066,493.7517395019531,11846600,-0.0022,483.21495513916017,457.732607421875,69.23,0.007968588001449362
MSFT,2025-07-09,497.4104769193033,503.8530622357068,496.8537136582796,500.6019592285156,18659500,0.0139,484.7440719604492,459.9671875,74.85,0.008340951605435147
MSFT,2025-07-10,500.1445884984204,501.5265750230592,494.8752111441128,498.5836791992188,16492100,-0.004,486.2632461547852,462.17509704589844,70.79,0.00834545416757881
MSFT,2025-07-11,495.5910607887764,502.1131707269345,494.9249170598048,500.4130554199219,16459500,0.0037,487.7893814086914,464.362431640625,75.88,0.008345745843494826
MSFT,2025-07-14,498.6234399223271,501.0593019842245,498.1362796464767,500.1147766113281,12058800,-0.0006,488.9899078369141,466.51958618164065,70.37,0.008039442243025817
MSFT,2025-07-15,500.1147739294682,505.36427783294863,499.88612172349406,502.8986206054688,14927200,0.0056,490.5239974975586,468.1341979980469,69.41,0.007655813064868496
MSFT,2025-07-16,502.2622763844125,503.7933904598671,498.99129994586445,502.6997375488281,15154400,-0.0004,491.840348815918,469.5487329101563,67.33,0.007576980373403906
MSFT,2025-07-17,502.7594088608256,510.40499725185873,502.6997578215743,508.7446594238281,17503100,0.012,493.5136291503906,471.0665014648437,68.08,0.0077500747025262585
MSFT,2025-07-18,511.5085942033365,511.6677041033988,504.499323712682,507.1041870117188,21209700,-0.0032,494.99552154541016,472.60822631835936,67.84,0.007883992776839904
MSFT,2025-07-21,503.7834473494323,509.132409924825,502.630143381304,507.1141052246094,14066800,0.0,496.6190887451172,474.14935546875,66.61,0.007637821403350194
MSFT,2025-07-22,508.018867615488,508.2475501614973,502.3517761230469,502.3517761230469,13868600,-0.0094,497.57702484130857,475.49956970214845,67.62,0.00732261098099223
MSFT,2025-07-23,503.8232561388069,503.8630336136484,497.8082101606056,502.9483337402344,16396600,0.0012,498.36047515869143,476.85060119628906,69.89,0.007160658232019603
MSFT,2025-07-24,505.8315529966592,510.7032466418327,504.370041868975,507.9293823242188,16107000,0.0099,499.2856018066406,478.0922534179688,67.49,0.007375628429960577
MSFT,2025-07-25,509.51021364184703,515.2966076642933,507.4124144561098,510.74310302734375,19125700,0.0055,500.0939086914062,479.39256164550784,72.13,0.007149707391877957
MSFT,2025-07-28,511.110930710653,512.0256002286585,507.1737799777055,509.5400390625,14308000,-0.0024,500.91712646484376,480.59338623046875,71.91,0.00713044621029395
MSFT,2025-07-29,512.5525759685828,514.6304711522027,508.60547322287385,509.6096496582031,16469200,0.0001,501.6707489013672,481.7753204345703,65.4,0.007131462904474464
MSFT,2025-07-30,512.1946027794743,512.9701269930791,506.4977159897069,510.2757568359375,26380400,0.0013,502.72413024902346,482.9479083251953,70.95,0.006517676369931121
MSFT,2025-07-31,552.0232408256204,552.2420017670738,528.8280273057109,530.4187622070312,51617300,0.0395,504.83238372802737,484.43188842773435,82.47,0.01051432481502213
MSFT,2025-08-01,531.9101275902764,532.7054950837879,517.8517780654563,521.0830078125,28977600,-0.0176,506.0885864257813,485.7430718994141,68.98,0.011205509688024981
MSFT,2025-08-04,525.218957545317,535.141297909759,525.0797515616827,532.54638671875,25349000,0.022,507.9736358642578,487.3948767089844,73.19,0.011949211601387661
MSFT,2025-08-05,534.077432699505,534.196734767709,524.194840165689,524.701904296875,19171600,-0.0147,509.5211441040039,488.8442559814453,65.37,0.012586442162731696
MSFT,2025-08-06,527.8338028961505,528.6291703469228,521.0034855448089,521.908203125,21355700,-0.0053,510.5864562988281,490.3308203125,59.63,0.012452452728172433
MSFT,2025-08-07,523.757448292983,525.0400367197672,514.5608717763297,517.8319091796875,16079100,-0.0078,511.5488677978516,491.52687377929686,57.58,0.012579728890058366
MSFT,2025-08-08,519.5817267008259,521.629826851029,516.4101479520375,519.0249633789062,15531000,0.0023,512.4794631958008,492.8130029296875,58.28,0.012573489236443
MSFT,2025-08-11,519.2834381856256,524.5429245664681,516.7183220142601,518.7565307617188,20194400,-0.0005,513.4115509033203,494.0675158691406,62.16,0.012572462598451996
MSFT,2025-08-12,520.7250669698358,527.9132904806338,519.6811434112465,526.183349609375,18667000,0.0143,514.5757873535156,495.43716003417967,65.64,0.01285438282823168
MSFT,2025-08-13,529.0368026236954,529.6234217995657,516.3703917601634,517.5734252929688,19619200,-0.0164,515.3194717407226,496.6025909423828,56.19,0.013514802800516283
MSFT,2025-08-14,519.5418962511537,522.9123315064297,517.1358902118243,519.4623413085938,20269100,0.0036,515.855355834961,497.7859155273438,55.66,0.01330146806302145
MSFT,2025-08-15,519.7507304052322,523.0614541020369,516.0820397908819,517.1657104492188,25213300,-0.0044,516.358432006836,498.90541198730466,54.88,0.013324666481458585
MSFT,2025-08-18,518.5775217659684,519.8003983365775,511.0512359172718,514.1134033203125,23760600,-0.0059,516.7083969116211,499.8881024169922,52.78,0.013414378577913312
MSFT,2025-08-19,512.0256106523992,512.1846598699071,505.6128505766311,506.8258056640625,21481000,-0.0142,516.9320983886719,500.6713525390625,48.03,0.013646741465697209
MSFT,2025-08-20,506.925219770199,508.0486982628479,501.5265882427872,502.7991943359375,27723000,-0.0079,516.924641418457,501.3269439697266,30.7,0.01377415963622504
MSFT,2025-08-21,501.6041452591809,505.5278315490841,500.6381609615915,502.15185546875,18443300,-0.0013,516.6357650756836,502.00597717285154,34.95,0.013579779860241926
MSFT,2025-08-22,502.1618461633245,508.6150227226763,500.32946944945456,505.1295166015625,24324200,0.0059,516.3550857543945,502.71076049804685,24.8,0.01358935729087097
MSFT,2025-08-25,504.5319946732823,506.0855321115255,502.0323791323648,502.17181396484375,21638600,-0.0059,515.9866744995118,503.23211181640625,27.24,0.013637968478132178
MSFT,2025-08-26,502.2713680297872,502.8888260614156,496.4456179190968,499.96099853515625,30835700,-0.0044,515.5042419433594,503.7869952392578,27.57,0.013662129756142885
MSFT,2025-08-27,499.9211487290224,505.1892506185915,497.8298390405613,504.6415100097656,17277900,0.0094,515.2225296020508,504.3523712158203,36.68,0.013848628090897692
MSFT,2025-08-28,504.9900522378754,508.9734875719172,503.4066403395377,507.5295104980469,18015600,0.0057,514.0780670166016,504.99738037109375,38.78,0.0103303067157808
MSFT,2025-08-29,506.5535790393771,507.4896888132377,502.40083415821226,504.59173583984375,20961600,-0.0058,513.2535034179688,505.5398883056641,36.86,0.009720746939028514
MSFT,2025-09-02,498.3974910813857,503.90458943006223,494.75264396148896,503.0282287597656,18128000,-0.0031,511.77759552001953,506.10759765625,25.89,0.007983245613553201
MSFT,2025-09-03,501.70375627159575,505.68719181229375,500.2398424947412,503.2572937011719,16345100,0.0005,510.7053649902344,506.5088824462891,31.94,0.0075017471649154125
MSFT,2025-09-04,502.2116394820944,506.0457023892234,501.0664078062513,505.866455078125,15509500,0.0052,509.9032775878906,506.880625,33.16,0.007629394333414513
MSFT,2025-09-05,506.9619070760115,509.8498918622262,490.3310509759443,492.9501647949219,31994800,-0.0255,508.65919036865233,506.95109130859373,26.25,0.009249045469953308
MSFT,2025-09-08,496.0472478127919,499.1244784694731,492.9800158612091,496.1369018554688,16771000,0.0065,507.51478729248055,506.9822900390625,32.42,0.009408165546341597
MSFT,2025-09-09,499.3535217605099,500.17013335375145,495.6389875077243,496.3460388183594,14410500,0.0004,506.3942626953125,507.0476971435547,38.1,0.009418921326105716
MSFT,2025-09-10,500.8971201283455,501.1460848531792,494.6630336933239,498.29791259765625,21611800,0.0039,504.99999084472654,507.12291137695314,44.64,0.008723487653576745
MSFT,2025-09-11,500.1701275152439,501.08633106619584,495.8182290284252,498.9352722167969,18881600,0.0013,504.06808319091795,507.3174542236328,46.17,0.00813698508759787
MSFT,2025-09-12,504.55191069082485,510.42747218178897,501.7635178992086,507.7884521484375,23624900,0.0177,503.48438873291013,507.7081494140625,52.78,0.009174190054598573
MSFT,2025-09-15,506.68306017742736,513.3353599697668,504.9004642300766,513.225830078125,17143800,0.0107,503.28739471435546,508.05348693847657,60.99,0.00950331798013618
MSFT,2025-09-16,514.7395367165727,515.0880630075219,506.4938265025834,506.9320068359375,19711900,-0.0123,502.9283248901367,508.29521911621094,56.41,0.009803404349617836
MSFT,2025-09-17,508.5054498653079,509.1726886784055,503.8348693472275,507.9079284667969,15816600,0.0019,502.98243103027346,508.57834289550783,53.22,0.009280113145861997
MSFT,2025-09-18,509.3718409712672,510.9453149965379,505.55771489166153,506.3444519042969,18913700,-0.0031,503.1596939086914,508.6931927490234,48.8,0.009121823167258698
MSFT,2025-09-19,508.445681539448,517.1494779837726,508.1967168320822,515.78515625,52474100,0.0186,503.8413589477539,509.03722229003904,60.02,0.009973892235019894
MSFT,2025-09-22,513.4548737162081,515.5959337012963,510.4174557013089,512.319580078125,20009300,-0.0067,504.200862121582,509.2753527832031,58.04,0.010070828116265767
MSFT,2025-09-23,511.6722984831285,512.4590659268906,505.2091838485409,507.1212463378906,19799600,-0.0101,504.4483337402344,509.41548217773436,53.08,0.010258829316611573
MSFT,2025-09-24,508.266442508536,510.35772177145367,504.82077941210207,508.0373840332031,13533700,0.0018,504.8521530151367,509.51825744628906,51.78,0.010195174297056872
MSFT,2025-09-25,506.1950582100621,507.89799878212006,502.94857891661616,504.9303283691406,15786500,-0.0061,504.8665939331055,509.5628692626953,61.69,0.010099706874329031
MSFT,2025-09-26,507.94778361103766,511.8117209714621,504.52202659403474,509.3419799804688,16213100,0.0087,504.95721740722655,509.57481567382814,62.59,0.010209328809321539
MSFT,2025-09-29,509.3817950243417,514.7096154882738,506.77264973451184,512.4689331054688,17617800,0.0061,505.3510772705078,509.68211059570314,64.56,0.01018645126988221
MSFT,2025-09-30,511.11459757878936,516.0142062084105,507.54943619028296,515.8051147460938,19728200,0.0065,505.9899215698242,509.85593078613283,65.42,0.010218146912028136
MSFT,2025-10-01,512.6681599915194,518.3545363078492,509.5710533372991,517.557861328125,22632300,0.0034,506.7049499511719,510.16005249023436,66.09,0.010226769567633484
MSFT,2025-10-02,515.496404228155,519.439966484546,508.5652045551738,513.604248046875,21222900,-0.0076,507.0918395996094,510.3731707763672,55.49,0.010378797973196206
MSFT,2025-10-03,514.9585548343116,518.3345307125708,512.8672756929882,515.20751953125,15112300,0.0031,508.20470733642577,510.5187335205078,52.02,0.008332199747460427
MSFT,2025-10-06,516.4623876768178,528.8309994124726,516.0541122577388,526.3811645507812,21388600,0.0217,509.71692047119143,510.83149475097656,68.0,0.009370248269473953
MSFT,2025-10-07,526.1022689962125,527.6060256392368,519.2806599401652,521.8101196289062,14615200,-0.0087,510.99012451171876,511.0768963623047,62.06,0.009717396229118418
MSFT,2025-10-08,521.1130687043808,524.7678538085896,520.923853084141,522.676513671875,13363400,0.0017,512.2090545654297,511.33823364257813,64.35,0.009713642061825411
MSFT,2025-10-09,520.1769452354545,522.158694647609,515.2574000210162,520.2366943359375,18343600,-0.0047,513.2741256713867,511.53745239257813,54.46,0.009842180973533768
MSFT,2025-10-10,517.4881335274953,521.4118200258811,507.5195762105422,508.8440551757813,24133800,-0.0219,513.3269058227539,511.1059582519531,47.0,0.010505913121966906
MSFT,2025-10-13,514.2714464494894,514.2714464494894,509.5610534984588,511.9212341308594,14284200,0.006,513.2616760253907,510.9227227783203,54.31,0.010308212106961416
MSFT,2025-10-14,508.11707238992415,513.1461778212379,503.9045785101632,511.4432373046875,14684300,-0.0009,513.4872375488281,510.50065979003904,53.08,0.009904505885813078
MSFT,2025-10-15,512.8274957075639,515.0482414945574,507.888013925759,511.3038024902344,14694700,-0.0003,513.65703125,510.2326977539062,56.09,0.009900179424211442
MSFT,2025-10-16,510.4573477017149,514.7096236704256,506.02576365101777,509.4913330078125,15559600,-0.0035,513.8143753051758,509.9843603515625,50.15,0.009907969944496869
MSFT,2025-10-17,506.9320390116644,513.3453425707617,505.2091921192977,511.4532470703125,19867800,0.0039,513.5977798461914,509.856787109375,48.95,0.00898557908979427
MSFT,2025-10-20,512.4788764440519,516.5519656323323,511.3037703677804,514.6498413085938,14665600,0.0063,513.7142929077148,509.76928466796875,48.81,0.008974531214849969
MSFT,2025-10-21,515.3569857054445,516.5420602391357,510.9154330870712,515.5162963867188,15586200,0.0017,514.1340454101562,509.70447998046876,47.85,0.008638494020798363
MSFT,2025-10-22,518.9919195722497,523.0549803520576,515.5661623300699,518.3843994140625,18962700,0.0056,514.6513961791992,509.5485009765625,55.15,0.008701814692773518
MSFT,2025-10-23,520.2964530626382,521.7802730707533,516.4623598997719,518.404296875,14023500,0.0,515.3250946044922,509.56511840820315,53.56,0.008543478584030637
MSFT,2025-10-24,520.6250388201142,523.1744351060786,518.5536961256696,521.441650390625,15532400,0.0059,515.930078125,509.6047045898438,43.28,0.008439086692914523
MSFT,2025-10-27,529.577902779321,532.3662956890146,526.819354031342,529.3189697265625,18734700,0.0151,516.7725799560546,509.84776977539065,59.38,0.008938460658713506
MSFT,2025-10-28,547.7224103521172,551.4269763883988,538.5306518978505,539.8252563476562,29986700,0.0198,517.9735870361328,510.3620068359375,67.26,0.00977290023214036
MSFT,2025-10-29,542.6833492925585,544.0078586434945,534.507325873603,539.307373046875,36023000,-0.001,519.0610626220703,511.01163818359373,69.97,0.009797040369417729
MSFT,2025-10-30,528.2831883129468,532.7545848667123,519.9578228356851,523.582763671875,41023100,-0.0292,519.5599884033203,511.4273095703125,64.15,0.01189064647881734
MSFT,2025-10-31,526.6898137654194,527.1279940743384,512.9668501497666,515.6656494140625,34006400,-0.0151,519.582894897461,511.69758544921876,53.29,0.012409020488083856
MSFT,2025-11-03,517.657371934483,522.7860691817526,512.4590180581705,514.888916015625,22374700,-0.0015,519.0082824707031,511.8927734375,53.01,0.011322330055900045
MSFT,2025-11-04,509.6407695643784,513.4150529816625,505.73698923396887,512.2001342773438,20958700,-0.0052,518.527783203125,512.09333984375,50.75,0.01122432860493578
MSFT,2025-11-05,511.17434154282535,512.6980347767452,504.4821687767013,505.0597839355469,23024300,-0.0139,517.6469467163085,512.1953155517579,46.6,0.011573312085638216
MSFT,2025-11-06,503.5659922381216,503.6058351018555,493.75677643867937,495.04144287109375,27406500,-0.0198,516.3871841430664,512.0033142089844,38.78,0.012255525069814135
MSFT,2025-11-07,494.8920702735404,497.31199999791255,491.2073803526309,494.7626037597656,24019800,-0.0006,515.6831115722656,511.74797607421874,35.84,0.011364917162270203
MSFT,2025-11-10,497.9692613740871,504.7510576229119,496.7343757501637,503.9045715332031,26101500,0.0185,515.2822784423828,511.73423278808593,42.61,0.012108887558101177
MSFT,2025-11-11,502.7095490222416,507.48968986721945,500.2697130079768,506.573486328125,17980000,0.0053,515.0387908935547,511.8051379394531,42.46,0.012182904329212206
MSFT,2025-11-12,507.2506574723947,509.5511194130969,497.0530724082431,509.0233154296875,26574900,0.0048,514.9247665405273,511.92045837402344,44.19,0.012238355367665371
MSFT,2025-11-13,508.1967287528611,511.3735209246628,499.2140928412288,501.205810546875,25273100,-0.0154,514.5104904174805,511.8272454833984,38.17,0.012690958240126404
MSFT,2025-11-14,496.166765720741,509.4813936811572,495.3800287197931,508.0672607421875,28505700,0.0137,514.3411911010742,512.1295874023438,37.43,0.013063267101625907
MSFT,2025-11-17,506.34444359286346,509.9992285471841,502.8190947602184,505.3883972167969,19092800,-0.0053,513.8781188964844,512.3146173095703,27.55,0.013014570781688484
MSFT,2025-11-18,493.3186219236693,500.8971240097586,484.7641975590384,491.74517822265625,33815100,-0.027,512.6895629882813,512.2226000976563,23.52,0.014245009283032599
MSFT,2025-11-19,488.0704229659532,493.1393408084164,480.8305097576304,485.1027526855469,23245300,-0.0135,511.02548065185545,511.95869689941406,26.17,0.014329968597313836
MSFT,2025-11-20,491.5879641710541,492.4460215630244,474.417164289732,477.3404846191406,26802500,-0.016,508.9722900390625,511.52680114746096,26.22,0.014585089718793774
MSFT,2025-11-21,477.4103368698009,477.8293938228302,467.2036221547232,471.04486083984375,31769200,-0.0132,506.45245056152345,510.79192932128905,24.54,0.014526559160814106
MSFT,2025-11-24,473.9183160323131,475.8139832068258,466.9542001322548,472.9205932617188,34421000,0.004,503.6325317382813,509.98582458496094,26.97,0.013918526086516966
MSFT,2025-11-25,472.9904142849383,478.0588322743821,463.8313270788984,475.90374755859375,28019800,0.0063,500.43645629882815,509.3652593994141,32.03,0.012916756762560737
MSFT,2025-11-26,485.2025316262965,487.1979770584782,480.1041831621511,484.3943786621094,25709100,0.0178,497.69080657958983,508.8949884033203,43.31,0.013957615352050297
MSFT,2025-11-28,486.489626354464,491.5081706450152,485.541777548382,490.88958740234375,14386700,0.0134,496.05614776611327,508.58589111328126,47.74,0.013350035481916206
MSFT,2025-12-01,487.3277021324389,488.7444513856018,483.5463243869077,485.6315612792969,23964000,-0.0107,494.554443359375,507.9828192138672,38.85,0.013177623577788804
MSFT,2025-12-02,485.6116258193264,492.3761849539621,485.2125428025972,488.8841552734375,19562700,0.0067,493.25420532226565,507.51411071777346,39.28,0.013350398180539336
MSFT,2025-12-03,475.23529714339696,483.13724409881166,474.1178525596479,476.64208984375,34615100,-0.025,491.47630310058594,506.90452758789064,32.46,0.014263662886768218
MSFT,2025-12-04,478.6674679630734,480.2239129901724,475.40489514051177,479.7449951171875,22318200,0.0065,490.21056365966797,506.3386798095703,37.75,0.01420973998799121
MSFT,2025-12-05,481.4211657314621,482.299166614698,477.78947078944657,482.0597229003906,22608700,0.0048,489.5614776611328,505.88126770019534,34.34,0.013686200310800988
MSFT,2025-12-08,483.7858099301447,491.1789088824645,483.2769615726175,489.9018249511719,21965900,0.0163,489.3184387207031,505.4924645996094,41.22,0.014238679714074639
MSFT,2025-12-09,487.9862027558801,490.9993144973556,487.3875630167038,490.8995361328125,14696100,0.002,488.6681869506836,505.06107666015623,49.44,0.0135471836265154
MSFT,2025-12-10,482.9277288439703,483.1472290611573,473.9980982856002,477.4701843261719,35756200,-0.0274,487.21302185058596,504.2943780517578,45.37,0.014646875003509169
MSFT,2025-12-11,475.5445986070271,484.9231863556336,474.7763326037194,482.3690185546875,24669200,0.0103,485.88030700683595,503.5906011962891,53.16,0.01484850781090568
MSFT,2025-12-12,478.72734800157895,481.3513637649093,475.2552617920193,477.4402770996094,21248100,-0.0102,484.69203033447263,502.86732177734376,54.09,0.014656590937006378
MSFT,2025-12-15,479.0066832317436,479.6252664455081,471.44392797474177,473.73870849609375,23727700,-0.0078,482.975602722168,502.03794555664064,50.51,0.014200741270496395
MSFT,2025-12-16,470.8353364785088,476.80172935648005,469.8076832860371,475.3051452636719,20705600,0.0033,481.47144012451173,501.01642517089846,49.62,0.01427021557761408
MSFT,2025-12-17,475.8239455574328,478.9069051052783,473.9182915104317,475.0357360839844,24527200,-0.0006,480.63596801757814,500.0809375,43.34,0.013103776072889132
MSFT,2025-12-18,477.1010453906704,488.4850656489584,476.8017407441929,482.87786865234375,28573500,0.0165,480.524723815918,499.2849645996094,44.41,0.013389842969088277
MSFT,2025-12-19,486.2501387748106,486.7390436209232,481.39123391446,484.8134460449219,70836100,0.004,480.898371887207,498.57649963378907,49.4,0.012880973320530214
MSFT,2025-12-22,485.0129839081317,487.6170561484318,481.5908021440126,483.8157348632813,16963000,-0.0021,481.5369155883789,498.07593322753905,46.16,0.012476524271396162
MSFT,2025-12-23,483.8755963136496,486.7190818282799,483.6361221459561,485.7413330078125,14683600,0.004,482.1779525756836,497.5523352050781,58.16,0.012476524271396162
MSFT,2025-12-24,484.5739628623746,488.04604888584674,483.7258924615979,486.90863037109375,5855900,0.0024,482.7281967163086,497.06164306640625,56.66,0.012426368398649223
MSFT,2025-12-26,485.601642461088,487.0084352251927,484.85335038112265,486.599365234375,8842200,-0.0006,482.83844604492185,496.56755432128904,54.38,0.011798746588203013
MSFT,2025-12-29,483.7558335295542,487.23790659993216,483.0773893732932,485.9907531738281,10893400,-0.0013,482.59350433349607,496.09754272460935,45.61,0.011389860449216763
MSFT,2025-12-30,484.8234150126488,488.5648753746365,484.39440153201394,486.3699035644531,13944500,0.0008,482.6304214477539,495.5958758544922,44.85,0.011132271721630371
MSFT,2025-12-31,486.7290680267604,487.0284031238816,482.1993981667827,482.5186767578125,15601600,-0.0079,482.31214752197263,494.95325256347655,57.34,0.01115743792510773
MSFT,2026-01-02,483.2869444224563,483.5563186075122,469.0893385249197,471.8630065917969,25571600,-0.0221,482.073193359375,494.08018676757814,36.91,0.010837919542052371
MSFT,2026-01-05,472.98042932285466,474.9858617296903,468.4308161640092,471.773193359375,25250300,-0.0002,481.6746032714844,493.14796264648436,41.97,0.01071447127658863
MSFT,2026-01-06,472.72102257015473,477.6497753472042,468.6802576477938,477.4203186035156,23037700,0.012,481.4426330566406,492.3282830810547,54.94,0.011028532373611195
MSFT,2026-01-07,478.6674756822987,488.5848422406915,476.86159994291296,482.3690185546875,25564200,0.0104,481.0659927368164,491.5468304443359,58.69,0.010629149344584183
MSFT,2026-01-08,480.1440867981463,481.5608665012806,474.7763335277468,477.0212097167969,18162600,-0.0111,480.3720764160156,490.5008752441406,52.17,0.01085364842854821
MSFT,2026-01-09,472.9804540365218,478.72734693664125,471.1247042989064,478.1885681152344,18491000,0.0024,480.4079956054687,489.2681414794922,43.99,0.008976806371509839
MSFT,2026-01-12,475.5845048686955,479.89464390147504,474.5967386659474,476.0933227539063,23519900,-0.0044,480.0942108154297,488.0038604736328,38.87,0.008695968515412952
MSFT,2026-01-13,473.5990225282599,474.6965236309785,464.888922501957,469.5981750488281,28545800,-0.0136,479.7021057128906,486.9241687011719,34.09,0.008923267928641194
MSFT,2026-01-14,465.39775666549855,467.13381499707015,456.1289340170423,458.3338928222656,28184300,-0.024,478.9318649291992,485.77753356933596,24.64,0.010231914725376141
MSFT,2026-01-15,463.0630900555096,463.1927988881192,454.8618076165624,455.6200866699219,23225800,-0.0059,477.9476119995117,484.5921569824219,21.85,0.010206565224609658
MSFT,2026-01-16,456.78739866953146,462.13520850615447,455.4404972994736,458.8127746582031,34246700,0.007,477.13646392822267,483.52440979003904,26.23,0.01040355581924811
MSFT,2026-01-20,450.1924514863621,455.7597309230742,448.2568669541529,453.4849243164063,26130000,-0.0116,475.6668167114258,482.49291259765624,24.27,0.009691499259388999
MSFT,2026-01-21,451.5693196059127,451.6591109990197,437.68100562513575,443.0986328125,37980500,-0.0229,473.58107604980466,481.45405639648436,20.44,0.010489507288614438
MSFT,2026-01-22,446.600636936346,451.8087507279656,443.6873036586902,450.1126403808594,25349400,0.0158,471.8959213256836,480.56105712890627,28.78,0.011421466400460266
MSFT,2026-01-23,450.8409629929935,470.0271819611143,449.50401819491054,464.888916015625,38000200,0.0328,470.8533004760742,479.7807440185547,45.67,0.013956360557108027
MSFT,2026-01-26,464.2503622118351,473.1700058760031,460.9479024031912,469.20904541015625,29291200,0.0093,469.9683212280273,479.0334552001953,48.49,0.01415729215113654
MSFT,2026-01-27,472.6212886177101,481.7703893732875,472.0825097961169,479.485595703125,29213900,0.0219,469.61263275146484,478.44270080566406,51.16,0.015115453925318345
MSFT,2026-01-28,482.10959164059926,482.63838346935967,476.9114647448887,480.533203125,36875400,0.0022,469.3397552490234,478.02924865722656,48.93,0.015127544588040671
MSFT,2026-01-29,438.98802836564175,441.4923222419712,420.06122635013605,432.5128173828125,128855300,-0.0999,466.6469009399414,476.5181597900391,32.63,0.02688055254757905
MSFT,2026-01-30,438.1699022937122,438.5989157576861,425.47886802078926,429.3101196289063,58566800,-0.0074,463.9864730834961,474.99659423828126,31.22,0.026878425607871743
MSFT,2026-02-02,429.2602343395754,429.7590957240154,421.2884391596101,422.4058837890625,42219900,-0.0161,461.51361694335935,473.60980834960935,30.11,0.026715977379995325
MSFT,2026-02-03,421.0489834358989,421.0888704228976,407.6296003977664,410.2735595703125,61424100,-0.0287,458.4386352539062,472.1132244873047,28.9,0.02719303122802645
MSFT,2026-02-04,410.0640575889883,418.84400576689177,408.3080557741746,413.2467956542969,45012400,0.0072,455.22995910644534,470.8313507080078,32.96,0.027041081806450692
MSFT,2026-02-05,406.5121603821184,407.37018733348754,391.4265972483441,392.7735290527344,66289200,-0.0495,450.7501846313477,469.26592407226565,29.06,0.028319267664483
MSFT,2026-02-06,398.2609865133262,400.87501513504304,392.0252195920243,400.22650146484375,53515300,0.019,446.91044921875,467.8120422363281,31.02,0.029038624006838324
MSFT,2026-02-09,403.9280678877113,413.9452129833927,399.9571203178888,412.65814208984375,45480500,0.0311,443.6339279174805,466.5471301269531,37.35,0.030278901374076527
MSFT,2026-02-10,418.6644027817824,422.7151545880433,411.76017861217,412.328857421875,44857900,-0.0008,440.4457046508789,465.10581970214844,39.84,0.030305140696449174
MSFT,2026-02-11,415.2322299614449,415.51159110220135,400.096793508188,403.4491271972656,42491000,-0.0215,437.1382522583008,463.35701049804686,34.77,0.030450875019836218
MSFT,2026-02-12,404.07770370563327,405.2749831551046,397.1036315998776,400.9248962402344,40802400,-0.0063,434.2678024291992,461.66287719726563,27.31,0.03018994735094172
MSFT,2026-02-13,403.528974460687,404.6164885937556,397.1435245648219,400.4060974121094,34091600,-0.0013,431.5071029663086,459.89331604003905,24.92,0.03020998919841618
MSFT,2026-02-17,398.31087932693146,399.607906728736,393.6315571718042,395.9562377929688,32078800,-0.0111,428.36427612304686,458.27959899902345,18.2,0.030071316985844816
MSFT,2026-02-18,397.2233488345012,401.6432531481791,395.41747315874426,398.6900024414063,23223400,0.0069,425.62453002929686,456.6584991455078,19.24,0.030203054481293793
MSFT,2026-02-19,400.6900024414063,404.4299926757813,396.6700134277344,398.4599914550781,28234000,-0.0006,423.3925979614258,454.98650451660154,30.02,0.029955572366247234
MSFT,2026-02-20,396.1099853515625,400.1199951171875,395.1600036621094,397.2300109863281,34015200,-0.0031,420.7484664916992,453.1330682373047,30.74,0.02956542210438619
MSFT,2026-02-23,395.0,395.3599853515625,383.1000061035156,384.4700012207031,43238300,-0.0321,416.72752075195314,451.0044775390625,28.72,0.028653968219722086
MSFT,2026-02-24,384.1400146484375,389.3599853515625,381.7099914550781,389.0,33884700,0.0118,412.7170684814453,449.2350738525391,36.95,0.028743498578397114
MSFT,2026-02-25,390.5299987792969,401.4700012207031,390.1600036621094,400.6000061035156,43625500,0.0298,408.77278900146484,447.5996936035156,42.99,0.02923925983655323
MSFT,2026-02-26,404.7099914550781,407.489990234375,398.739990234375,401.7200012207031,34405900,0.0028,404.83212890625,446.0852880859375,56.32,0.029251143027599003
MSFT,2026-02-27,390.8800048828125,396.8200073242188,389.8800048828125,392.739990234375,51367200,-0.0224,402.84348754882814,444.46531372070314,44.82,0.020254103547832403
MSFT,2026-03-02,392.8599853515625,401.1900024414063,390.6300048828125,398.5499877929688,35474900,0.0148,401.30548095703125,442.9302105712891,39.26,0.020696922603690607
MSFT,2026-03-03,393.1400146484375,406.7000122070313,392.6700134277344,403.9299926757813,38199200,0.0135,400.38168640136723,441.508095703125,44.06,0.02080690358612032
MSFT,2026-03-04,401.1619873046875,411.0325927734375,400.30999755859375,405.2000122070313,35644323,0.0031,400.12800903320317,439.95453857421876,51.39,0.019854424801804955
NVDA,2025-03-05,117.54785129486386,118.2476568391524,114.47869104666964,117.26792907714844,284337900,,117.26792907714844,117.26792907714844,,
NVDA,2025-03-06,113.49895407905146,115.31845609620828,110.18986163701832,110.53976440429688,321181900,-0.0574,113.90384674072266,113.90384674072266,,
NVDA,2025-03-07,111.21958617661252,113.44897988924724,107.5305925179708,112.65919494628906,341755500,0.0192,113.4889628092448,113.4889628092448,,0.05416437943888954
NVDA,2025-03-10,109.86995202425706,111.81941579292103,105.43116359430404,106.95075225830078,366487400,-0.0507,111.85441017150879,111.85441017150879,,0.04242338191767994
NVDA,2025-03-11,106.960734969355,112.20929903890595,104.74134094243276,108.73025512695312,354865700,0.0166,111.22957916259766,111.22957916259766,,0.04164383707905249
NVDA,2025-03-12,114.09929300935045,116.7388133095112,112.85951254411586,115.718994140625,323857500,0.0643,111.97781499226888,111.97781499226888,,0.05155370985680856
NVDA,2025-03-13,117.00876245655115,117.73863334670654,113.76935252443204,115.55902862548828,299033100,-0.0014,112.48941693987165,112.48941693987165,,0.04611111218206157
NVDA,2025-03-14,118.5884764406672,121.85787967708788,118.12856083227834,121.64791870117188,277593500,0.0527,113.63422966003418,113.63422966003418,,0.04682475942530934
NVDA,2025-03-17,122.71772499646224,122.86769930249316,118.00858060635532,119.50830841064452,255501500,-0.0176,114.28690507676866,114.28690507676866,,0.04415943314530074
NVDA,2025-03-18,117.97859103200136,118.998402615106,114.51921970184796,115.4090576171875,299686900,-0.0343,114.39912033081055,114.39912033081055,,0.04315846125359172
NVDA,2025-03-19,117.24871784817984,120.42814113812436,115.65901001721268,117.49867248535156,273426200,0.0181,114.68089779940519,114.68089779940519,,0.04113396136743673
NVDA,2025-03-20,116.5288475567653,120.17817892707568,116.44886024718888,118.50848388671876,248829700,0.0086,114.99986330668132,114.99986330668132,,0.03909121035824713
NVDA,2025-03-21,116.91877807414131,117.96858292451893,115.39904967929496,117.67863464355467,266498500,-0.007,115.20592264028696,115.20592264028696,,0.03735546996577123
NVDA,2025-03-24,119.85824123014484,122.19782052957932,119.31833831489072,121.38796997070312,228452500,0.0315,115.6474974496024,115.6474974496024,54.74,0.036756703557449984
NVDA,2025-03-25,120.52812446850508,121.26798803028822,118.89841541478116,120.66809844970705,167447200,-0.0059,115.98220418294271,115.98220418294271,53.85,0.03539976485300929
NVDA,2025-03-26,118.70845626054094,118.8184292799946,112.68954449720724,113.7393569946289,293463300,-0.0574,115.8420262336731,115.8420262336731,53.61,0.03746738009827444
NVDA,2025-03-27,111.32979509417152,114.42923110356094,110.639925475043,111.40978240966795,236902100,-0.0205,115.58130600873162,115.58130600873162,48.6,0.036511176371078494
NVDA,2025-03-28,111.46977019973694,112.84952470784616,109.05021109179135,109.6501007080078,229872500,-0.0158,115.25179460313585,115.25179460313585,53.32,0.03549700898750237
NVDA,2025-03-31,105.11091847763528,110.93986229194256,103.63119133667838,108.3603286743164,299212700,-0.0118,114.88908587004009,114.88908587004009,49.54,0.034494663791162825
NVDA,2025-04-01,108.50030342775528,110.17999886185883,106.45068001979016,110.13001251220705,222614000,0.0163,114.65113220214843,114.65113220214843,42.0,0.03383914909828417
NVDA,2025-04-02,107.2705266243207,111.95967777974948,106.77061737970816,110.39995574951172,220601200,0.0025,114.3077335357666,114.44869522821335,42.64,0.03295762829995349
NVDA,2025-04-03,103.49122110695384,105.61083156865357,101.58156399912866,101.78153228759766,338769400,-0.0781,113.86982192993165,113.872915094549,23.56,0.03503218482601693
NVDA,2025-04-04,98.8920562501484,100.1118284712542,92.09328707213024,94.29288482666016,532273800,-0.0736,112.95150642395019,113.02160943072775,20.62,0.037891435985623875
NVDA,2025-04-07,87.444123819458,101.73153089146868,86.60427995314998,97.62227630615234,611041300,0.0353,112.48508262634277,112.37997055053711,28.9,0.03769081802187232
NVDA,2025-04-08,103.79115551332612,105.83078615825814,94.44285411172834,96.28252410888672,476243400,-0.0137,111.86269607543946,111.73607269287109,24.37,0.03743257658074961
NVDA,2025-04-09,98.87205653888144,115.07911444025872,97.51230269046886,114.30925750732422,612918300,0.1872,111.79220924377441,111.83504133958083,46.41,0.055299067042667856
NVDA,2025-04-10,109.35015243101728,110.8398798648056,99.13200610877084,107.55047607421876,437812400,-0.0591,111.39178161621093,111.67635373716001,42.13,0.05689938580743344
NVDA,2025-04-11,108.4803070767672,111.52975654810145,107.46049556472003,110.9098663330078,313417300,0.0312,110.85487899780273,111.64897918701172,41.81,0.0560050324336549
NVDA,2025-04-14,114.08928762467488,114.26925525660798,109.05020155855787,110.68990325927734,264705000,-0.002,110.41395874023438,111.61590760329673,42.14,0.05590253619140708
NVDA,2025-04-15,110.94986159507806,113.59938217981929,110.4799456735416,112.17963409423828,228966900,0.0135,110.25248756408692,111.63469848632812,48.66,0.05548832285881607
NVDA,2025-04-16,104.53103311878802,106.77062454919468,100.4317709352981,104.47103881835938,397016900,-0.0687,109.60110588073731,111.4036126905872,44.53,0.05735825435022638
NVDA,2025-04-17,104.43103458781992,104.45103522860796,100.0318394876262,101.47157287597656,292517500,-0.0287,108.7492603302002,111.09323644638062,43.68,0.05752034331205649
NVDA,2025-04-21,98.75207336541833,99.42195758129024,95.02275450080649,96.89241790771484,288501100,-0.0451,107.7099494934082,110.6629086118756,41.56,0.058174035400140864
NVDA,2025-04-22,98.76206678289148,99.7918785816798,97.26233908492571,98.8720474243164,241004800,0.0204,106.58415336608887,110.31611857694737,41.74,0.05782782065844487
NVDA,2025-04-23,104.5010295750129,104.78098517141213,102.00148324580944,102.6913604736328,247526000,0.0386,105.68531646728516,110.0982683454241,44.63,0.05878932838176455
NVDA,2025-04-24,103.46121375263034,106.52065568558211,103.09127819009328,106.41067504882812,220815000,0.0362,105.31888236999512,109.99583519829645,53.46,0.05824506733124319
NVDA,2025-04-25,106.83061166162848,111.89969145813896,105.71081975581804,110.98986053466795,251064700,0.043,105.29788627624512,110.0227007479281,63.06,0.058898830298455974
NVDA,2025-04-28,109.67009093365704,110.3499678015911,106.00075133412535,108.71026611328124,207708500,-0.0205,105.25089454650879,109.98816299438477,58.82,0.05898030425043333
NVDA,2025-04-29,107.65045258784288,110.17999209067304,107.42049861195444,109.00020599365234,170444300,0.0027,105.28288841247559,109.96283076359676,60.29,0.05890187290383004
NVDA,2025-04-30,104.45104108413872,108.90023040771484,104.06111247501676,108.90023040771484,235044600,-0.0009,105.22139930725098,109.9362657546997,43.84,0.05880558423178963
NVDA,2025-05-01,113.05947899879722,114.9191420385801,111.27980327057725,111.5897445678711,236121500,0.0247,105.28088874816895,109.97659450624047,55.07,0.05904422606469618
NVDA,2025-05-02,114.15928352450368,115.37906338859756,113.34943293159324,114.4792251586914,190194800,0.0259,105.91577339172363,110.0837999979655,54.54,0.05611437192771657
NVDA,2025-05-05,112.889508442552,114.64918347836972,112.63955382209964,113.7993392944336,133163200,-0.0059,106.8910961151123,110.17020788858103,53.91,0.052927552023099414
NVDA,2025-05-06,111.45977773347964,114.71918078517233,110.79989381468876,113.51940155029295,158525600,-0.0025,107.68595237731934,110.24632592634721,51.74,0.05267737230188669
NVDA,2025-05-07,113.02949042053456,117.65864757290292,112.25962586336117,117.03875732421876,206758800,0.031,108.72376403808593,110.39726884629991,68.27,0.0526200632138691
NVDA,2025-05-08,118.22854670795566,118.658469001105,115.82898059800608,117.34870910644533,198428100,0.0026,108.875736618042,110.54838711282481,75.03,0.03240148794504091
NVDA,2025-05-09,117.32869985728382,118.20854502226882,115.18908887008638,116.62882995605467,132972200,-0.0061,109.32965431213378,110.67775823714885,85.43,0.029162252096990405
NVDA,2025-05-12,121.94786454961688,122.97767639160156,120.25816883140328,122.97767639160156,225023300,0.0544,109.93304481506348,110.93400653203328,87.4,0.03070222176085359
NVDA,2025-05-13,124.95732666651304,131.19619232916256,124.44741706637032,129.9064178466797,330430100,0.0563,110.8938705444336,111.32119859967914,88.51,0.03264577791674559
NVDA,2025-05-14,133.17581874633882,135.4154176381041,131.65609038206884,135.3154296875,281180800,0.0416,112.05066032409668,111.80108322143555,89.04,0.03346466321675039
NVDA,2025-05-15,134.2656162138544,136.2752611112406,132.6359224746836,134.80552673339844,226632600,-0.0038,113.56738471984863,112.15183517456055,86.13,0.028163460369777012
NVDA,2025-05-16,136.19528579014883,136.32526708518697,133.43579205010155,135.37542724609375,226542500,0.0042,115.2625774383545,112.64854843139648,92.67,0.026499283009168387
NVDA,2025-05-19,132.36596428610483,135.84532822832756,132.36596428610483,135.54539489746094,193154600,0.0013,117.19522628784179,113.10627243041992,92.64,0.02273984215100518
NVDA,2025-05-20,134.26562607401144,134.55558199625042,132.59593092987555,134.35562133789062,161514200,-0.0088,118.9694049835205,113.65436981201172,89.51,0.02344725323381241
NVDA,2025-05-21,133.0358430493297,137.3750515435132,130.5662902103225,131.7760772705078,270608700,-0.0192,120.42364082336425,114.11528625488282,81.44,0.024030964673893037
NVDA,2025-05-22,132.20599574301846,134.22563338103308,131.5261264871436,132.80589294433594,187344000,0.0078,121.74340171813965,114.45702423095703,80.3,0.023407081699438972
NVDA,2025-05-23,129.97641506418768,132.65592152877483,129.13657112060253,131.26617431640625,198821300,-0.0116,122.75721740722656,114.77116714477539,78.08,0.02269967307902775
NVDA,2025-05-27,134.1256417936587,135.63537744884945,133.2857979393918,135.47540283203125,192953600,0.0321,124.09547424316406,115.04771682739258,81.34,0.022184653301443848
NVDA,2025-05-28,136.00531758419635,137.22509744866613,134.76553707682788,134.78553771972656,304021100,-0.0051,125.38474082946777,115.35326141357422,77.55,0.022411017027581023
NVDA,2025-05-29,142.22419152756274,143.46397204605128,137.88498259688382,139.1647491455078,369241900,0.0325,126.89796676635743,115.82837524414063,80.07,0.02272763446602072
NVDA,2025-05-30,138.6948289010735,139.59465948344436,132.8958783257386,135.10548400878906,333170900,-0.0292,128.07375373840333,116.18051147460938,73.32,0.024351264421942624
NVDA,2025-06-02,135.46541564458173,138.09492795630163,135.37542038395227,137.35507202148438,197663100,0.0167,129.21754608154296,116.55744323730468,70.24,0.024118398196790507
NVDA,2025-06-03,138.75480693174418,141.97422364617418,137.9249557656252,141.19436645507812,225578800,0.028,130.5872974395752,117.02775787353515,67.41,0.0241765850185235
NVDA,2025-06-04,142.1641966028205,142.36415725393297,139.5146683935161,141.8942413330078,167120800,0.005,132.00603942871095,117.43788330078125,61.87,0.02401197672653773
NVDA,2025-06-05,142.14419665233672,143.97386636815438,138.80480646885346,139.964599609375,231397900,-0.0136,133.15233154296874,117.8238133239746,58.85,0.02417468173197127
NVDA,2025-06-06,142.4841247816278,143.24399658328852,141.4843063108272,141.69427490234375,153986200,0.0124,134.36960983276367,118.3829116821289,60.43,0.024131972131331676
NVDA,2025-06-09,143.16402192873528,144.97369107987248,141.91424872977086,142.6041259765625,185114500,0.0064,135.66837463378906,119.0067985534668,61.37,0.02386034146312333
NVDA,2025-06-10,142.66410985007164,144.26381035974757,141.50431668274294,143.9338836669922,155881900,0.0093,136.7161849975586,119.69247421264649,65.36,0.02149394712838698
NVDA,2025-06-11,144.59379466225064,144.97375695921582,141.85409623212945,142.81399536132812,167694000,-0.0078,137.361563873291,120.38154754638671,68.57,0.018501576035286127
NVDA,2025-06-12,141.9540901919345,144.98374938964844,141.83410852298076,144.98374938964844,162365000,0.0152,137.84497985839843,121.07862228393554,69.73,0.016589054730216112
NVDA,2025-06-13,142.4640236398758,143.5639064320885,140.83421673860605,141.95408630371094,180820600,-0.0209,138.20240783691406,121.70970489501953,66.52,0.01741031983744427
NVDA,2025-06-16,143.33393622751285,146.16360555156524,143.18394388862183,144.6737823486328,183133700,0.0192,138.667325592041,122.56754989624024,64.91,0.017795572335186142
NVDA,2025-06-17,144.4738049491523,145.20371882793046,143.7638778428329,144.1038360595703,139108000,-0.0039,139.0952476501465,123.56376892089844,65.16,0.017867019749718816
NVDA,2025-06-18,143.9938476821936,145.63366319028128,143.10394808189747,145.46368408203125,161494100,0.0094,139.65065078735353,124.52059707641601,61.36,0.01768488129210342
NVDA,2025-06-20,145.4336890163692,146.1836049259659,142.6339999024593,143.83387756347656,242956200,-0.0112,140.25354080200196,125.47162414550782,67.26,0.017213497610886645
NVDA,2025-06-23,142.4840281213866,144.76377135076248,142.01407957999888,144.15383911132812,154308900,0.0022,140.82093811035156,126.06851577758789,64.55,0.0172031354241328
NVDA,2025-06-24,145.54367367470394,147.94341367999496,145.4836828445603,147.88340759277344,187566100,0.0259,141.65179977416992,126.87517440795898,64.39,0.01742626873731905
NVDA,2025-06-25,149.25328072295656,154.43269305532343,149.24327207878133,154.29270935058594,269146500,0.0433,142.59266510009766,127.74283126831055,71.41,0.01845437902675563
NVDA,2025-06-26,155.9625083392563,156.70243086817015,153.98273459501658,155.00262451171875,198145700,0.0046,143.60351943969727,128.62908569335937,77.11,0.01825459927626028
NVDA,2025-06-27,156.02250005395288,158.69221415352254,155.24258871826237,157.73231506347656,263234500,0.0176,144.5318977355957,129.54013931274415,77.91,0.017453098051032304
NVDA,2025-06-30,158.38224776867892,158.6422284044636,155.94253394670602,157.97230529785156,194580300,0.0015,145.67523880004882,130.61016464233398,77.38,0.0153816115437951
NVDA,2025-07-01,156.27249233706732,157.18239409932116,151.4730420343122,153.2828369140625,213143600,-0.0297,146.47162704467775,131.6463899230957,64.87,0.017366012632059273
NVDA,2025-07-02,152.962850389823,157.58234297497486,152.95285700312823,157.2323760986328,171224100,0.0258,147.27352752685547,132.85318908691406,71.04,0.01722334019197267
NVDA,2025-07-03,158.35225101493015,160.96195919540767,157.7523273944205,159.3221435546875,143716100,0.0133,148.14492263793946,134.06219100952148,70.98,0.017309550147701403
NVDA,2025-07-07,158.18227071828886,159.29214695363126,157.3223664705724,158.22227478027344,140139000,-0.0069,149.05780639648438,135.1728092956543,75.22,0.016972835107280915
NVDA,2025-07-08,159.31214783171163,160.20204749093682,158.3722507239072,159.98207092285156,138133000,0.0111,149.97219619750976,136.24423721313477,74.46,0.01695065904633986
NVDA,2025-07-09,161.20193770023792,164.40157611225678,161.14194686393122,162.86175537109375,183656400,0.018,150.98507766723634,137.28167510986327,77.92,0.017154376455556394
NVDA,2025-07-10,164.30159583301895,164.48156834124046,161.5918927660757,164.0816192626953,167704100,0.0075,151.9924644470215,138.38910217285155,77.82,0.017145289363799648
NVDA,2025-07-11,163.70165728031435,167.87118822352508,163.4516852914618,164.90151977539062,193633300,0.005,153.09684066772462,139.50712844848633,82.27,0.016810789142064318
NVDA,2025-07-14,165.35146259057728,165.4714595173457,162.00184716942397,164.05162048339844,136975800,-0.0052,154.05023422241212,140.61015625,79.99,0.01692789973604772
NVDA,2025-07-15,171.17081299302788,172.38066881478494,169.18103056842588,170.6808624267578,230627400,0.0404,155.48657302856446,141.79197860717773,81.6,0.01728389804352443
NVDA,2025-07-16,171.04083672550954,171.73076187811773,168.88107501049606,171.35079956054688,158831500,0.0039,156.82042388916017,142.92941009521485,78.11,0.01716526787011003
NVDA,2025-07-17,172.00073538495317,174.1404950617398,170.81086624213197,172.98062133789062,160841100,0.0095,158.26426315307617,144.113035736084,78.76,0.016910071741887724
NVDA,2025-07-18,173.62054394819432,174.23047621121117,171.24080573231237,172.39068603515625,146456400,-0.0034,159.61061325073243,145.29046142578125,75.17,0.0171466553436431
NVDA,2025-07-21,172.73065099594356,173.36058531454748,170.9808470061149,171.36080932617188,123126100,-0.006,160.9869598388672,146.3769024658203,72.38,0.016866803272451457
NVDA,2025-07-22,171.32080634495316,171.37080379639443,164.5615689540832,167.01129150390625,193114300,-0.0254,162.12983245849608,147.37015411376953,73.22,0.01849595688394174
NVDA,2025-07-23,169.511004310231,171.24080620570157,167.95118153678197,170.7608642578125,154082200,0.0225,163.27370529174806,148.45279479980468,73.03,0.018333234130513108
NVDA,2025-07-24,172.42067791171223,173.81052153075,171.28080627636527,173.7205352783203,128984600,0.0173,164.24509658813477,149.46765197753905,73.81,0.016479464094505788
NVDA,2025-07-25,173.59054858813744,174.70042482917586,172.9406275198062,173.48056030273438,122316800,-0.0014,165.16899337768555,150.33913482666014,75.97,0.01656203966589674
NVDA,2025-07-28,174.00050427681666,176.98016607778243,173.9505068282037,176.73019409179688,140023500,0.0187,166.11888732910157,151.16743011474608,77.13,0.016605163274368045
NVDA,2025-07-29,177.94006357342778,179.35990260986108,175.00039060425894,175.49032592773438,154077500,-0.007,166.9947883605957,151.9811260986328,71.6,0.01682895374675819
NVDA,2025-07-30,176.49022309733303,179.869849375745,176.0202745228646,179.2499237060547,174312200,0.0214,168.29314270019532,152.85861602783203,73.87,0.01499910435922584
NVDA,2025-07-31,182.87950237318685,183.2794667127293,175.9102820488597,177.85006713867188,221685400,-0.0078,169.32402725219725,153.70470947265625,70.02,0.014775188127754128
NVDA,2025-08-01,174.07048465468185,176.52020701181988,170.8708463561498,173.70053100585938,204529000,-0.0233,170.04294662475587,154.49160766601562,63.53,0.016069208050442974
NVDA,2025-08-04,175.14037394842856,180.17980241597783,174.500446281802,179.97982788085938,148174600,0.0362,171.13082427978514,155.45568267822264,63.17,0.017309808597561406
NVDA,2025-08-05,179.59986897635343,180.23979665506656,175.8802845759961,178.24002075195312,156407600,-0.0097,172.04372177124023,156.364365234375,59.47,0.01764677993587678
NVDA,2025-08-06,176.31023710297544,179.87982901005608,176.23024423927978,179.39988708496094,137192300,0.0065,172.8706283569336,157.32703948974608,58.94,0.01740581496905107
NVDA,2025-08-07,181.5496539748588,183.85939259097617,178.77996020998395,180.74974060058597,151878400,0.0075,173.70403442382812,158.23252624511719,61.4,0.01740581496905107
NVDA,2025-08-08,181.52965464990967,183.27945850723472,180.3797743894202,182.6795196533203,123396700,0.0107,174.59293441772462,159.19040588378905,65.07,0.01745267586179387
NVDA,2025-08-11,182.02960317073044,183.8193958765311,180.22980182096376,182.0395965576172,138323200,-0.0035,175.49233322143556,160.04790283203124,72.2,0.0174030691485575
NVDA,2025-08-12,182.9395060522284,184.4593247511904,179.43989822709233,183.1394805908203,145485700,0.006,176.11526412963866,161.00858276367188,69.84,0.015334113157133988
NVDA,2025-08-13,182.5995244354664,183.9493792108361,179.32990196930365,181.56964111328125,179871700,-0.0086,176.6262062072754,161.89287414550782,63.17,0.015575584807809413
NVDA,2025-08-14,179.7298534235828,182.99949119039164,179.43989264021437,181.9996032714844,129554000,0.0024,177.07715530395507,162.70897888183595,64.2,0.01550061034451972
NVDA,2025-08-15,181.85962676701385,181.87961354108583,178.02004541114613,180.4297790527344,156602200,-0.0086,177.47910995483397,163.47968963623046,56.53,0.015650406922572507
NVDA,2025-08-18,180.5797631442712,182.9194971983916,180.56975450061333,181.98959350585935,132008000,0.0086,178.01054916381835,164.32018951416015,61.35,0.01557855729419195
NVDA,2025-08-19,182.4095478886331,182.4795473671856,175.47033846497254,175.6203155517578,185229200,-0.035,178.44100036621094,164.99871032714844,44.19,0.016617000647719673
NVDA,2025-08-20,175.1503706193276,175.9802794498554,168.7810892510499,175.38034057617188,215142700,-0.0014,178.6719741821289,165.65423461914062,45.9,0.01596039506172438
NVDA,2025-08-21,174.83041312567687,176.88017120538285,173.79052111986658,174.96038818359375,140040900,-0.0024,178.73396682739258,166.27476470947266,52.39,0.015532894636527792
NVDA,2025-08-22,172.59066018618677,178.56998587344157,171.18081451068767,177.97006225585938,172789400,0.0172,178.95844192504882,166.97788604736328,45.65,0.015966131093826812
NVDA,2025-08-25,178.33002804439553,181.88962682620624,176.5502286534902,179.78985595703125,163012800,0.0102,179.11142501831054,167.67400817871095,53.34,0.015589946152974094
NVDA,2025-08-26,180.0398187111229,182.36955942503775,178.78995879531527,181.7496337890625,168688200,0.0109,179.42439041137695,168.46991912841796,54.9,0.015622092150473794
NVDA,2025-08-27,181.95959791056248,182.46955051009172,179.07993109949993,181.57965087890625,235518900,-0.0009,179.54087677001954,169.20803649902345,51.82,0.014935140476494746
NVDA,2025-08-28,180.79974711518173,184.44933204343067,176.39023757757425,180.1498107910156,281787800,-0.0079,179.6558639526367,169.92895599365235,44.32,0.01493816993652943
NVDA,2025-08-29,178.09004428153852,178.130033086625,173.13059331145078,174.1604766845703,243257900,-0.0332,179.67886123657226,170.50289184570312,35.75,0.01590933191888532
NVDA,2025-09-02,169.980952871088,172.36069109354864,167.20126556823303,170.7608642578125,231164900,-0.0195,179.21791305541993,171.04143157958984,29.33,0.01405171931791529
NVDA,2025-09-03,171.0408442884315,172.3906992342715,168.86109570238054,170.60089111328125,164424900,-0.0009,178.83595657348633,171.5703726196289,30.77,0.013952984023422904
NVDA,2025-09-04,170.55090333056648,171.8407521362954,169.39102958990665,171.64077758789062,141670100,0.0061,178.4480010986328,172.04552001953124,32.22,0.013940296568619073
NVDA,2025-09-05,168.01117837826322,169.0110663720669,164.05163046676552,167.0012969970703,224441400,-0.027,177.76057891845704,172.29969177246093,29.15,0.01479617304718032
NVDA,2025-09-08,167.5312283491485,170.940849905597,167.33125381142952,168.2911376953125,163769100,0.0077,177.04115982055663,172.5654620361328,28.55,0.014655550412548035
NVDA,2025-09-09,169.0710489481518,170.96083655380465,166.7213214317911,170.74085998535156,157548400,0.0146,176.47622299194336,172.8256329345703,41.29,0.015234803472382088
NVDA,2025-09-10,176.62020974984335,179.26990675759993,175.45034266016896,177.3101348876953,226852000,0.0385,176.18475570678712,173.2123895263672,52.81,0.017776163815626814
NVDA,2025-09-11,179.66999584989978,180.26996857097555,176.4701769393558,177.16014099121094,151159300,-0.0008,175.9642807006836,173.68993560791014,53.23,0.017696657430445063
NVDA,2025-09-12,177.76010410307373,178.59005971058946,176.44017029123495,177.8101043701172,124911000,0.0037,175.75480575561522,174.10149017333984,49.75,0.017712453989094497
NVDA,2025-09-15,175.66021109761542,178.84004186496986,174.50027206258352,177.74009704589844,147061600,-0.0004,175.62032165527344,174.46984924316405,46.58,0.017622069745216174
NVDA,2025-09-16,176.99014687805604,177.49011904437822,174.37029760906842,174.87026977539062,140737800,-0.0161,175.26435546875,174.8028091430664,38.86,0.01780828015573832
NVDA,2025-09-17,172.63039291663662,173.1903593144249,168.40063256525568,170.280517578125,211843800,-0.0262,174.99736557006835,175.00877807617186,33.99,0.01703763326781103
NVDA,2025-09-18,173.9703101424577,177.09014682532762,172.95037791227023,176.23019409179688,191763300,0.0349,175.03985824584962,175.27614685058595,45.08,0.018871333732465904
NVDA,2025-09-19,175.7602124903078,178.07008136373162,175.17023376194967,176.66015625,237182100,0.0024,175.1248466491699,175.52771759033203,53.65,0.018864036376689184
NVDA,2025-09-22,175.29024236301854,184.53972732383275,174.70027887607205,183.5997772216797,269637000,0.0393,175.40633239746094,175.9016827392578,66.98,0.02046308872091406
NVDA,2025-09-23,181.9598706713119,182.409842567533,176.20019683221489,178.42005920410156,192559600,-0.0282,175.33784255981445,176.18905151367187,59.13,0.021410068954386373
NVDA,2025-09-24,179.75999113536878,179.76998508551358,175.39022416770254,176.96014404296875,143564100,-0.0082,175.09836807250977,176.3146371459961,56.15,0.02131701754097194
NVDA,2025-09-25,174.47028665549124,180.24996380236053,173.12037093203185,177.68011474609375,191586700,0.0041,174.90339126586915,176.44122344970702,63.58,0.021348843799581924
NVDA,2025-09-26,178.16008106951017,179.7599981152731,174.920255917913,178.18008422851562,148573700,0.0028,174.80490493774414,176.54521270751954,62.83,0.021297012392401556
NVDA,2025-09-29,180.4199550960203,183.9897638156017,180.30997586310093,181.8398895263672,193063500,0.0205,175.188875579834,176.73419677734375,63.97,0.020295041525612015
NVDA,2025-09-30,182.06986121505477,187.3395719841704,181.4698885277926,186.56961059570312,236981000,0.026,175.97931289672852,177.0383728027344,62.22,0.02026522559511867
NVDA,2025-10-01,185.22969505995903,188.1295275431824,183.88975804814035,187.2295837402344,173844900,0.0035,176.81074752807618,177.44273864746094,63.11,0.02022576262305604
NVDA,2025-10-02,189.5894532800495,191.0393695238543,188.049530449462,188.8794860839844,136805800,0.0088,177.67268295288085,177.80511108398437,64.04,0.02024347783205352
NVDA,2025-10-03,189.1794627061203,190.34939569471345,185.36967740169,187.6095428466797,137596900,-0.0067,178.70309524536134,178.08289123535155,62.15,0.019027207666364173
NVDA,2025-10-06,185.4896720264872,187.21957143407985,183.3197946752433,185.5296630859375,157678100,-0.0111,179.56502151489258,178.32387329101562,63.39,0.019400056972244076
NVDA,2025-10-07,186.21962980709276,189.0494741147918,183.9897582054133,185.0296936035156,140088000,-0.0027,180.2794631958008,178.48986328125,70.64,0.019338357710709783
NVDA,2025-10-08,186.55962017208088,189.58945025835604,186.52960780500516,189.09947204589844,130168900,0.022,180.86893005371093,178.7620462036133,69.01,0.01811131080146792
NVDA,2025-10-09,192.21928773885008,195.28912405123697,191.04935474353755,192.5592803955078,182997200,0.0183,181.63888702392578,179.02823333740236,71.56,0.018380861757473957
NVDA,2025-10-10,193.49922565779727,195.6091088464203,182.0398719523004,183.1498107910156,268774400,-0.0489,181.9058723449707,179.1342282104492,49.43,0.021902282385272333
NVDA,2025-10-13,187.9595379156231,190.09941818271824,185.94965529464977,188.3095245361328,153482800,0.0282,182.43434371948243,179.4264080810547,62.57,0.022677539897208294
NVDA,2025-10-14,184.75971529942103,184.78971240822688,179.68999030007896,180.0199737548828,205641400,-0.044,182.69182891845702,179.42721099853514,53.31,0.024691728851666313
NVDA,2025-10-15,184.7897166440438,184.85970481354863,177.2801249034248,179.8199920654297,214450500,-0.0011,183.16880264282227,179.45881042480468,52.34,0.023819352481366473
NVDA,2025-10-16,182.21985578014733,183.26980040587236,179.76000120804414,181.7998809814453,179723300,0.011,183.4472869873047,179.50681030273438,53.84,0.022708055607508194
NVDA,2025-10-17,180.1699689260444,184.0897642761056,179.74000017155936,183.20980834960935,173135200,0.0078,183.77476959228517,179.55601165771483,51.53,0.022747633769367382
NVDA,2025-10-20,183.1198152646831,185.18969215276272,181.71988400794237,182.6298370361328,128544700,-0.0032,183.7262725830078,179.5550180053711,45.16,0.021005048891810953
NVDA,2025-10-21,182.77981647710283,182.77981647710283,179.78999271004406,181.14991760253903,124240200,-0.0081,183.86276550292968,179.53722442626952,42.68,0.020046537960718466
NVDA,2025-10-22,181.1299112106735,183.42978616900905,176.7501502622395,180.26995849609372,162249600,-0.0049,184.02825622558595,179.479833984375,39.44,0.019980734800249336
NVDA,2025-10-23,180.40994799999945,183.01980322210497,179.7799782111653,182.1498565673828,111363700,0.0104,184.2517433166504,179.49143829345704,43.4,0.020079685990415395
NVDA,2025-10-24,183.8297551720498,187.45955783835475,183.48977777431884,186.24961853027344,131296700,0.0225,184.65522003173828,179.57643859863282,50.83,0.020626178435233837
NVDA,2025-10-27,189.979423148828,191.98930570001696,188.41949722334647,191.47933959960935,153452700,0.0281,185.1371925354004,179.7974298095703,56.7,0.02104270032201441
NVDA,2025-10-28,193.03926234185508,203.1386912540773,191.8993263782752,201.0188140869141,297986200,0.0498,185.85965270996093,180.1780142211914,61.12,0.023005474748873423
NVDA,2025-10-29,207.96842303697136,212.1781954922272,204.76860414707735,207.02847290039065,308829600,0.0299,186.84959716796874,180.80617736816407,62.89,0.023722396146834926
NVDA,2025-10-30,205.1385766163601,206.1485301715792,201.3987945248924,202.8787078857422,178864400,-0.02,187.54955825805663,181.35614471435548,69.38,0.024364496927421174
NVDA,2025-10-31,206.4385001794789,207.95841980607932,202.05875446792163,202.47872924804688,179802200,-0.002,188.293017578125,181.90651153564454,65.36,0.024279751147601857
NVDA,2025-11-03,208.06841462190084,211.32822759164597,205.5485506791992,206.8684844970703,180267300,0.0217,189.35995864868164,182.48447998046876,81.79,0.024306754530160412
NVDA,2025-11-04,202.9886974067508,203.9586446199207,197.9189723693821,198.67893981933597,188919300,-0.0396,190.04242095947265,182.86226165771484,68.78,0.026299839403151854
NVDA,2025-11-05,198.75894188581304,202.90870481768465,194.63916080574023,195.1991424560547,171350300,-0.0175,190.34740447998047,183.1312518310547,62.95,0.026351762150206435
NVDA,2025-11-06,196.40906647995496,197.60899664277025,186.3696319662745,188.0695343017578,223029800,-0.0365,190.12291717529297,183.26104949951173,54.23,0.02738759996018175
NVDA,2025-11-07,184.8897071775586,188.3095303364016,178.90005019006267,188.1395263671875,264942300,0.0004,190.37240295410157,183.42084381103516,54.84,0.024941837078332967
NVDA,2025-11-10,195.09914200543773,199.9288750287355,193.7792081445882,199.03892517089844,198897100,0.0579,190.90887298583985,183.9184127807617,63.48,0.027371866078723585
NVDA,2025-11-11,195.149134832034,195.4091148592836,191.28934919242403,193.1492462158203,176483300,-0.0296,191.56533660888672,184.36618041992188,59.02,0.02623257316270827
NVDA,2025-11-12,195.7091063792789,195.8790950852001,191.1193655455878,193.78921508789065,154935300,0.0033,192.26379776000977,184.82994689941407,58.3,0.02620731316174733
NVDA,2025-11-13,191.03936321053533,191.42934088057365,183.8397672401686,186.8495941162109,207423100,-0.0358,192.51628341674805,185.13412322998047,50.41,0.027607895514450972
NVDA,2025-11-14,182.8498180673128,190.9993581321044,180.56994624954729,190.15940856933597,186591900,0.0177,192.86376342773437,185.59728546142577,49.07,0.027810465182808622
NVDA,2025-11-17,185.9596450685713,188.98947511566345,184.30974305565783,186.5896148681641,173628900,-0.0188,193.06175231933594,185.96325500488283,38.91,0.028186847903531927
NVDA,2025-11-18,183.36979105504545,184.7897101334883,179.63998782140993,181.3498992919922,213598900,-0.0281,193.0717514038086,186.17543579101562,30.03,0.0288893255646259
NVDA,2025-11-19,184.7796984316032,187.8495347223247,182.8198161698128,186.50961303710935,247246400,0.0285,193.38373413085938,186.35942535400392,37.47,0.02952252084158982
NVDA,2025-11-20,195.9390891568929,195.9890894251709,179.83999453744622,180.62994384765625,343504800,-0.0315,193.30773849487304,186.42882141113282,34.57,0.03037792827557188
NVDA,2025-11-21,181.22991004695135,184.5497171819005,172.92036011460985,178.8700408935547,346926200,-0.0097,192.93875961303712,186.45002014160156,29.46,0.02997440838273104
NVDA,2025-11-24,179.48001348627363,183.4897847612219,176.47017128450955,182.5398406982422,256618300,0.0205,192.49178466796874,186.54601501464845,37.32,0.02962433388102991
NVDA,2025-11-25,174.90026276869568,178.15008177330986,169.54056066153746,177.8101043701172,320600300,-0.0259,191.33134918212892,186.60481170654296,36.6,0.027415333300910276
NVDA,2025-11-26,181.61988829154,182.8998157763143,178.2300777211247,180.2499542236328,183852000,0.0137,189.992423248291,186.80420043945313,43.5,0.02653151601596228
NVDA,2025-11-28,179.0000253919654,179.28000857805475,176.49017066740046,176.99014282226562,121332800,-0.0181,188.6979949951172,186.8193994140625,41.21,0.026484237616085215
NVDA,2025-12-01,174.75027181562072,180.28997214473748,173.67033006996684,179.9099884033203,188131000,0.0165,187.56955795288087,186.8843960571289,32.74,0.026967240847876304
NVDA,2025-12-02,181.74987648908228,185.6496685428864,179.98997995570696,181.4499053955078,182632200,0.0086,186.29862899780272,186.84139862060547,38.54,0.02642429105756173
NVDA,2025-12-03,181.06992440272876,182.43984327721984,179.1000328161426,179.5800018310547,165138000,-0.0103,185.34368209838868,186.86459747314453,36.41,0.025261730469542054
NVDA,2025-12-04,181.6199951171875,184.5200042724609,179.9600067138672,183.3800048828125,167364900,0.0212,184.75272521972656,186.9929946899414,46.47,0.025710677691737745
NVDA,2025-12-05,183.88999938964844,184.66000366210935,180.91000366210935,182.41000366210935,143971100,-0.0053,184.46974868774413,187.08759246826173,41.72,0.024475151738683434
NVDA,2025-12-08,182.63999938964844,188.0,182.3999938964844,185.5500030517578,204378100,0.0172,184.34027252197265,187.23499084472655,48.88,0.02482025912753319
NVDA,2025-12-09,185.55999755859372,185.72000122070312,183.32000732421875,184.97000122070312,144719700,-0.0031,183.6368263244629,187.2975930786133,54.34,0.020682066984149382
NVDA,2025-12-10,184.97000122070312,185.47999572753903,182.0399932861328,183.77999877929688,162785400,-0.0064,183.16836395263672,187.24180084228516,46.38,0.019768632782902897
NVDA,2025-12-11,180.27999877929688,181.32000732421875,176.6199951171875,180.92999267578125,182136600,-0.0155,182.52540283203126,187.1158090209961,50.43,0.01993510788322424
NVDA,2025-12-12,181.1100006103516,182.82000732421875,174.6199951171875,175.02000427246094,204274900,-0.0327,181.93392333984374,186.83861938476562,45.05,0.019678946136737898
NVDA,2025-12-15,177.94000244140625,178.4199981689453,175.02999877929688,176.2899932861328,164775600,0.0073,181.2404525756836,186.6122283935547,41.43,0.019233454270044543
NVDA,2025-12-16,176.25999450683594,178.49000549316406,174.89999389648438,177.72000122070312,148588100,0.0081,180.79697189331054,186.45603515625,49.86,0.019053926242723774
NVDA,2025-12-17,176.10000610351562,176.1300048828125,170.30999755859375,170.94000244140625,222775500,-0.0381,180.27647705078124,186.1742413330078,37.59,0.01988121303087282
NVDA,2025-12-18,174.52999877929688,176.14999389648438,171.82000732421875,174.13999938964844,176096000,0.0187,179.6579963684082,185.87505187988282,46.19,0.01917883702088539
NVDA,2025-12-19,176.6699981689453,181.4499969482422,176.33999633789062,180.9900054931641,324925900,0.0393,179.6759994506836,185.64366638183594,51.31,0.02019525739010601
NVDA,2025-12-22,183.9199981689453,184.16000366210935,182.3500061035156,183.69000244140625,129064400,0.0149,179.91699752807617,185.65447021484374,52.63,0.020302996926821575
NVDA,2025-12-23,182.97000122070312,189.3300018310547,182.8999938964844,189.2100067138672,174873600,0.0301,180.25050582885743,185.67247985839845,60.42,0.020880358436124905
NVDA,2025-12-24,187.94000244140625,188.91000366210935,186.58999633789065,188.6100006103516,65528500,-0.0032,180.79050064086914,185.8442803955078,56.08,0.01987620833797877
NVDA,2025-12-26,189.9199981689453,192.69000244140625,188.0,190.52999877929688,139740300,0.0102,181.30450286865235,186.05848052978516,59.24,0.019793622045603743
NVDA,2025-12-29,187.7100067138672,188.75999450683597,185.91000366210935,188.22000122070312,120006100,-0.0121,181.86599578857422,186.18688293457032,53.1,0.019500771914546303
NVDA,2025-12-30,188.2400054931641,188.9900054931641,186.92999267578125,187.5399932861328,97687300,-0.0036,182.24749603271485,186.2734866333008,52.97,0.019299966593917094
NVDA,2025-12-31,189.57000732421875,190.55999755859372,186.4900054931641,186.5,120100500,-0.0055,182.50000076293946,186.35088989257812,53.16,0.01931390009402827
NVDA,2026-01-02,189.83999633789065,192.92999267578125,188.25999450683597,188.8500061035156,148240500,0.0126,182.9635009765625,186.50489166259766,59.3,0.019252490611264873
NVDA,2026-01-05,191.75999450683597,193.6300048828125,186.1499938964844,188.1199951171875,183529700,-0.0039,183.20050048828125,186.66189239501952,67.52,0.018796094219138634
NVDA,2026-01-06,190.5200042724609,192.1699981689453,186.82000732421875,187.2400054931641,176862600,-0.0047,183.44200057983397,186.76369537353514,64.8,0.018785229359932317
NVDA,2026-01-07,188.57000732421875,191.3699951171875,186.55999755859372,189.1100006103516,153543200,0.01,183.62000045776367,186.8209030151367,65.22,0.018535445417958134
NVDA,2026-01-08,189.1100006103516,189.5500030517578,183.7100067138672,185.0399932861328,172457000,-0.0215,183.62350006103514,186.69211608886718,70.31,0.019200630472104706
NVDA,2026-01-09,185.0800018310547,186.33999633789065,183.6699981689453,184.8600006103516,131327500,-0.001,183.6775001525879,186.36893981933594,66.91,0.01914081063014175
NVDA,2026-01-12,183.22000122070312,187.1199951171875,183.0200042724609,184.94000244140625,137968500,0.0004,183.87800064086915,185.92717041015624,57.92,0.018769187375505685
NVDA,2026-01-13,185.0,188.1100006103516,183.3999938964844,185.80999755859372,160128900,0.0047,184.4175003051758,185.58579620361328,54.59,0.016985451204827588
NVDA,2026-01-14,184.32000732421875,184.4600067138672,180.8000030517578,183.13999938964844,159586100,-0.0144,184.76000061035157,185.1990216064453,35.01,0.017393571105137486
NVDA,2026-01-15,186.5,189.6999969482422,186.3300018310547,187.0500030517578,206188600,0.0213,185.22650070190429,184.80265197753906,46.69,0.01787888787310182
NVDA,2026-01-16,189.0800018310547,190.44000244140625,186.0800018310547,186.22999572753903,187967200,-0.0044,185.99100036621093,184.55367309570312,40.43,0.01522074329051605
NVDA,2026-01-20,181.8999938964844,182.3800048828125,177.61000061035156,178.07000732421875,223345300,-0.0438,186.18750076293946,184.2110903930664,32.07,0.018244771421164097
NVDA,2026-01-21,179.0500030517578,185.3800048828125,178.39999389648438,183.32000732421875,200381000,0.0295,186.3040008544922,184.11609985351564,43.58,0.01727549527053002
NVDA,2026-01-22,184.75,186.1699981689453,183.92999267578125,184.83999633789065,139636600,0.0083,186.36150054931642,184.0501092529297,47.51,0.01705318306450672
NVDA,2026-01-23,187.5,189.6000061035156,186.82000732421875,187.6699981689453,142748100,0.0153,186.2845001220703,183.82273071289063,48.26,0.015986602943846774
NVDA,2026-01-26,187.16000366210935,189.1199951171875,185.9900054931641,186.47000122070312,124799600,-0.0064,186.1775001525879,183.68914581298827,47.6,0.01603320567480272
NVDA,2026-01-27,187.2400054931641,190.0,185.6999969482422,188.5200042724609,143711600,0.011,186.0770004272461,183.5837615966797,51.8,0.01606214575689653
NVDA,2026-01-28,191.2700042724609,192.3500061035156,189.83999633789065,191.5200042724609,148552700,0.0159,186.24200057983398,183.6771697998047,53.29,0.016209188427360702
NVDA,2026-01-29,191.33999633789065,193.47999572753903,186.05999755859372,192.50999450683597,171764400,0.0052,186.49050064086913,183.7241815185547,61.14,0.016197468938077945
NVDA,2026-01-30,191.2100067138672,194.4900054931641,189.47000122070312,191.1300048828125,179489500,-0.0072,186.72200088500978,183.81498931884767,59.03,0.01624015410219859
NVDA,2026-02-02,187.1999969482422,190.3000030517578,184.8800048828125,185.6100006103516,165794100,-0.0289,186.56000061035155,183.90019134521484,50.83,0.017340372727129866
NVDA,2026-02-03,186.2400054931641,186.2700042724609,176.22999572753906,180.33999633789065,204019600,-0.0284,186.1710006713867,183.77679901123048,43.86,0.01840859281622808
NVDA,2026-02-04,179.4600067138672,179.5800018310547,171.91000366210938,174.19000244140625,207014100,-0.0341,185.51850051879882,183.64800018310547,40.69,0.019763333274153503
NVDA,2026-02-05,174.92999267578125,176.82000732421875,171.02999877929688,171.8800048828125,206312900,-0.0133,184.65700073242186,183.50819946289062,33.67,0.019616504866002367
NVDA,2026-02-06,176.69000244140625,187.0,174.60000610351562,185.41000366210935,231346200,0.0787,184.6755012512207,183.56560272216797,49.31,0.02661678536483876
NVDA,2026-02-09,184.25999450683597,193.66000366210935,183.9499969482422,190.0399932861328,196387400,0.025,184.93450088500975,183.8102005004883,60.76,0.027172908334744388
NVDA,2026-02-10,191.3800048828125,192.47999572753903,188.1199951171875,188.5399932861328,136764800,-0.0079,185.1145004272461,183.9760012817383,55.03,0.027257379010578325
NVDA,2026-02-11,192.4499969482422,193.25999450683597,188.7700042724609,190.0500030517578,144192700,0.008,185.3265007019043,184.2371984863281,55.02,0.027288981774990975
NVDA,2026-02-12,193.02999877929688,193.6100006103516,186.50999450683597,186.94000244140625,189932500,-0.0164,185.5165008544922,184.37779876708984,49.3,0.02735378545918953
NVDA,2026-02-13,187.47999572753903,187.5,181.58999633789065,182.80999755859372,161888000,-0.0221,185.30450057983398,184.40500061035155,46.68,0.027410927517477788
NVDA,2026-02-17,181.75,187.1499938964844,179.17999267578125,184.97000122070312,162276900,0.0118,185.2415008544922,184.51280059814454,46.78,0.02753801009513941
NVDA,2026-02-18,188.75,190.3699951171875,186.75999450683597,187.97999572753903,164749100,0.0163,185.73700027465821,184.60480041503905,46.79,0.0257252134153083
NVDA,2026-02-19,187.05999755859372,188.42999267578125,185.66000366210935,187.8999938964844,126554500,-0.0004,185.96599960327148,184.71460021972655,45.75,0.024962553007086014
NVDA,2026-02-20,186.57000732421875,190.3300018310547,185.94000244140625,189.82000732421875,178422300,0.0102,186.2150001525879,184.8000003051758,48.81,0.02499331015755174
NVDA,2026-02-23,191.3999938964844,193.9499969482422,189.5800018310547,191.5500030517578,171584800,0.0091,186.40900039672852,184.93160034179687,55.82,0.024852691795330426
NVDA,2026-02-24,191.4900054931641,193.7700042724609,187.3999938964844,192.8500061035156,175123600,0.0068,186.72800064086914,185.11300048828124,63.29,0.024812545108006193
NVDA,2026-02-25,194.4499969482422,197.6300048828125,193.7899932861328,195.55999755859372,250637100,0.0141,187.0800003051758,185.4056005859375,74.49,0.02488154251437673
NVDA,2026-02-26,194.2700042724609,194.2899932861328,184.32000732421875,184.88999938964844,360807900,-0.0546,186.74850006103514,185.60300048828125,62.51,0.027664807113579864
NVDA,2026-02-27,181.25,182.58999633789065,176.3800048828125,177.19000244140625,311636500,-0.0416,185.98250045776368,185.62100067138672,41.1,0.02902266763828069
NVDA,2026-03-02,175.00999450683594,183.4600067138672,174.63999938964844,182.47999572753903,209095300,0.0299,185.55,185.71620056152344,41.93,0.02996069179160553
NVDA,2026-03-03,178.49000549316406,180.8999938964844,176.9199981689453,180.0500030517578,178099400,-0.0133,185.27200012207032,185.89840057373047,41.11,0.029418663964797656
NVDA,2026-03-04,180.3699951171875,184.6999969482422,180.05999755859375,183.0399932861328,175709563,0.0166,185.40699996948243,186.07640045166016,42.88,0.0289385446838823
QQQ,2025-03-05,493.69615719563,501.08865768290207,488.7810823027222,499.4768371582031,46323700,,499.4768371582031,499.4768371582031,,
QQQ,2025-03-06,491.1988602040493,496.0641696484696,483.7466641946697,485.736572265625,57574300,-0.0275,492.60670471191406,492.60670471191406,,
QQQ,2025-03-07,484.7017992368597,490.7909129209113,478.1052492912749,489.3084411621094,54714700,0.0074,491.5072835286458,491.5072835286458,,0.02467802666341051
QQQ,2025-03-10,481.0105435501093,481.5279087208424,466.2951647732502,470.3446350097656,76668000,-0.0388,486.2166213989258,486.2166213989258,,0.024083673584678344
QQQ,2025-03-11,469.9665218868212,476.3939161417845,464.6534712392536,469.2203063964844,68760800,-0.0024,482.8173583984375,482.8173583984375,,0.021469260971599995
QQQ,2025-03-12,476.7421760776683,478.632582659648,469.40936974367503,474.5134887695313,46971100,0.0113,481.4333801269531,481.4333801269531,,0.022078836020044176
QQQ,2025-03-13,473.846835269,473.876682674001,464.0763798508384,465.9767456054688,46563300,-0.018,479.2252894810268,479.2252894810268,,0.020016160137915233
QQQ,2025-03-14,471.3395844196507,478.135107096926,470.7326466711819,477.2396545410156,43563000,0.0242,478.9770851135254,478.9770851135254,,0.02267699694571992
QQQ,2025-03-17,477.1898651106022,483.3884393542646,475.3890008308422,480.33392333984375,41744400,0.0065,479.12784491644965,479.12784491644965,,0.02147383374514867
QQQ,2025-03-18,476.9909292232243,477.18990181693584,470.02625080796986,472.1455078125,39072300,-0.017,478.4296112060547,478.4296112060547,,0.020503597245361604
QQQ,2025-03-19,474.40401064913135,482.8810077328089,472.4737974749432,478.4634399414063,40430300,0.0134,478.4326865456321,478.4326865456321,,0.02028428236618469
QQQ,2025-03-20,474.4737097376755,482.10499057927984,473.7772297315293,476.8417053222656,36780500,-0.0034,478.30010477701825,478.30010477701825,,0.01924448445186781
QQQ,2025-03-21,471.6877671830669,479.1797694014654,470.52368803573967,478.4136657714844,42234900,0.0033,478.308840238131,478.308840238131,,0.018470410407082475
QQQ,2025-03-24,486.0025283432093,489.7591180442307,482.674429976512,488.9121398925781,34567200,0.0219,479.0662187848772,479.0662187848772,44.37,0.01902705900445401
QQQ,2025-03-25,489.639545469345,491.8615821216475,488.67299966529646,491.7021484375,26035200,0.0057,479.9086140950521,479.9086140950521,45.97,0.018380747213643633
QQQ,2025-03-26,490.5462802575752,491.4032325143907,481.1000700784772,482.6545104980469,34627100,-0.0184,480.08023262023926,480.08023262023926,48.32,0.018275752867040605
QQQ,2025-03-27,480.69152170184447,484.84664994408064,478.5392125885613,479.9043273925781,33469800,-0.0057,480.06988525390625,480.06988525390625,44.84,0.0176787242658136
QQQ,2025-03-28,478.10080496658304,478.8082672702437,466.3826870366339,467.26953125,46363800,-0.0263,479.35875447591144,479.35875447591144,48.19,0.018076577304866746
QQQ,2025-03-31,460.2745390190723,468.1862267806507,455.70086298518777,467.2496032714844,53000300,-0.0,478.72143072831005,478.72143072831005,48.82,0.017559151199578904
QQQ,2025-04-01,465.6353253704141,471.94279304476703,462.7656103358645,471.01611328125,41156200,0.0081,478.336164855957,478.336164855957,47.87,0.017272265907825855
QQQ,2025-04-02,464.4595575234652,477.85168326885497,464.2004739785432,474.4538269042969,49894500,0.0073,477.0850143432617,478.1512916201637,55.5,0.01696654913274011
QQQ,2025-04-03,454.8140661780558,458.4311402122496,448.5365202800929,449.0546569824219,70456300,-0.0535,475.25091857910155,476.8287173184481,34.54,0.01975610764988094
QQQ,2025-04-04,436.57922963452495,438.8012662497565,421.1643371582031,421.1643371582031,117088400,-0.0621,471.8437133789063,474.4085268766984,24.48,0.023461984368895905
QQQ,2025-04-07,407.2042370577914,441.5614201479207,400.9565835810788,422.1806945800781,161557000,0.0024,469.4355163574219,472.23236719767254,27.03,0.022321980552573593
QQQ,2025-04-08,436.5991608457656,441.5614317044957,408.3302272191484,414.577880859375,101248100,-0.018,466.7033950805664,469.92618774414063,20.97,0.02249328028311426
QQQ,2025-04-09,414.0896201649672,466.16343342206665,413.9501042914269,464.3399658203125,142876900,0.12,466.1947189331055,469.71133305476263,46.05,0.035968152579747545
QQQ,2025-04-10,451.9442914367033,453.96705879904806,431.0888571820337,444.590576171875,108384100,-0.0425,465.12541046142576,468.7809346516927,40.41,0.03699869805675244
QQQ,2025-04-11,443.0660130344274,454.166343503739,439.7578326035757,452.7812805175781,52483800,0.0184,463.9024917602539,468.2095184326172,39.62,0.0368072000250523
QQQ,2025-04-14,462.8054576620582,463.3933522712816,451.0176127444343,455.850341796875,43941200,0.0068,462.67831268310545,467.7833399279364,39.72,0.036810905134784515
QQQ,2025-04-15,456.9065489675489,460.7328660655078,454.5250482813498,456.3584899902344,35404200,0.0011,461.8889617919922,467.4025115966797,42.07,0.036644319944713476
QQQ,2025-04-16,447.43041565591307,451.0076233213972,436.2005738134235,442.5976867675781,48980600,-0.0302,460.0956741333008,466.60235595703125,39.45,0.03703270922619055
QQQ,2025-04-17,445.5770765238,446.1549970317344,439.78774529191,442.51800537109375,44837000,-0.0002,458.3794891357422,465.8497200012207,42.47,0.03703896206059662
QQQ,2025-04-21,436.668925487824,437.5158732469855,426.4055984325901,431.567138671875,44149300,-0.0247,456.0371627807617,464.81085390033144,39.82,0.03731268268931737
QQQ,2025-04-22,437.2568260974721,445.9856002161295,436.06108861931057,442.8966674804688,52304400,0.0263,453.73638916015625,464.1663190056296,42.31,0.03748905629787529
QQQ,2025-04-23,456.53789090300927,461.729322993314,451.2667267648559,452.9407348632813,55801100,0.0227,451.79831848144534,463.8455880301339,44.32,0.037917401573753215
QQQ,2025-04-24,454.8539073702654,465.99407392862616,454.2061985166322,465.6851806640625,45956100,0.0281,450.9498519897461,463.8966878255208,54.71,0.038373730049276376
QQQ,2025-04-25,465.3065340969529,471.4047282191122,463.7321758428064,470.8766174316406,38697100,0.0111,450.4984664916992,464.0853345716322,66.14,0.03845153340313792
QQQ,2025-04-28,471.34492884890216,473.1185867567387,464.3698648773637,470.7271423339844,33550800,-0.0003,450.6713470458984,464.26011898643094,65.85,0.037961204572979225
QQQ,2025-04-29,468.4951374553907,474.722873222181,467.91718654726753,473.8360290527344,30613100,0.0066,451.00066833496095,464.5056551419772,69.93,0.03798037027618068
QQQ,2025-04-30,465.4659581608863,475.5000933242452,460.7826887017505,473.7762451171875,46810600,-0.0001,451.1386749267578,464.73741989135743,54.77,0.03794814190028558
QQQ,2025-05-01,481.687990149686,485.4445496274069,479.0274879012116,479.9641418457031,43316500,0.0131,451.4141906738281,465.1088033536585,70.72,0.0380212336796995
QQQ,2025-05-02,484.8068330037864,489.1612611202772,483.1029025512637,487.0886535644531,39218100,0.0148,453.3158905029297,465.63213312058224,70.35,0.035850174704118096
QQQ,2025-05-05,482.87372581995743,487.2879376271539,482.37550695931134,484.198974609375,28309500,-0.0059,456.4676223754883,466.0639201319495,66.85,0.03237575237898361
QQQ,2025-05-06,477.85165256506167,483.3220857108989,476.4865378055177,479.695068359375,32786300,-0.0093,459.3433410644531,466.3737189553001,63.24,0.032577355713181474
QQQ,2025-05-07,480.36271382704064,484.06946360216114,475.0816057321311,481.578369140625,38006300,0.0039,462.6933654785156,466.7116000705295,75.56,0.032060670692659526
QQQ,2025-05-08,486.7897334740293,490.9448922772597,482.4452794741909,486.5505981445313,39577600,0.0103,463.80389709472655,467.1428826373556,77.13,0.01833337480059105
QQQ,2025-05-09,488.46373075344206,489.789009962343,484.4680361370782,486.2317199707031,27767400,-0.0007,465.88595428466795,467.5490281125332,88.76,0.015015812717896657
QQQ,2025-05-12,505.1839717833884,506.0807900972725,499.69362038673546,506.0409240722656,45090600,0.0407,468.54893646240237,468.35094261169434,89.97,0.016815358737585228
QQQ,2025-05-13,507.34623920694446,515.5469326874095,506.60888501619945,513.7533569335938,53269600,0.0152,471.44408721923827,469.2775224958147,89.67,0.016948525009569407
QQQ,2025-05-14,514.9291670405382,517.3803650369858,513.9127810511419,516.8323364257812,47014500,0.006,474.4677795410156,470.2286187744141,88.17,0.016907429074070855
QQQ,2025-05-15,514.6800131330596,520.0707142555518,513.3347857660638,517.4002685546875,50153300,0.0011,478.2079086303711,470.58708740234374,87.3,0.01464094025597219
QQQ,2025-05-16,518.8052741008747,519.8416083280616,515.2579579935311,519.6522827148438,48394600,0.0044,482.0646224975586,471.2654016113281,87.94,0.014542217126262696
QQQ,2025-05-19,512.4081714236444,520.6686798199481,512.4081714236444,520.1505126953125,52536200,0.001,486.4937911987305,471.8822430419922,87.44,0.012473656451223817
QQQ,2025-05-20,517.6194881585196,519.0743091661009,514.819500517199,518.4166870117188,42517600,-0.0033,490.269792175293,472.84368408203125,85.13,0.01212019193872682
QQQ,2025-05-21,514.4308762190406,521.1368820270468,509.41876573284907,511.21234130859375,71292800,-0.0139,493.1833724975586,473.68352478027344,74.2,0.012535062404060214
QQQ,2025-05-22,511.8301907509696,515.8658123150946,510.4750499996911,512.1690063476562,55607200,0.0019,495.50756378173827,474.43663513183594,71.48,0.011440560346968639
QQQ,2025-05-23,504.3768065189935,510.0166473133512,503.7789378423132,507.4259033203125,58368100,-0.0093,497.33502807617185,475.2656182861328,69.28,0.011757143405293278
QQQ,2025-05-27,514.3113951204324,519.8515868592059,512.7569545841645,519.36328125,47226300,0.0235,499.76683502197267,476.1080908203125,79.31,0.01250023157680224
QQQ,2025-05-28,520.3197717374468,521.8144281175329,516.5432951781431,517.0614013671875,46637200,-0.0044,501.9281036376953,476.8426403808594,76.06,0.01266701061398215
QQQ,2025-05-29,524.4551068947912,524.6045360691892,515.4771928839561,518.077880859375,58513300,0.002,504.1431854248047,477.7612878417969,74.58,0.012635975167000458
QQQ,2025-05-30,517.589644720194,518.8252178409589,510.10638723489177,517.2608032226562,67662800,-0.0016,506.00801849365234,478.53723510742185,74.01,0.012539940401100695
QQQ,2025-06-02,515.3974267063834,521.58532672364,514.1319313645083,521.34619140625,44762800,0.0079,507.7208953857422,479.42732482910156,65.65,0.012314855171488476
QQQ,2025-06-03,521.6949026792081,526.8564424978958,520.8280067740416,525.4215698242188,44070300,0.0078,509.7820251464844,480.36748291015624,62.89,0.012145798493826215
QQQ,2025-06-04,526.1291111461301,527.9526092750558,524.0963391933162,526.8864135742188,41359300,0.0028,512.1415924072265,481.12696838378906,61.52,0.011734442107699326
QQQ,2025-06-05,528.2913461648635,531.1511175724819,520.7981150051966,522.9205322265625,61031200,-0.0075,514.2087005615234,481.7513360595703,55.87,0.012051270952847545
QQQ,2025-06-06,528.1120196484558,529.9055954761677,526.3284179293108,528.0322875976562,42467000,0.0098,516.2827850341797,482.6588916015625,58.39,0.012038451552814976
QQQ,2025-06-09,528.2515065877924,530.453595021937,527.1255271006693,528.8095092773438,33688700,0.0015,518.4116744995117,483.6369952392578,58.63,0.012001605155802664
QQQ,2025-06-10,529.2777972976213,532.9945512832284,527.0059509616149,532.3070068359375,40664800,0.0066,519.7249786376954,484.93774475097655,63.37,0.008452833533013751
QQQ,2025-06-11,533.7119535961438,534.8678553808483,528.221572163124,530.5133666992188,53701000,-0.0034,520.5629791259765,486.20302001953127,70.73,0.008001873135973236
QQQ,2025-06-12,529.1981197879245,532.735461425523,528.9490103653087,531.7589111328125,34104900,0.0023,521.3093078613281,487.4178759765625,70.91,0.00793840763563281
QQQ,2025-06-13,525.8002917667119,529.9753685874628,523.8572258903529,525.0828857421875,55814400,-0.0126,521.6934387207032,488.43045715332033,68.1,0.008539436379774144
QQQ,2025-06-16,528.6102414640853,533.4628885796845,528.5604317387102,532.38671875,37622100,0.0139,522.3301605224609,490.0970983886719,64.75,0.009003303487287883
QQQ,2025-06-17,529.8159487011125,531.4301730234594,526.0294365200667,527.1953125,42180900,-0.0098,522.6824005126953,492.2177178955078,60.78,0.009336791965687463
QQQ,2025-06-18,528.2115609532127,530.6528452992457,525.5212280185297,527.1055297851562,43983500,-0.0002,523.1168426513672,494.3162145996094,59.79,0.009292344047372357
QQQ,2025-06-20,530.3639576995934,531.6593145894406,523.0102423618315,524.9533081054688,61643500,-0.0041,523.8038909912109,496.52372314453123,58.11,0.008713116247178259
QQQ,2025-06-23,525.5229332044729,530.8698234247422,522.3706802794006,530.3511352539062,50666100,0.0103,524.7129974365234,497.8439465332031,59.24,0.008940262270967437
QQQ,2025-06-24,535.5782888900031,539.3789778904177,534.9598085403529,538.4612426757812,45442000,0.0153,526.2647644042969,499.72135986328124,62.35,0.009028170823652612
QQQ,2025-06-25,540.7355939583459,541.9825398600767,538.0621492513585,539.8377685546875,44804200,0.0026,527.2884887695312,501.4624896240234,62.29,0.007632782482230989
QQQ,2025-06-26,542.0224539142,545.3343497414623,540.196968838495,544.8854370117188,43811400,0.0094,528.6796905517579,503.2431915283203,70.42,0.007651315676336128
QQQ,2025-06-27,545.922987304897,548.6462981008426,543.2096009334672,546.7509765625,57577100,0.0034,530.1133453369141,505.0510412597656,68.52,0.007651460128972952
QQQ,2025-06-30,549.9131598811205,551.4493754022211,547.6686571277671,550.292236328125,45548700,0.0065,531.7649169921875,507.2049322509766,70.16,0.0076250884377959925
QQQ,2025-07-01,548.3869215848855,549.3645687252039,543.3293009206998,545.6536254882812,56166700,-0.0084,532.9802886962891,509.2676446533203,62.26,0.007951954410543863
QQQ,2025-07-02,544.8255458862538,549.6537471519974,544.7856655368287,549.4542236328125,36538300,0.007,534.1819213867187,511.62538635253907,66.78,0.007924850986478821
QQQ,2025-07-03,551.8284721476665,555.8386700313663,551.8284721476665,554.8610229492188,26443500,0.0098,535.5806518554688,513.8646734619141,69.06,0.008102085501504153
QQQ,2025-07-07,552.1676854094138,552.9856893302406,548.2373089969742,550.6813354492188,45349300,-0.0075,536.9686920166016,515.8194854736328,72.03,0.008102085501504153
QQQ,2025-07-08,552.0279766846955,552.656442328,549.7535179973017,550.9905395507812,36153300,0.0006,538.1166046142578,517.5255926513672,68.2,0.007932372048497793
QQQ,2025-07-09,553.1252961239118,556.2676245184426,551.7486628164066,554.8909912109375,43045500,0.0071,539.4206787109375,519.2058801269532,77.8,0.008006339593360385
QQQ,2025-07-10,555.5294408217566,555.9384123345195,551.399540909487,554.0929565429688,34710900,-0.0014,540.509976196289,520.8731964111328,76.71,0.007987384790372459
QQQ,2025-07-11,551.9481827978439,554.4320895669904,550.7012367582291,552.8460083007812,39618600,-0.0023,541.6266082763672,522.4533959960937,78.11,0.00795166152779601
QQQ,2025-07-14,552.6365273151346,555.5893176048168,550.2823076862738,554.8511352539062,36453300,0.0036,542.7812194824219,524.0748937988282,76.5,0.007958735683776044
QQQ,2025-07-15,558.881207037374,559.4298511098242,555.2999512724816,555.3598022460938,43277700,0.0009,544.2950653076172,525.582807006836,71.88,0.007174903263606059
QQQ,2025-07-16,555.9184813380132,558.841315448374,550.2124247955553,555.9284057617188,52314700,0.001,545.4721496582031,526.9596020507812,71.27,0.006691384877508315
QQQ,2025-07-17,556.6566959464612,560.9361929372504,555.8486773290106,560.4274291992188,40423800,0.0081,547.133755493164,528.4841711425781,70.85,0.006180893735409198
QQQ,2025-07-18,561.7441739242998,563.350225741294,558.6118309954545,559.8887329101562,50484700,-0.001,548.772915649414,530.0880444335937,68.28,0.006205810095980059
QQQ,2025-07-21,560.7167515850907,564.6770230188278,560.6867956545606,562.7916259765625,39595200,0.0052,550.6648315429687,531.7123095703125,67.7,0.005986818854784201
QQQ,2025-07-22,562.921259039647,562.9711246996918,557.2451587250212,559.8787231445312,43270600,-0.0052,552.1412109375,533.1788720703125,71.18,0.006064328400356302
QQQ,2025-07-23,560.9661767273466,562.4724365095674,558.2129099278791,562.4325561523438,40215300,0.0046,553.3397766113281,534.7028887939454,70.07,0.005324323530048788
QQQ,2025-07-24,563.7492795819054,564.8565530178993,561.9137482789852,563.6295776367188,42275500,0.0021,554.5293670654297,535.8546618652343,65.59,0.005323520303431953
QQQ,2025-07-25,563.5497827933865,566.313034745678,562.8914220636111,564.9862670898438,30630800,0.0024,555.5344085693359,536.8793200683593,78.27,0.005046403096317804
QQQ,2025-07-28,566.3528450456176,567.6496566103068,565.4849755661548,566.7518920898438,31498700,0.0031,556.5344543457031,537.8777111816406,79.46,0.005041919016448068
QQQ,2025-07-29,569.3655332995753,570.7122106355441,565.1458874865731,565.8740844726562,45463300,-0.0015,557.3135467529297,538.8471875,73.14,0.004967038723848459
QQQ,2025-07-30,566.7918454902335,569.2258866472484,563.6694876691353,566.6322631835938,43433800,0.0013,558.3624786376953,539.786787109375,76.46,0.004399937200508737
QQQ,2025-07-31,573.1362622854951,573.2260691874027,562.4923482714106,563.6295776367188,64613600,-0.0053,559.0712463378907,540.6563684082031,71.19,0.004507140533583713
QQQ,2025-08-01,557.4647130315702,557.6542512690211,550.3321571804888,552.5267944335938,69400800,-0.0197,558.9545349121094,541.3385705566407,46.64,0.006113098533821462
QQQ,2025-08-04,557.6840912908586,562.94123486933,557.5843599698458,562.7217407226562,47669800,0.0185,559.5565551757812,542.3687585449219,58.32,0.007153834084269969
QQQ,2025-08-05,564.0086701757624,565.1757946176326,558.3624644272935,558.9011840820312,48666600,-0.0068,559.9520874023438,543.3034020996093,53.13,0.007369444383826733
QQQ,2025-08-06,559.7391099978526,566.3728874107766,559.2603021929511,565.9339599609375,41823700,0.0126,560.5042358398438,544.4735632324218,55.5,0.007714026868394703
QQQ,2025-08-07,570.2732989674302,571.9192921000312,563.7293285635382,567.8492431640625,44463000,0.0034,561.1920501708985,545.4432824707031,57.74,0.007709768240082776
QQQ,2025-08-08,569.0562817589437,573.3657343884216,568.7570268998204,573.146240234375,35255500,0.0093,562.2070617675781,546.5649792480468,59.63,0.007863446411954736
QQQ,2025-08-11,573.285909687358,575.39073988548,570.1735373972913,571.4503784179688,33112900,-0.003,563.0370239257812,547.6324291992188,61.01,0.007923515965981105
QQQ,2025-08-12,573.754745111433,578.9320673642603,571.0912854904631,578.6328125,42143300,0.0126,564.2006744384765,548.8598693847656,64.16,0.00829985890812226
QQQ,2025-08-13,581.336189461128,581.8948188134602,577.5255153167782,578.922119140625,41209300,0.0005,565.3503601074219,550.0113879394531,63.58,0.008304051008868763
QQQ,2025-08-14,576.867214657275,580.4583950264449,576.4980626010837,578.4732666015625,45425000,-0.0008,566.252651977539,551.072421875,62.18,0.008201172894294135
QQQ,2025-08-15,578.3834553032891,578.4233965447576,574.1638092686386,575.9295043945312,49480200,-0.0044,567.0546905517579,552.0532836914062,58.17,0.008292956745271675
QQQ,2025-08-18,575.0316052093148,576.3583727113783,573.8345249533343,575.699951171875,29831000,-0.0004,567.7001068115235,553.1088720703125,58.85,0.008253948018659703
QQQ,2025-08-19,574.9817743394825,575.1513419461467,566.8616474345037,567.88916015625,53752600,-0.0136,568.1006286621093,553.9060095214844,51.0,0.008791112437839504
QQQ,2025-08-20,566.941450640785,567.0611525811408,557.4746467271129,564.5173950195312,76781100,-0.0059,568.2048706054687,554.6201672363281,50.71,0.008862018304035048
QQQ,2025-08-21,562.9712019127612,565.1059882525514,559.609440091839,561.9038696289062,46436900,-0.0046,568.1185852050781,555.2121044921874,58.61,0.008913695848760497
QQQ,2025-08-22,563.2904178641013,572.5876551514443,561.8938747848422,570.5725708007812,51502100,0.0154,568.397900390625,556.0132885742188,57.42,0.009557486731959325
QQQ,2025-08-25,569.0063962953644,571.8892890383006,567.7693747773127,568.9265747070312,34044700,-0.0029,568.5066345214843,556.7566418457031,59.88,0.009566898799066421
QQQ,2025-08-26,568.4378222244122,571.5202387152399,567.410309470112,571.2109985351562,34103000,0.004,568.7734802246093,557.6792041015625,55.74,0.009593413310567204
QQQ,2025-08-27,570.1935457073605,573.0066024398417,568.9764946916996,572.0888671875,36927100,0.0015,569.0463104248047,558.4732470703125,54.71,0.009594384322420869
QQQ,2025-08-28,572.707329573353,576.5878402039835,571.0613973569876,575.6701049804688,46787900,0.0063,569.6483367919922,559.4427429199219,52.92,0.009574637549825366
QQQ,2025-08-29,573.2560108987077,573.6251629601264,567.1509676530454,569.0064697265625,56030400,-0.0116,570.4723205566406,560.28076171875,47.47,0.008787459665251423
QQQ,2025-09-02,559.938570005311,564.5871576131589,558.1728750960445,564.238037109375,65876800,-0.0084,570.5481353759766,561.0664562988281,34.28,0.008079434581571555
QQQ,2025-09-03,567.8392715420716,570.30326864531,565.3453793937941,568.67724609375,54230200,0.0079,571.0369384765625,561.832978515625,39.74,0.008081588887549776
QQQ,2025-09-04,569.3455646209001,574.1936761101587,567.6397814409955,573.8245849609375,47526300,0.0091,571.4314697265625,562.5402453613282,45.75,0.00784934459215006
QQQ,2025-09-05,579.0717573630119,579.7002230398967,570.1336870891607,574.652587890625,68342500,0.0014,571.7716369628906,563.2365417480469,48.79,0.007826110144893157
QQQ,2025-09-08,576.9569100864685,579.4209069942706,576.3584003727692,577.4556884765625,46371400,0.0049,571.987109375,563.8879467773437,51.58,0.007628616484899723
QQQ,2025-09-09,578.2537612972826,579.5206779783559,575.6301819149563,579.0917358398438,44007600,0.0028,572.3691772460937,564.5347619628906,61.35,0.007602762655771888
QQQ,2025-09-10,582.3138007742962,582.3437567038031,577.1364785105435,579.28125,49308000,0.0003,572.4015991210938,565.1145422363281,66.0,0.007067261436407027
QQQ,2025-09-11,581.8150406027271,583.4510484301161,580.1990033956353,582.6530151367188,44745800,0.0058,572.5881439208985,565.8545300292968,72.12,0.0071824640252272625
QQQ,2025-09-12,583.6105864506874,586.423703827438,582.6728806584372,585.2266235351562,50745900,0.0044,572.9258117675781,566.5699780273437,67.95,0.007232965468857417
QQQ,2025-09-15,587.0023615482407,590.3441526771844,586.8527036647196,590.2344360351562,44360300,0.0086,573.6410583496094,567.2774462890625,74.12,0.00734327476065862
QQQ,2025-09-16,591.1620945578748,591.4114837468736,589.0472791060467,589.735595703125,36942100,-0.0008,574.3428405761719,568.0585314941407,71.85,0.007348548012684985
QQQ,2025-09-17,589.6558208790498,590.3042571762861,582.942282862292,588.5585327148438,69384800,-0.002,575.3763092041015,568.8098913574219,69.29,0.006528472054655718
QQQ,2025-09-18,593.4565071541567,596.678657118695,591.5113200438022,593.8655395507812,61069300,0.009,576.843716430664,569.5893823242187,70.49,0.006452047818532592
QQQ,2025-09-19,595.8705968632576,598.583922026821,594.3941714550525,597.8856201171875,58196100,0.0068,578.6428039550781,570.4652355957031,84.57,0.006288157206418362
QQQ,2025-09-22,596.9708269829692,602.0942306490323,596.9508332125652,601.4251098632812,57154800,0.0059,580.1854309082031,571.4368176269531,95.87,0.005637235231266404
QQQ,2025-09-23,601.5949151722127,601.7946700200599,596.2118359493293,597.4302978515625,64635500,-0.0066,581.6106170654297,572.2884008789063,85.86,0.00588425866188763
QQQ,2025-09-24,598.8085103543956,599.1281059107118,592.5964822123717,595.3329467773438,49850300,-0.0035,582.8167144775391,573.0878637695313,79.03,0.006018733911275397
QQQ,2025-09-25,591.4379907146171,594.354216296693,587.7427395490681,592.7662963867188,70920200,-0.0043,583.8505859375,573.8246215820312,73.35,0.006186062432683026
QQQ,2025-09-26,593.585214360816,595.5327174506845,590.2994696097071,595.203125,54337400,0.0041,584.8272369384765,574.5201354980469,73.1,0.006121050821378167
QQQ,2025-09-29,598.3391106571707,601.275330198043,596.6412858554952,597.9595947265625,48332900,0.0046,586.2748931884765,575.281552734375,73.86,0.005284535532047569
QQQ,2025-09-30,597.659966987958,599.9370624727763,595.3329480316206,599.5974731445312,46533800,0.0027,588.0428649902344,576.0176696777344,74.78,0.004620717078093949
QQQ,2025-10-01,596.4015613877941,603.0130380816322,595.5726732971928,602.4737548828125,46899600,0.0048,589.7326904296875,576.8695703125,74.48,0.00450005847915214
QQQ,2025-10-02,606.2788672228089,606.378714165839,602.1541765957764,604.9505615234375,43765400,0.0041,591.2889892578125,577.7199304199219,74.41,0.0042705232022613145
QQQ,2025-10-03,605.7296019230981,606.5485541284623,600.6161947999731,602.4038696289062,46482100,-0.0042,592.6765533447266,578.4954162597656,66.04,0.0045323515448733
QQQ,2025-10-06,607.6670775886568,608.5758798079479,605.1902273252953,606.9280395507812,41962100,0.0075,594.1501708984375,579.3342517089844,70.49,0.004644634708881525
QQQ,2025-10-07,608.2363844032766,608.9254990082667,602.2541015785323,603.732177734375,58209500,-0.0053,595.382192993164,580.073857421875,67.25,0.004959570758166755
QQQ,2025-10-08,604.6309888518371,610.9628579603992,604.481218431623,610.6532592773438,50629800,0.0115,596.9507934570313,580.9694409179688,68.41,0.005362194660672714
QQQ,2025-10-09,610.6931491958702,610.8229867928995,606.6982962574127,609.9141845703125,45551000,-0.0012,598.313851928711,581.8350793457031,64.21,0.005374547716589214
QQQ,2025-10-10,610.6132994204178,612.3909772904724,588.2920219287263,588.741455078125,97614800,-0.0347,598.4895935058594,582.3373168945312,39.42,0.009833803140724646
QQQ,2025-10-13,598.9083327066105,602.1741444216893,596.4614731416003,601.2353515625,65872600,0.0212,599.0396392822265,583.3114880371094,52.78,0.010750990162477306
QQQ,2025-10-14,594.5439886761187,601.9144974152143,589.3706613014698,597.2305297851562,69203200,-0.0067,599.4143859863282,584.0016638183594,51.35,0.01088254396535545
QQQ,2025-10-15,603.232804101606,605.9193452011472,595.1631839173533,601.445068359375,62805500,0.0071,600.0587127685546,584.8525415039062,56.03,0.010954374276492165
QQQ,2025-10-16,604.3313635356964,607.5272581453062,594.7337437778706,599.2179565429688,70982000,-0.0037,600.3263336181641,585.5182214355468,52.8,0.01084228928050275
QQQ,2025-10-17,597.1806072651552,604.7308770883808,595.6026232431807,603.1528930664062,72024900,0.0066,600.589697265625,586.2242944335937,53.56,0.01083626829338935
QQQ,2025-10-20,606.3587502275053,612.0114401498232,606.2888329883251,610.7530517578125,45761700,0.0126,601.0560943603516,586.9764306640625,57.07,0.011112207606715076
QQQ,2025-10-21,610.8529979566828,611.9315643975107,608.5359758597962,610.5933227539062,44538200,-0.0003,601.7142456054687,587.7592895507812,55.33,0.010978997893106714
QQQ,2025-10-22,610.034035159382,610.6232418416384,598.9682752728291,604.7108764648438,61478800,-0.0096,602.1831420898437,588.2808508300782,49.85,0.011197386913213729
QQQ,2025-10-23,604.1316243630486,610.5833341066889,603.7421725102494,609.7943725585938,42844300,0.0084,603.0345458984375,588.8982958984375,54.5,0.011250537998831765
QQQ,2025-10-24,615.1973511503762,617.6242169779957,614.3384724044602,616.305908203125,47632500,0.0107,604.0896850585938,589.6549487304687,55.57,0.011426998270485727
QQQ,2025-10-27,623.7164465731967,627.7412294550786,623.2270868116484,627.2818603515625,54098600,0.0178,605.5557983398437,590.6819958496094,62.81,0.011965444764865708
QQQ,2025-10-28,629.5488872669928,633.8633359425862,628.4403301580431,632.1055908203125,61195700,0.0077,607.1812042236328,591.8101086425781,61.94,0.012022709870556576
QQQ,2025-10-29,634.77220425535,636.190360053584,629.4390484873167,634.9519653320312,67422800,0.0045,608.8051147460938,593.1513647460938,63.62,0.012020158506705115
QQQ,2025-10-30,631.3565662863019,632.6848720357782,625.1346019679808,625.2444458007812,61628600,-0.0153,609.8198089599609,594.3659057617188,72.68,0.012666620036848594
QQQ,2025-10-31,633.3539723359148,633.3839629929544,625.883616641787,628.2605590820312,66305100,0.0048,611.1126434326172,595.6930395507812,69.03,0.012604577280537899
QQQ,2025-11-03,634.2927319253315,635.001840248536,629.0394906897283,631.2666625976562,37154300,0.0048,612.3295745849609,596.9069213867188,74.32,0.012558975611929988
QQQ,2025-11-04,622.478029730703,626.1432903257465,617.6642245044198,618.4531860351562,63830800,-0.0203,613.065625,597.8974536132813,60.82,0.01343782857615414
QQQ,2025-11-05,617.6941518361581,625.7937017112316,616.4158305661566,622.47802734375,48688500,0.0065,613.6568634033204,598.9227941894532,64.47,0.013283605843690406
QQQ,2025-11-06,620.9899080817669,621.2395864016282,609.5147022540025,610.8829345703125,72115100,-0.0186,613.7053009033203,599.6986755371094,54.39,0.01398942739883831
QQQ,2025-11-07,607.5272307243642,609.1651350193971,597.899620744235,608.9553833007812,81835400,-0.0032,614.7159973144531,600.3643811035156,48.91,0.01138764334937792
QQQ,2025-11-10,618.1235878797521,623.5066669290842,616.0962316788492,622.4280395507812,55919900,0.0221,615.7756317138671,601.4328125,56.18,0.011470028449466834
QQQ,2025-11-11,619.7714893858831,621.9186863012081,616.7254261621581,620.7702026367188,44868800,-0.0027,616.9526153564453,602.5634558105469,58.78,0.011348335143373032
QQQ,2025-11-12,624.0359942081623,624.0559270220305,617.0150110236092,620.2808227539062,47444400,-0.0008,617.8944030761719,603.59552734375,56.04,0.01129867248839436
QQQ,2025-11-13,616.74538060573,617.324651379383,605.3001653620098,607.6171875,71333600,-0.0204,618.3143646240235,604.2713793945312,45.33,0.012285004766188037
QQQ,2025-11-14,598.7785201159286,612.5607508498654,596.4015776914192,608.0765380859375,80087300,0.0008,618.560546875,604.9398583984375,38.36,0.012208231692289887
QQQ,2025-11-17,605.5198574697043,611.6918983068232,599.098138309288,602.8832397460938,63850400,-0.0085,618.1670562744141,605.4484094238281,32.37,0.012015454959956217
QQQ,2025-11-18,598.8484631892511,601.5350044005672,590.5791487748494,595.542724609375,83327300,-0.0122,617.4145263671875,605.7774291992188,27.45,0.012292311460934888
QQQ,2025-11-19,596.3017594726007,605.3800292662713,593.824969985886,599.09814453125,73111500,0.006,617.1338897705078,606.1737670898438,33.9,0.01222432755657856
QQQ,2025-11-20,610.8330032979317,613.239936406368,583.997582698434,584.9163818359375,117743200,-0.0237,615.889990234375,606.2190344238281,26.54,0.013085749581329407
QQQ,2025-11-21,586.7140389774793,596.2118116612933,579.992718365408,589.3107299804688,103344200,0.0075,614.5402313232422,606.3007165527343,27.63,0.012941056655792087
QQQ,2025-11-24,594.5140557410294,605.8993502749281,594.3941540703303,604.3812866210938,60168100,0.0256,613.3952026367188,606.5836535644531,42.67,0.013671179828190997
QQQ,2025-11-25,602.7334243546638,609.4747385807095,596.5513870928105,608.1065063476562,57560900,0.0062,612.1952484130859,606.9510717773437,42.49,0.013620513747169808
QQQ,2025-11-26,611.7218691656304,615.3971266508202,609.6046019291258,613.4796142578125,42393600,0.0088,611.121630859375,607.4494934082031,51.45,0.01375917301676459
QQQ,2025-11-28,615.3172117702823,618.5231032781257,614.6280971828623,618.4531860351562,23034400,0.0081,610.7820678710938,607.9412463378907,55.13,0.013528542925393338
QQQ,2025-12-01,612.8404314452031,618.642953131189,611.7318743402105,616.3758544921875,40957600,-0.0034,610.1878326416015,608.3110510253906,46.27,0.01348492725816103
QQQ,2025-12-02,618.6629362671166,622.9473941962435,616.7953473526289,621.1996459960938,54541800,0.0078,609.6844818115235,608.7065417480469,50.25,0.013567748135696056
QQQ,2025-12-03,618.8227062993094,623.4167629201941,617.2347863490129,622.7177124023438,47841600,0.0024,609.8977081298829,609.2122900390625,51.43,0.012769588667488148
QQQ,2025-12-04,624.125857327544,624.1358542129962,618.7427783380717,622.138427734375,47067800,-0.0009,609.880728149414,609.7483996582031,59.91,0.012690961350504525
QQQ,2025-12-05,623.576610658964,628.1107470640665,622.9074898206164,624.6751708984375,53614200,0.0041,610.5703399658203,610.3865771484375,61.02,0.011927835644319314
QQQ,2025-12-08,626.4029681537079,628.0308756502869,620.8900514312259,623.4767456054688,43462400,-0.0019,611.2964080810547,610.9520495605469,64.43,0.011906233440380788
QQQ,2025-12-09,622.2083743789747,625.0646797487918,620.2009509200387,624.2457275390625,37156000,0.0012,611.3872924804688,611.4777722167969,72.16,0.01084978777381575
QQQ,2025-12-10,623.0472575003708,628.4004070267185,620.1909521392804,626.8024291992188,55031400,0.0041,611.6889038085938,612.0218713378906,71.72,0.010860667809262814
QQQ,2025-12-11,623.0173402820615,624.9748403012362,616.9251525569541,624.7750854492188,58272800,-0.0032,611.9136169433593,612.4678979492187,88.61,0.01088947342982878
QQQ,2025-12-12,621.2795807165155,622.7376631081598,610.5733425467316,612.8304443359375,75158700,-0.0191,612.1742797851563,612.6254956054687,69.87,0.010761787906633732
QQQ,2025-12-15,617.5743367162205,617.6242601897563,608.5359935678383,609.75439453125,49538200,-0.005,612.2581726074219,612.7725061035156,55.69,0.010830778511164115
QQQ,2025-12-16,607.4773301066649,612.7205746597449,606.1290306476157,610.9628295898438,55152800,0.002,612.6621520996093,612.8532019042968,53.2,0.010639924811764396
QQQ,2025-12-17,612.2711370165166,612.8604046495489,599.5076134954934,599.6373901367188,70654300,-0.0185,612.8668853759766,612.7713061523438,36.33,0.01112476966053678
QQQ,2025-12-18,609.015347513387,612.1413249643276,606.1390483830863,608.3262329101562,78875800,0.0145,613.3282897949218,612.724765625,40.68,0.01150560961581691
QQQ,2025-12-19,611.1625683957468,616.825255296648,611.0826542701337,616.2559814453125,60369800,0.013,614.8952697753906,612.8516015625,49.9,0.010245012907443495
QQQ,2025-12-22,621.3499755859375,621.6500244140625,617.77001953125,619.2100219726562,43703100,0.0048,616.390234375,613.4609729003906,48.29,0.010195618253884703
QQQ,2025-12-23,618.2000122070312,622.4099731445312,617.780029296875,622.1099853515625,41120400,0.0047,617.2766693115234,613.8784655761718,49.49,0.008662397565278734
QQQ,2025-12-24,621.989990234375,624.280029296875,621.719970703125,623.9299926757812,18468700,0.0029,618.0678436279297,614.4124548339844,51.47,0.008599057475891401
QQQ,2025-12-26,624.6599731445312,625.52001953125,623.1400146484375,623.8900146484375,28959800,-0.0001,618.5883636474609,614.8613537597656,49.33,0.00842001843978476
QQQ,2025-12-29,620.0999755859375,622.780029296875,618.72998046875,620.8699951171875,32458300,-0.0048,618.7092041015625,615.29439453125,47.84,0.008331051617450895
QQQ,2025-12-30,619.8400268554688,622.1799926757812,619.219970703125,619.4299926757812,31226800,-0.0023,618.8619110107422,615.6199365234374,46.05,0.008309428696556551
QQQ,2025-12-31,619.6500244140625,619.9600219726562,614.0499877929688,614.3099975585938,40746500,-0.0083,618.5174285888672,615.6910754394531,40.16,0.00832292964614843
QQQ,2026-01-02,620.0599975585938,622.8499755859375,610.1500244140625,613.1199951171875,61859200,-0.0019,618.0375427246094,615.7416088867187,40.7,0.008299034503134092
QQQ,2026-01-05,619.3200073242188,620.8099975585938,616.719970703125,617.989990234375,46828400,0.0079,617.8301208496093,616.0071911621094,54.64,0.00852016030242078
QQQ,2026-01-06,619.22998046875,624.02001953125,618.5399780273438,623.4199829101562,43137500,0.0088,617.7673614501953,616.2797033691406,61.79,0.008710453489916562
QQQ,2026-01-07,623.0399780273438,627.9400024414062,622.5599975585938,624.02001953125,44880300,0.001,617.7945251464844,616.4339855957031,61.39,0.008702345418878366
QQQ,2026-01-08,623.030029296875,623.4199829101562,617.7999877929688,620.469970703125,50435900,-0.0057,617.6057373046875,616.2977478027344,71.02,0.008792125663581596
QQQ,2026-01-09,621.4099731445312,627.8900146484375,619.0599975585938,626.6500244140625,49688700,0.01,617.5981170654297,616.1886364746093,69.48,0.009041557562604705
QQQ,2026-01-12,622.3099975585938,628.8499755859375,622.260009765625,627.1699829101562,37388700,0.0008,617.7178619384765,616.0329968261718,63.77,0.009010419407260488
QQQ,2026-01-13,627.27001953125,629.469970703125,623.7000122070312,626.239990234375,44481400,-0.0015,618.3883392333985,616.0529077148437,59.35,0.007800963165903879
QQQ,2026-01-14,622.239990234375,623.4500122070312,614.5599975585938,619.5499877929688,72598700,-0.0107,618.8781188964844,615.8786962890625,46.91,0.008133174430429307
QQQ,2026-01-15,626.5999755859375,630.0,620.75,621.780029296875,53934900,0.0036,619.418978881836,615.6889636230469,47.43,0.008153133075534095
QQQ,2026-01-16,625.5,626.0800170898438,618.8800048828125,621.260009765625,61058100,-0.0008,620.5001098632813,615.7451000976563,46.89,0.0067804265507802625
QQQ,2026-01-20,610.530029296875,615.0599975585938,607.0499877929688,608.0599975585938,81988900,-0.0212,620.4867980957031,615.4567395019532,37.79,0.007871126449177842
QQQ,2026-01-21,609.469970703125,620.4199829101562,607.8599853515625,616.280029296875,79837900,0.0135,620.4880004882813,615.5646813964844,47.34,0.00791522683120789
QQQ,2026-01-22,622.3499755859375,622.4600219726562,617.780029296875,620.760009765625,42254800,0.0073,620.5654998779297,615.8007739257813,55.5,0.008013567442649644
QQQ,2026-01-23,619.72998046875,625.4000244140625,618.6500244140625,622.719970703125,43645800,0.0032,620.5959991455078,615.8066125488281,58.08,0.007975770875133712
QQQ,2026-01-26,623.2100219726562,627.6099853515625,622.1199951171875,625.4600219726562,35983000,0.0044,620.6725006103516,615.9004089355469,56.52,0.008010611383461421
QQQ,2026-01-27,628.9099731445312,632.0399780273438,627.3400268554688,631.1300048828125,38997200,0.0091,621.0345001220703,616.117392578125,56.71,0.008255307702512215
QQQ,2026-01-28,635.4600219726562,636.5999755859375,631.8099975585938,633.219970703125,50691700,0.0033,621.6519989013672,616.6294482421876,57.8,0.00817369819024796
QQQ,2026-01-29,632.6500244140625,633.6699829101562,618.27001953125,629.4299926757812,79944000,-0.006,622.1519989013672,617.0565173339844,57.57,0.008293903912227509
QQQ,2026-01-30,625.7100219726562,628.260009765625,619.2999877929688,621.8699951171875,65650700,-0.012,622.5299987792969,617.4362524414063,46.06,0.008545942404378054
QQQ,2026-02-02,618.7000122070312,628.489990234375,618.6599731445312,626.1400146484375,49020300,0.0069,623.1809997558594,618.0481982421875,49.2,0.008633562111715055
QQQ,2026-02-03,628.2999877929688,629.97998046875,610.9600219726562,616.52001953125,81234000,-0.0154,623.1075012207032,618.3966357421875,43.35,0.009219150548836095
QQQ,2026-02-04,615.02001953125,615.0999755859375,600.469970703125,605.75,81850700,-0.0175,622.2240020751954,618.8133081054688,41.05,0.009747889110226006
QQQ,2026-02-05,600.2100219726562,604.8099975585938,594.760009765625,597.030029296875,89354500,-0.0144,620.8745025634765,618.9676940917968,35.2,0.01014953849093381
QQQ,2026-02-06,600.1900024414062,611.4099731445312,598.77001953125,609.6500244140625,78019300,0.0211,620.3335052490235,619.0730688476563,43.93,0.011354492502969897
QQQ,2026-02-09,607.5399780273438,616.4600219726562,605.0700073242188,614.3200073242188,56797600,0.0077,619.7170043945313,619.1973388671875,53.59,0.011250361397703941
QQQ,2026-02-10,615.3099975585938,617.02001953125,611.010009765625,611.469970703125,53938900,-0.0046,618.9320037841796,619.1571459960937,47.06,0.011271435718571718
QQQ,2026-02-11,616.3800048828125,617.52001953125,607.6900024414062,613.1099853515625,58575100,0.0027,618.275503540039,619.0502819824219,45.16,0.011304628767851998
QQQ,2026-02-12,614.7100219726562,615.8099975585938,599.5700073242188,600.6400146484375,81378900,-0.0203,617.3300048828125,618.7355651855469,37.66,0.01192538645517464
QQQ,2026-02-13,600.4299926757812,606.47998046875,596.4199829101562,601.9199829101562,69237500,0.0021,616.3370025634765,618.3499719238281,36.63,0.011896504351677148
QQQ,2026-02-17,598.3800048828125,603.9500122070312,593.3400268554688,601.2999877929688,69013800,-0.001,615.3390014648437,617.9216174316406,32.02,0.011895929201997925
QQQ,2026-02-18,602.1099853515625,609.77001953125,600.719970703125,605.7899780273438,64250700,0.0075,615.2255004882812,617.5946484375,33.93,0.011106261865793485
QQQ,2026-02-19,602.8099975585938,605.8200073242188,600.75,603.469970703125,60960800,-0.0038,614.5849975585937,617.1705444335937,34.53,0.010654145474390394
QQQ,2026-02-20,600.1199951171875,610.3499755859375,599.22998046875,608.8099975585938,74127300,0.0088,613.9874969482422,616.8772094726562,42.01,0.010720609762705205
QQQ,2026-02-23,606.6099853515625,608.010009765625,599.0499877929688,601.4099731445312,63859100,-0.0122,612.9219970703125,616.4204943847657,35.42,0.010960243946574393
QQQ,2026-02-24,602.4000244140625,608.989990234375,599.72998046875,607.8699951171875,55023700,0.0107,612.0424957275391,616.041845703125,44.7,0.011231359996386041
QQQ,2026-02-25,611.0700073242188,616.8300170898438,611.0,616.6799926757812,55710700,0.0145,611.3199951171875,615.8799438476562,56.86,0.011556382378764132
QQQ,2026-02-26,615.5900268554688,615.5900268554688,603.97998046875,609.239990234375,96178900,-0.0121,610.12099609375,615.808134765625,57.79,0.011759398257071688
QQQ,2026-02-27,602.97998046875,608.3200073242188,602.1900024414062,607.2899780273438,68125200,-0.0032,609.0139953613282,615.7588464355468,48.26,0.011724193384890723
QQQ,2026-03-02,598.8599853515625,609.9199829101562,597.989990234375,608.0900268554688,75264600,0.0013,608.3249969482422,615.7013903808594,45.12,0.011485478245433028
QQQ,2026-03-03,596.3300170898438,603.9600219726562,591.8699951171875,601.5800170898438,97015500,-0.0107,607.0969970703125,615.7402429199219,42.68,0.011517693482546507
QQQ,2026-03-04,604.1500244140625,612.8800048828125,603.4299926757812,610.75,69315779,0.0152,606.80849609375,615.7887182617187,48.43,0.011667043101696403
SPY,2025-03-05,569.9964212260836,578.0913631561872,566.4283366011412,576.29248046875,71230500,,576.29248046875,576.29248046875,,
SPY,2025-03-06,568.800429877349,573.4359958315716,563.5026574515875,566.0626220703125,80094900,-0.0178,571.1775512695312,571.1775512695312,,
SPY,2025-03-07,564.2736590980126,570.6883208259039,559.0648080255879,569.2353515625,81158800,0.0056,570.5301513671875,570.5301513671875,,0.01654629867976521
SPY,2025-03-10,561.0021324297065,562.9294509409499,549.1414138289008,554.073486328125,99326600,-0.0266,566.4159851074219,566.4159851074219,,0.016642515835453883
SPY,2025-03-11,552.907117228081,557.473488465779,545.612771416854,549.4674682617188,88102100,-0.0083,563.0262817382812,563.0262817382812,,0.01378462307549007
SPY,2025-03-12,555.6449248680879,556.574016783005,547.2633707942651,552.3832397460938,69588200,0.0053,561.25244140625,561.25244140625,,0.014171203195212465
SPY,2025-03-13,552.0076609148241,552.6204598197313,543.2999199883595,545.0197143554688,74079400,-0.0133,558.9334803989956,558.9334803989956,,0.012834549725902606
SPY,2025-03-14,549.655280917059,557.2857071377122,545.0889095501292,556.2775268554688,62660300,0.0207,558.6014862060547,558.6014862060547,,0.01627405179740933
SPY,2025-03-17,556.2577597204585,563.097483760462,555.8228643209595,560.5671997070312,49008700,0.0077,558.8198988172743,558.8198988172743,,0.015713046217349817
SPY,2025-03-18,558.2443952250169,558.4618730708418,552.5710286417288,554.50830078125,66041400,-0.0108,558.3887390136719,558.3887390136719,,0.014907213019206507
SPY,2025-03-19,556.2972851708735,564.3230320254004,555.1112014285828,560.54736328125,66556000,0.0109,558.5849775834517,558.5849775834517,,0.01484027552903846
SPY,2025-03-20,556.7915499004863,563.9475069089323,556.0699818531248,558.9264526367188,62958200,-0.0029,558.6134338378906,558.6134338378906,,0.01407890749893742
SPY,2025-03-21,554.4514053360011,560.0129560782987,553.2121973894178,559.1107788085938,83763000,0.0003,558.6516911433293,558.6516911433293,,0.01345128134033965
SPY,2025-03-24,565.8719462913679,570.1844265679264,565.2771506364932,569.1236572265625,58766800,0.0179,559.3996887207031,559.3996887207031,45.68,0.014059242785168327
SPY,2025-03-25,570.3331077369899,571.4335099767462,568.7370222712309,570.4917602539062,38355700,0.0024,560.13916015625,560.13916015625,46.56,0.013535912753336364
SPY,2025-03-26,570.2240858480267,571.3542581528293,562.293154038674,563.6810913085938,51848300,-0.0119,560.3605308532715,560.3605308532715,48.53,0.013363856728754116
SPY,2025-03-27,562.2831944691987,565.971108987233,560.062543386952,562.18408203125,42164200,-0.0027,560.4677985696231,560.4677985696231,45.55,0.012914886436460316
SPY,2025-03-28,560.6475137101825,561.3811152230641,550.2777985606353,550.8626708984375,71662700,-0.0201,559.9341803656685,559.9341803656685,47.87,0.013296190299126596
SPY,2025-03-31,545.0829651282622,555.8690356187795,542.1484990140983,554.5604248046875,95328200,0.0067,559.6513511256168,559.6513511256168,53.42,0.013082734468622017
SPY,2025-04-01,552.6372621541935,558.0798545049701,548.8997911229003,556.1268310546875,54609600,0.0028,559.4751251220703,559.4751251220703,52.56,0.012762726706407847
SPY,2025-04-02,550.2579079318416,562.5211054527999,550.019989677278,559.6461791992188,76014500,0.0063,558.6428100585938,559.4832705543155,60.56,0.012553502342080938
SPY,2025-04-03,540.4037097995117,543.2390031081819,532.0663452148438,532.0663452148438,125986000,-0.0493,556.9429962158204,558.2370466752486,35.85,0.016174517807829372
SPY,2025-04-04,519.1488461365848,521.3298644038904,500.69953122991006,500.9176330566406,217965100,-0.0585,553.5271102905274,555.7448982570482,23.47,0.020230282148044145
SPY,2025-04-07,484.966562158496,518.6531751879934,477.64034947944,500.0254211425781,256611400,-0.0018,550.82470703125,553.4232533772787,24.6,0.019664263605787397
SPY,2025-04-08,517.3544574544211,520.4475157965463,484.93679417196097,492.193603515625,165816600,-0.0157,547.9610137939453,550.9740673828124,18.66,0.01980015948899083
SPY,2025-04-09,489.17988772825765,543.8834838867188,488.7932402716448,543.8834838867188,241867300,0.105,547.5360260009766,550.7013526329628,45.27,0.03162744103331456
SPY,2025-04-10,527.5754628052078,528.8939971161361,504.92276379554966,520.051025390625,162331200,-0.0438,546.2875915527344,549.5661553276909,39.31,0.032992365943143816
SPY,2025-04-11,518.4945722506925,531.7986929533369,515.5799524923516,529.3302001953125,97866300,0.0178,544.9402252197266,548.8434426443918,39.07,0.032894316818371044
SPY,2025-04-14,539.3528832417228,539.580938661594,529.2508571038156,534.4654541015625,68034000,0.0097,543.6351379394531,548.3476499360183,40.31,0.032928331666147156
SPY,2025-04-15,535.0106570692674,538.5399188279399,532.175363851926,532.9684448242188,56892900,-0.0028,542.5581451416016,547.835009765625,41.49,0.032862861377164605
SPY,2025-04-16,527.0896882471153,533.2460954669957,515.7980102587055,521.1216430664062,83484800,-0.0222,540.5868591308594,546.9732882591986,39.24,0.033039313106151526
SPY,2025-04-17,523.0845951885916,526.5840872057769,519.3867572764926,521.8651733398438,79868100,0.0014,538.7337951660156,546.1886596679688,41.96,0.033054944291365296
SPY,2025-04-21,516.6605060954281,517.1958826970866,504.070170487947,509.4433898925781,69368100,-0.0238,536.2504257202148,545.0751666444721,38.06,0.03336897550593649
SPY,2025-04-22,515.6493363944684,524.7302260402327,514.7075262081219,522.6979370117188,75948100,0.026,533.9291397094727,544.417012831744,41.67,0.03369795987890068
SPY,2025-04-23,535.7641184612734,540.7209502963145,529.2706808590098,530.79736328125,90590700,0.0155,531.9444198608398,544.0278799874442,42.97,0.03394965467617571
SPY,2025-04-24,532.086138426331,542.7036942188355,530.8271442598516,541.9700927734375,64150400,0.021,530.858869934082,543.9707192314995,52.62,0.03429460407150158
SPY,2025-04-25,541.9305048307399,546.2924809922215,538.9960382976576,545.8860473632812,61119600,0.0072,530.0439682006836,544.0224848566828,63.91,0.034346640071636216
SPY,2025-04-28,546.6295538469604,548.770878725811,540.3145544882295,546.0941772460938,47613800,0.0004,529.8055435180664,544.0770030774569,64.31,0.034049043189277185
SPY,2025-04-29,544.1709145104755,550.6544896169489,543.8140371215516,549.5342407226562,47775100,0.0063,529.5542343139648,544.2169322478466,68.32,0.034045076543343315
SPY,2025-04-30,542.8425243498715,551.7152660165827,536.8447695388113,549.7523193359375,93101500,0.0004,529.2355087280273,544.3553169250488,52.79,0.03403919528704335
SPY,2025-05-01,555.5319968692943,559.2000647311057,553.0436574695955,553.6483764648438,63186100,0.0071,528.9356185913086,544.5819769138243,69.73,0.034047512854523565
SPY,2025-05-02,559.8543793028188,563.4728911995644,557.5246922514075,561.8668823242188,60717300,0.0148,530.4256454467774,544.9935222807385,69.35,0.03212572342007504
SPY,2025-05-05,557.7130106117388,561.7578025218996,556.850526672483,558.6448974609375,38659200,-0.0057,533.3120086669921,545.3109961221385,64.72,0.028784231794508605
SPY,2025-05-06,553.1130409863903,558.486229861133,552.151444635027,553.9755249023438,48264700,-0.0084,536.0095138549805,545.5079172307795,62.31,0.028913972218871698
SPY,2025-05-07,555.3139314189718,558.9522292842823,551.239369394788,556.3052978515625,55588000,0.0042,539.2150985717774,545.7478590223525,73.21,0.028484889345978363
SPY,2025-05-08,560.3598961984284,565.3861307660613,556.8504811637198,560.1814575195312,65130800,0.007,540.029997253418,546.0616329027259,74.27,0.016599254104992352
SPY,2025-05-09,561.5892516710271,562.6004648206437,557.9013974918248,559.4677734375,37603400,-0.0013,542.0008346557618,546.3468699353806,87.2,0.012756179101249638
SPY,2025-05-12,576.4498296839446,577.9666494201874,572.0580835025086,577.9567260742188,78993600,0.033,544.432160949707,547.0054086049398,88.13,0.014027975807762074
SPY,2025-05-13,578.3730584556538,583.9941496422729,577.8080328415324,581.7734985351562,67947200,0.0066,546.7975631713867,547.7149614606585,87.38,0.013984437779188699
SPY,2025-05-14,582.7351003798474,583.8949821637985,580.4846792150129,582.5170288085938,66283500,0.0013,549.2749923706054,548.4110028076171,85.1,0.01390416067982985
SPY,2025-05-15,580.5045239452851,585.8677897044162,580.0484736048338,585.3622436523438,71268100,0.0049,552.4870223999023,548.592398071289,84.82,0.012400274827175156
SPY,2025-05-16,586.1454032115668,589.3673441171694,584.1924403834937,589.0699462890625,76052100,0.0063,555.8472610473633,549.0525445556641,85.7,0.012355114006162116
SPY,2025-05-19,583.0225710566098,590.3983396880136,583.0225710566098,589.7142944335938,68168500,0.0011,559.860806274414,549.4621234130859,85.01,0.01025548761960101
SPY,2025-05-20,587.9695461543464,588.9212192076606,584.5096264657933,587.7315673828125,60614500,-0.0034,563.1124877929688,550.1352850341797,82.1,0.009528090049952306
SPY,2025-05-21,583.359599797301,587.4638708843231,576.7967595991499,577.8277587890625,95197700,-0.0169,565.4640075683594,550.7024908447265,68.55,0.010515826418458895
SPY,2025-05-22,577.629506378804,581.5553390131786,576.3902984080268,578.0558471679688,70860400,0.0004,567.2682952880859,551.215942993164,64.16,0.009776355741223184
SPY,2025-05-23,571.0072475595028,576.7869310981343,570.6305234552773,574.1102294921875,76029000,-0.0068,568.6795043945312,551.7977532958985,63.36,0.009978886922424086
SPY,2025-05-27,581.0101064535629,586.2048566469568,573.4360527249615,586.0462646484375,72588500,0.0208,570.6771087646484,552.3931280517578,74.61,0.010758119332808477
SPY,2025-05-28,586.4527734503207,587.6523487169525,581.9222212137981,582.6558227539062,68445500,-0.0058,572.3331878662109,552.8349005126953,69.9,0.010936159241130707
SPY,2025-05-29,587.9397721452495,588.0785779673218,581.0101304856973,584.9557495117188,69973300,0.0039,574.093359375,553.4438494873046,69.16,0.010920693779773293
SPY,2025-05-30,583.8454633007033,586.0264816938155,578.2045855174352,584.301513671875,90601200,-0.0011,575.6260162353516,553.9189324951171,69.22,0.010918717632434783
SPY,2025-06-02,582.6856189346104,587.6721612666921,580.0089171212081,587.5928955078125,61630500,0.0056,576.9123168945313,554.4922613525391,59.76,0.010572420675860783
SPY,2025-06-03,587.2259796444896,591.9250465362925,586.740159298439,590.943603515625,63606200,0.0057,578.5272521972656,555.1289178466797,59.37,0.010425549335520338
SPY,2025-06-04,591.8061095833268,592.7875526407612,590.3487695069823,590.7849731445312,57314200,-0.0003,580.367724609375,555.5621441650391,58.55,0.010118112992367497
SPY,2025-06-05,592.4702844558809,593.8284515327539,585.9470768439928,587.9298095703125,92278700,-0.0048,581.9489501953125,555.9109051513672,52.66,0.010273056225414443
SPY,2025-06-06,593.4913881340742,595.6426968087642,591.7069406984755,593.96728515625,66588700,0.0103,583.6382415771484,556.5166290283203,54.83,0.010369940110470119
SPY,2025-06-09,594.5422573867003,596.0590770966814,593.322896017802,594.5026245117188,53016400,0.0009,585.3899841308594,557.1629998779297,54.73,0.010333811392450367
SPY,2025-06-10,595.0379370041686,598.2598779419187,593.9177485918233,597.873291015625,66247000,0.0057,586.3858123779297,558.1032122802734,59.76,0.007621410285297746
SPY,2025-06-11,598.9736747077318,599.8361586452579,594.0961689044454,596.1680908203125,73658200,-0.0029,587.1055419921875,558.9353656005859,70.96,0.007597262318548851
SPY,2025-06-12,594.8297748594797,598.5374755859375,594.3440149953893,598.5374755859375,64129000,0.004,587.9065643310547,559.783578491211,72.31,0.007622238930641682
SPY,2025-06-13,593.332875007361,596.6539287176514,590.3389286898089,591.8458251953125,89506000,-0.0112,588.2307434082031,560.4275714111328,68.23,0.00806805755009092
SPY,2025-06-16,595.2164006808653,599.2314224312138,595.0379014846701,597.4766845703125,79984100,0.0095,588.6510803222657,561.7357781982422,63.5,0.008217905675061662
SPY,2025-06-17,595.0280706090336,596.5547531382241,591.6078443016146,592.3712158203125,82209400,-0.0085,588.7839263916015,563.5648498535156,61.03,0.008471902476949763
SPY,2025-06-18,593.2732877481382,596.0292547686196,591.3202645518776,592.2819213867188,76605000,-0.0002,589.0114440917969,565.4099798583984,58.75,0.008429351913653309
SPY,2025-06-20,594.9675856083323,596.0414436168163,589.4790454395113,590.8909912109375,94051400,-0.0023,589.6646057128906,567.3839276123047,57.74,0.007423042006588614
SPY,2025-06-23,591.6465733053511,597.1152078061239,588.5145735944315,596.7274780273438,87426000,0.0099,590.5981872558593,568.4408074951172,60.12,0.007672617065355152
SPY,2025-06-24,600.8836010096178,604.3834856367664,599.9688039561656,603.3196411132812,67735300,0.011,592.0586578369141,570.1061798095703,62.79,0.007676889446836365
SPY,2025-06-25,604.4431877891288,605.1392079707367,602.086708265907,603.65771484375,62114800,0.0006,592.9392303466797,571.592730102539,63.26,0.006359741802107524
SPY,2025-06-26,605.517034479532,608.8181084243395,604.9005750782753,608.380615234375,78548400,0.0078,594.2254699707031,573.0710333251953,70.28,0.006264486369502641
SPY,2025-06-27,609.3848675360332,612.8748603878714,607.3465704310272,611.4032592773438,86258400,0.005,595.5478454589844,574.6397296142578,68.39,0.006285176796910427
SPY,2025-06-30,613.8591865146053,615.6886593072754,611.5325044540273,614.3264770507812,92502500,0.0048,597.0490936279297,576.5038262939453,69.91,0.006258812734225672
SPY,2025-07-01,612.8450033281383,615.3009489521946,612.0098276707645,614.127685546875,70030100,-0.0003,598.3758331298828,578.3490765380859,67.43,0.0062455268203057196
SPY,2025-07-02,613.7200271324969,616.9514932068568,613.0936150077308,616.9117431640625,66510400,0.0045,599.6742401123047,580.4984436035156,71.75,0.0062161821926832025
SPY,2025-07-03,618.9003311484321,622.7085065821568,618.8804257837007,621.7738647460938,51065800,0.0079,601.2236846923828,582.4799621582031,73.15,0.006314000733541141
SPY,2025-07-07,619.8050287830624,620.4712515380828,614.3463473867639,617.1403198242188,74814500,-0.0075,602.6842102050781,584.2068212890625,76.28,0.006506150935845261
SPY,2025-07-08,617.8065573856337,618.5622329876766,615.9870371559156,616.8023681640625,59024600,-0.0005,603.8259643554687,585.703466796875,72.56,0.00626400746117726
SPY,2025-07-09,619.2184771119485,621.1573080723725,617.3690382262929,620.5010986328125,66113300,0.006,605.1258880615235,587.1957678222657,83.95,0.006324245326311164
SPY,2025-07-10,620.6402811009391,623.2950374474425,619.4570650879599,622.2510375976562,57529000,0.0028,606.344775390625,588.7189050292968,84.77,0.006271959317805776
SPY,2025-07-11,619.1886732139827,621.2965785748338,617.9856123550688,620.0636596679688,63670200,-0.0035,607.5395538330079,590.1294934082031,83.24,0.006298111663531853
SPY,2025-07-14,619.6062115300674,621.5948059142781,618.2539819137044,621.246826171875,51898500,0.0019,608.6750213623047,591.5593835449218,81.25,0.0062803180442428455
SPY,2025-07-15,623.9413645164026,624.2793915612978,618.5124802515571,618.592041015625,74317300,-0.0043,610.0123321533204,592.8582568359375,71.63,0.00568498484004831
SPY,2025-07-16,620.1829130237127,621.1672575214722,614.5253596449445,620.66015625,88987500,0.0033,611.1715057373046,594.0341223144532,72.96,0.005431060766796092
SPY,2025-07-17,620.8391784397268,624.8163671275224,620.6204015046147,624.4583740234375,68885700,0.0061,612.7758636474609,595.3503918457031,72.27,0.004913300959211601
SPY,2025-07-18,625.7111996075373,625.8802131347736,622.8874296174818,624.0010375976562,65621600,-0.0007,614.3618194580079,596.7509020996093,68.78,0.00492980996751291
SPY,2025-07-21,625.1842651367188,627.9384270926762,624.7567246264017,625.1842651367188,63375000,0.0019,616.0764831542969,598.1284814453124,67.07,0.004796629847584344
SPY,2025-07-22,625.5123643014988,626.1387764125508,622.6189860590433,625.2737426757812,60046300,0.0001,617.5037963867187,599.4303271484375,67.59,0.004530072033817908
SPY,2025-07-23,627.9483363497261,630.5932006835938,626.138708302101,630.5932006835938,70511000,0.0085,618.8674743652343,600.8528356933593,69.99,0.004307716454530375
SPY,2025-07-24,630.9809681636451,632.5221773472229,630.3744614468128,630.802001953125,71307100,0.0003,620.2246887207032,601.9097412109375,65.27,0.0043141718727200224
SPY,2025-07-25,631.4682494008442,633.9440397736063,631.2196750953526,633.4667358398438,56865400,0.0042,621.4789947509765,602.9436059570312,79.58,0.004140032417874624
SPY,2025-07-28,633.8445768779104,634.4013808975731,631.9156378299562,633.3076782226562,54917100,-0.0003,622.5742156982421,603.9594189453124,80.09,0.004109091332514712
SPY,2025-07-29,634.7096125224674,635.0277949185313,630.722531607152,631.6372680664062,60556300,-0.0026,623.4397552490234,604.8849194335937,71.93,0.004153869470619838
SPY,2025-07-30,632.2934318863223,634.0434045947875,627.9384054781906,630.841796875,80418900,-0.0013,624.2754608154297,605.7203564453125,67.58,0.004181211106341037
SPY,2025-07-31,635.8132594113927,636.200989166749,627.1728149946817,628.475341796875,103385200,-0.0038,624.8536407470704,606.4955773925781,67.08,0.0042621806872217985
SPY,2025-08-01,622.7282752516747,622.7680859762785,615.7582427178595,618.1743774414062,140103600,-0.0164,624.6736663818359,607.10443359375,45.45,0.005463457551867022
SPY,2025-08-04,622.1019219542782,627.6202593639928,622.0124691896333,627.570556640625,73218000,0.0152,625.1951782226563,608.0992895507812,61.09,0.006195624517181049
SPY,2025-08-05,628.187016594973,629.0023475949919,623.464104816374,624.3887939453125,68051400,-0.0051,625.5744995117187,609.0259484863282,54.48,0.006332063353740994
SPY,2025-08-06,625.462617040701,629.8275961427472,624.5478806448895,629.17138671875,64357500,0.0077,626.0080139160157,610.1271716308594,55.53,0.006418968600541447
SPY,2025-08-07,632.6116453260242,633.3474155493337,625.5223013845391,628.6444091796875,74205800,-0.0008,626.3276824951172,610.9791345214844,55.44,0.006407446326037606
SPY,2025-08-08,630.4440623273716,634.0136158764692,630.125879949944,633.5462646484375,64051600,0.0078,627.0018127441406,611.996943359375,59.02,0.006531323312356118
SPY,2025-08-11,633.824713555593,635.3062066703783,631.0406328520911,632.29345703125,58742300,-0.002,627.5541442871094,612.9436975097656,57.38,0.006563848357721107
SPY,2025-08-12,634.6499095494731,639.1839021511607,633.1584638161933,639.0248413085938,64730800,0.0106,628.5757843017578,614.0381640625,58.61,0.006785609773631266
SPY,2025-08-13,641.2321859855442,642.5049155421342,639.0149226306152,641.2123413085938,60092800,0.0034,629.6033935546875,615.1105529785157,60.22,0.006786937918957978
SPY,2025-08-14,639.1242567818475,641.9381347685223,638.6768716045066,641.27197265625,59327500,0.0001,630.4440734863281,616.1171203613281,58.08,0.0067116081687272604
SPY,2025-08-15,642.3060144753327,642.4054806038605,638.8558324502803,639.7705688476562,68592500,-0.0023,631.2325500488281,617.0968322753906,56.51,0.006746648290662179
SPY,2025-08-18,639.1939154739885,640.3274289037191,638.5178006265407,639.6314086914062,43804900,-0.0002,631.9549072265625,618.1308642578125,58.31,0.00675250246010206
SPY,2025-08-19,639.4523760102862,640.4367204754008,634.8388226855677,636.1612548828125,69750700,-0.0054,632.4992828369141,618.9747436523437,55.24,0.006907935939726757
SPY,2025-08-20,635.7536294439067,636.0120957287904,629.3404006137462,634.470947265625,88890300,-0.0027,632.6931701660156,619.7741101074218,55.98,0.00670880019079419
SPY,2025-08-21,632.6514763962614,634.3317804706619,630.195530658508,631.9255981445312,54805800,-0.004,632.7493499755859,620.45515625,66.23,0.006778019816405019
SPY,2025-08-22,634.1230118894028,642.8131599802851,633.6159105915494,641.6299438476562,84083200,0.0154,633.1575103759766,621.3643933105469,66.47,0.007552571886798783
SPY,2025-08-25,640.3671451910226,641.6100166878209,638.686780499868,638.8060913085938,51274300,-0.0044,633.4324310302734,622.169765625,67.03,0.007635333377755935
SPY,2025-08-26,638.5376929659955,641.8288143683822,637.9112808564007,641.4807739257812,51581600,0.0042,633.9246063232422,623.1624645996094,65.31,0.007643297717608557
SPY,2025-08-27,640.8941330732226,643.6781530071313,640.7449642231398,642.9423828125,48341100,0.0023,634.5296356201172,624.0717785644531,67.38,0.007633623682519067
SPY,2025-08-28,643.548887361664,645.7761033013204,641.6597591604225,645.2192993164062,61519500,0.0035,635.3668334960937,625.128740234375,65.15,0.007567275460476977
SPY,2025-08-29,643.777581165663,644.1455269630451,639.472317969575,641.3713989257812,74522200,-0.006,636.5266845703125,626.1105297851562,61.04,0.006576135083130451
SPY,2025-09-02,633.8644906037873,636.8374296419402,631.2991867317828,636.6187133789062,81983500,-0.0074,636.9790924072265,627.0250842285157,46.93,0.006087716277364149
SPY,2025-09-03,639.0049424066366,640.5361988813526,636.8075845104526,640.06884765625,70820900,0.0054,637.7630950927735,627.8919116210938,48.58,0.006010289422928701
SPY,2025-09-04,640.7450037735979,645.4480709373178,639.8402199968853,645.418212890625,65219200,0.0084,638.5754364013671,628.7338830566406,54.54,0.006051661363886622
SPY,2025-09-05,647.7646994415851,648.4905776412766,639.6612139364762,643.5488891601562,85178900,-0.0029,639.3206604003906,629.5317065429688,54.1,0.006107881017694761
SPY,2025-09-08,644.9210585487652,646.1341327155172,643.5389708468488,645.1298828125,63133100,0.0025,639.8998413085938,630.2666918945313,55.79,0.005918025542002135
SPY,2025-09-09,645.2689866211995,647.148222783044,643.5289666240282,646.6212768554688,66133900,0.0023,640.6162322998047,630.9710522460938,61.49,0.0058841803972489335
SPY,2025-09-10,649.8924717726807,650.817160801947,646.9195331255914,648.4905395507812,78034500,0.0029,641.0895172119141,631.6543334960937,65.34,0.00546996343680652
SPY,2025-09-11,650.4493620868353,654.5757199134183,649.8627606991871,653.8796997070312,69934400,0.0083,641.7228851318359,632.4493737792968,72.61,0.005699584472388749
SPY,2025-09-12,653.8497465125743,655.351144838518,653.1537870945498,653.6608276367188,72780100,-0.0003,642.3423278808593,633.18435546875,65.4,0.005703609198984188
SPY,2025-09-15,655.8782140097094,657.2701936656516,655.5799369896564,657.1409301757812,63772400,0.0053,643.2108459472656,633.8916967773438,73.08,0.005726705675581472
SPY,2025-09-16,657.6977327581834,658.0060231465056,655.450672087237,656.2361450195312,61169000,-0.0014,644.0410827636719,634.67361328125,69.44,0.005750148739495004
SPY,2025-09-17,656.2461210913638,657.9463305061431,650.5686620900484,655.4208374023438,101952200,-0.0012,645.0040618896485,635.4459826660157,66.73,0.005566336790309952
SPY,2025-09-18,658.1153302554297,661.098221592467,656.504573788396,658.4832153320312,90459200,0.0047,646.2046752929688,636.205625,67.42,0.005517493710200807
SPY,2025-09-19,660.3786700487054,662.5921003065068,658.4244226642126,661.74462890625,97945600,0.005,647.6956268310547,636.9954968261719,77.17,0.005377937385867931
SPY,2025-09-22,660.2490220888672,665.3239917254978,660.2190812650523,664.8753662109375,69452200,0.0047,648.8578979492188,637.8917309570312,89.38,0.004463828307394331
SPY,2025-09-23,664.7557113987294,665.3739407705357,660.0296859026699,661.256103515625,81708900,-0.0054,649.9803985595703,638.6919165039062,79.39,0.004541791322931166
SPY,2025-09-24,662.5522091075384,662.6518901422049,657.7264420940938,659.1522216796875,68082200,-0.0032,650.8639709472657,639.5031201171874,70.94,0.004631797991231822
SPY,2025-09-25,656.0016057727498,657.4672457066506,652.4819765077987,656.1112670898438,89622100,-0.0046,651.5224151611328,640.2121423339844,68.49,0.004812713426572995
SPY,2025-09-26,657.5669862915963,660.4185456623683,655.9417836675868,659.8701782226562,69179200,0.0057,652.2549591064453,640.9203784179688,70.39,0.004896550880601158
SPY,2025-09-29,662.4026597035332,663.3199930316334,659.9100251593522,661.7246704101562,73499000,0.0028,653.2726226806641,641.6748510742187,70.68,0.0046080707231415064
SPY,2025-09-30,660.976860345401,664.6859320813617,659.6607420426623,664.21728515625,86288000,0.0038,654.6525512695313,642.4555114746094,71.18,0.004113315988476065
SPY,2025-10-01,661.2161783670498,667.3979243492374,661.1065170498754,666.4806518554688,72545400,0.0034,655.9731414794921,643.2796496582031,68.53,0.0040537701749826845
SPY,2025-10-02,668.4747085274895,668.5943501107935,664.8155382515555,667.248291015625,56896000,0.0012,657.0646453857422,644.0127514648437,69.66,0.0037689311621815743
SPY,2025-10-03,668.0160736487628,670.6981508367895,666.1914481336265,667.2384033203125,70494400,-0.0,658.24912109375,644.7414794921875,66.24,0.003636926840356492
SPY,2025-10-06,669.6412668959266,670.5286593813627,667.4876574687494,669.6312866210938,54623300,0.0036,659.4741912841797,645.4647705078125,70.56,0.0036559396516958947
SPY,2025-10-07,670.5585274945992,671.0072138668005,665.7028804529681,667.1486206054688,72020100,-0.0037,660.5005584716797,646.1415893554688,67.13,0.0038601336219032055
SPY,2025-10-08,668.2753327277967,671.2266339865188,667.4477610054765,671.1268920898438,60702200,0.006,661.6323760986328,646.9313818359375,67.98,0.0039764140152973035
SPY,2025-10-09,671.5456907353398,671.9544560264949,667.2384109165724,669.1826171875,66501900,-0.0029,662.3975219726562,647.6981982421875,60.99,0.00378735777916064
SPY,2025-10-10,670.1497521868876,671.9643973425017,650.9166069608107,651.0960693359375,159422600,-0.027,662.2692840576171,648.1506127929688,35.88,0.007357588277632698
SPY,2025-10-13,658.7036354539871,663.170417127303,657.8262232173948,661.0865478515625,79560500,0.0153,662.4665649414062,649.0088562011719,49.85,0.008054903704217123
SPY,2025-10-14,655.2338407773344,663.8683609233883,651.2456255038628,660.2789306640625,88779600,-0.0012,662.6687042236329,649.6630236816407,51.05,0.008052753697044468
SPY,2025-10-15,664.855429242796,668.2553559603689,656.988660072404,663.2102661132812,81702600,0.0044,663.0581756591797,650.439453125,56.6,0.008093278562778933
SPY,2025-10-16,664.8554499895176,666.7398963555108,655.1740352792065,658.6936645507812,110563300,-0.0068,663.0686981201172,651.0298986816406,48.92,0.008196756418820427
SPY,2025-10-17,657.5570092911896,663.7985760836355,656.2010306703355,662.4326171875,96500900,0.0057,663.1030975341797,651.7056628417969,50.63,0.008220443066558305
SPY,2025-10-20,665.3539499346838,670.2295576279439,665.3041094156895,669.3222045898438,60493400,0.0104,663.325439453125,652.421181640625,54.2,0.008483288525714925
SPY,2025-10-21,669.4617772299453,671.0071983826805,668.0060568363804,669.3121948242188,56249000,-0.0,663.7282440185547,653.1615563964843,52.42,0.008375055380806691
SPY,2025-10-22,670.0201576878661,670.0201576878661,661.3457774038759,665.83251953125,80564000,-0.0052,664.0622589111329,653.6977099609375,48.84,0.008435106775600986
SPY,2025-10-23,666.1515932793667,670.7280970890292,665.8325287543602,669.7808837890625,65604500,0.0059,664.7457397460937,654.2690808105468,51.95,0.008424781740105866
SPY,2025-10-24,674.4670490970213,676.4710761570719,673.6594379369009,675.2546997070312,74356500,0.0082,665.5149658203125,654.9487353515625,54.12,0.008515155220021114
SPY,2025-10-27,680.7185156175003,683.5202343374859,680.1103274099472,683.2211303710938,63339800,0.0118,666.5897888183594,655.8177465820313,60.89,0.008836197979721952
SPY,2025-10-28,685.0257863269245,686.8802917495992,682.8123561492805,685.0357666015625,61738100,0.0027,667.630712890625,656.7258337402344,59.71,0.008825495364060468
SPY,2025-10-29,686.6908448301914,687.6679989086465,680.8581046045199,685.3648071289062,85657100,0.0005,668.5749206542969,657.7099047851563,61.56,0.0088180123670396
SPY,2025-10-30,681.8851035842282,683.919071384824,677.8270874023438,677.8270874023438,76335800,-0.011,669.1038604736328,658.5770275878906,72.49,0.009247376583886411
SPY,2025-10-31,683.0217380676526,683.0616591685175,677.2388379885472,680.050537109375,87164100,0.0033,669.7444671630859,659.5395263671875,68.35,0.009261124178663828
SPY,2025-11-03,683.6498738048132,683.7794956694769,677.9367749059246,681.3267822265625,57315000,0.0019,670.3292419433594,660.3334631347657,70.19,0.009243790234245746
SPY,2025-11-04,674.1180423048241,677.9567360174515,672.5925816080086,673.2506103515625,78427000,-0.0119,670.6343414306641,661.022353515625,58.76,0.009632919161860935
SPY,2025-11-05,672.9913638051393,678.8540450990596,672.1837526501265,675.583740234375,74402400,0.0035,670.8571838378906,661.7044128417969,65.33,0.009573900926339723
SPY,2025-11-06,674.4769688014325,675.384321857154,666.7498016918889,668.3351440429688,85035300,-0.0107,670.814810180664,662.2122680664063,55.04,0.009868871849352768
SPY,2025-11-07,665.9421818455136,669.1028862313885,659.2619700189845,668.9931640625,100592400,0.001,671.7096649169922,662.6877453613281,49.69,0.007552824497811202
SPY,2025-11-10,675.2447347362015,680.1701831536659,673.0412846911101,679.432373046875,75842900,0.0156,672.6269561767579,663.44896484375,58.06,0.007582144884703257
SPY,2025-11-11,677.9467300747958,681.5560598909952,676.7302928180768,680.9877319335938,58953400,0.0023,673.6623962402343,664.3363452148437,62.45,0.0075592118776051315
SPY,2025-11-12,682.7724572806613,682.9420002443612,678.9438047256676,681.3666381835938,62312500,0.0006,674.57021484375,665.1623010253907,60.11,0.007532309354409609
SPY,2025-11-13,678.4950944095032,678.8540191634994,668.5445172010542,670.0599975585938,103457800,-0.0166,675.1385314941406,665.65513671875,45.89,0.008365782437373917
SPY,2025-11-14,663.4196879466924,673.669369761962,661.3159189526839,669.9503784179688,96846700,-0.0002,675.5144195556641,666.1831665039062,38.0,0.00829130648076013
SPY,2025-11-17,667.7269573864955,671.7251529532939,660.2191128892804,663.7088012695312,90456100,-0.0093,675.2337493896484,666.5547448730468,32.14,0.008236414651763816
SPY,2025-11-18,660.1493223141129,663.1604443809363,653.9277160969795,658.1353149414062,114467500,-0.0084,674.6749053955078,666.7850256347656,29.04,0.008427960982099386
SPY,2025-11-19,658.8332701356088,665.3739409367662,656.8092216159307,660.6777954101562,94703000,0.0039,674.4171691894531,667.0287707519532,35.7,0.008423555631304657
SPY,2025-11-20,670.9274443593279,673.5696612658603,649.969414909385,650.6075439453125,165293500,-0.0152,673.4585021972656,666.9633276367188,28.29,0.008907654898427186
SPY,2025-11-21,653.1200634979649,662.5920743656175,648.9324254696204,657.08837890625,123956200,0.01,672.5501861572266,667.0318786621094,33.4,0.00901816295915609
SPY,2025-11-24,660.7375826041805,668.0858642133718,659.6408477705503,666.759765625,80437900,0.0147,671.7271179199219,667.2242553710937,45.65,0.009260116800445603
SPY,2025-11-25,666.6600618545837,674.2177464111714,662.5222643995295,673.03125,81077100,0.0094,671.1268920898438,667.5601574707031,48.38,0.009524710245627321
SPY,2025-11-26,675.6336030547216,679.6916195137131,674.7262499751725,677.6775512695312,71879600,0.0069,670.742529296875,668.0052917480468,56.15,0.009678021763932858
SPY,2025-11-28,678.8540116786253,681.6557303234264,678.4950869285864,681.3765869140625,49212000,0.0055,670.9200042724609,668.4631591796875,57.84,0.00943700861390661
SPY,2025-12-01,676.8100876493213,680.9777652313311,676.7402865806703,678.2658081054688,61201200,-0.0046,670.8307678222657,668.7935827636719,49.19,0.009470763877378255
SPY,2025-12-02,679.91089945233,681.8053259843603,677.3285642303521,679.5220947265625,62953800,0.0019,670.7405334472656,669.0865173339844,48.97,0.009470763877378255
SPY,2025-12-03,678.5648962284573,682.8920755410956,677.6874840363832,681.8751220703125,57238500,0.0035,671.1717590332031,669.4988977050781,50.35,0.009077032902649943
SPY,2025-12-04,683.2809493981625,683.3507504660292,679.3326553413237,682.3736572265625,61970300,0.0007,671.5112548828125,669.9633264160157,59.85,0.009052972759788568
SPY,2025-12-05,683.4504163312143,686.3618571461667,682.5630847287977,683.6697998046875,79241000,0.0019,672.2779876708985,670.5144970703125,60.77,0.008658710247946568
SPY,2025-12-08,684.5672069678625,684.6170474876437,679.5619773329797,681.6159057617188,55231500,-0.003,672.9091247558594,670.9494116210938,65.04,0.00870913615874612
SPY,2025-12-09,681.1373100558188,683.3707007727439,680.5789623765876,681.027587890625,58310100,-0.0009,672.9888854980469,671.3354699707031,70.99,0.008004306406718308
SPY,2025-12-10,680.5490620813229,686.9401503769751,679.3027447895911,685.5443115234375,85671300,0.0066,673.2167144775391,671.7620104980468,72.0,0.008121841896360324
SPY,2025-12-11,683.1214313379483,687.2193077079016,680.1601500103427,687.1395263671875,86173700,0.0023,673.5053588867188,672.1751879882812,88.02,0.008133263409247896
SPY,2025-12-12,686.1424918468441,686.8504219479569,677.1690077077839,679.7514038085938,113160300,-0.0108,673.9899291992188,672.4252502441407,73.15,0.00757756209927845
SPY,2025-12-15,683.7196756361553,683.7396361862291,677.2488060921288,678.7244262695312,90811000,-0.0015,674.4286315917968,672.654970703125,64.84,0.007591657471059591
SPY,2025-12-16,677.2288588584025,679.0734449717613,672.9913800472318,676.8699340820312,122030600,-0.0027,675.0866882324219,672.7997436523438,55.35,0.0072717115917564
SPY,2025-12-17,677.8869129385677,678.4352803496147,669.2225131069573,669.4219360351562,110625200,-0.011,675.6510192871094,672.8452099609375,39.33,0.007469347889524026
SPY,2025-12-18,675.603604329658,678.7343677454887,672.9116078583543,674.4769287109375,108650100,0.0076,676.3409759521485,672.9122106933594,41.38,0.007592882747748236
SPY,2025-12-19,676.5900268554688,681.0900268554688,676.469970703125,680.5900268554688,103599500,0.0091,677.8401000976562,673.1403588867188,52.7,0.006750719259924528
SPY,2025-12-22,683.9400024414062,685.3599853515625,680.5900268554688,684.8300170898438,69556700,0.0062,679.227182006836,673.8150378417969,55.77,0.006573143123827137
SPY,2025-12-23,683.9199829101562,688.2000122070312,683.8699951171875,687.9600219726562,64840000,0.0046,680.2871948242188,674.3525073242188,56.5,0.005907646695062628
SPY,2025-12-24,687.9500122070312,690.8300170898438,687.7999877929688,690.3800048828125,39445600,0.0035,681.1546325683594,674.9545288085938,58.22,0.005638019435750015
SPY,2025-12-26,690.6400146484375,691.6599731445312,689.27001953125,690.3099975585938,41613300,-0.0001,681.7862548828125,675.4965234375,56.99,0.005486672848582153
SPY,2025-12-29,687.5399780273438,689.2000122070312,686.0700073242188,687.8499755859375,62559500,-0.0036,682.1099243164062,676.0796496582032,56.51,0.0054659014761856625
SPY,2025-12-30,687.4500122070312,688.5599975585938,686.5800170898438,687.010009765625,47160700,-0.0012,682.5471343994141,676.5711975097656,56.21,0.0053510918708733176
SPY,2025-12-31,687.1400146484375,687.3599853515625,681.7100219726562,681.9199829101562,74144800,-0.0074,682.6670288085937,676.8231530761718,46.28,0.005633817066327437
SPY,2026-01-02,685.7100219726562,686.8699951171875,679.8200073242188,683.1699829101562,89377200,0.0018,682.7317718505859,677.1003088378907,45.9,0.005593932333105988
SPY,2026-01-05,686.5399780273438,689.4299926757812,686.3800048828125,687.719970703125,71927200,0.0067,682.9990875244141,677.5380578613281,58.75,0.005785142039833838
SPY,2026-01-06,687.9299926757812,692.3200073242188,687.780029296875,691.8099975585938,69273800,0.0059,683.4060974121094,677.9786401367187,63.46,0.005907397236115356
SPY,2026-01-07,692.1900024414062,693.9600219726562,689.3200073242188,689.5800170898438,75588300,-0.0032,683.8043029785156,678.265146484375,62.97,0.005913986543957084
SPY,2026-01-08,688.8200073242188,690.6199951171875,687.489990234375,689.510009765625,64019200,-0.0001,684.2284240722656,678.3909240722656,74.14,0.0059060428465482154
SPY,2026-01-09,690.6300048828125,695.3099975585938,689.1799926757812,694.0700073242188,80125500,0.0066,684.6547088623047,678.5716088867188,73.83,0.0059060428465482154
SPY,2026-01-12,690.6799926757812,696.0900268554688,690.6300048828125,695.1599731445312,63976000,0.0016,685.0557312011719,678.7675122070312,70.19,0.005897724806629844
SPY,2026-01-13,695.489990234375,696.0900268554688,691.3499755859375,693.77001953125,78309700,-0.002,685.7566619873047,679.0863708496094,63.45,0.005300486571508037
SPY,2026-01-14,691.0,691.719970703125,686.0399780273438,690.3599853515625,94676700,-0.0049,686.3384399414062,679.2925598144532,53.58,0.005438953072634105
SPY,2026-01-15,694.5700073242188,695.4500122070312,691.25,692.239990234375,77862000,0.0027,687.1069427490235,679.5108239746094,52.82,0.0053861811488680215
SPY,2026-01-16,693.6599731445312,694.25,690.0999755859375,691.6599731445312,79289200,-0.0008,688.2188446044922,679.8790112304688,52.02,0.004602001852741019
SPY,2026-01-20,681.489990234375,684.77001953125,676.5700073242188,677.5800170898438,111623300,-0.0204,688.3739990234375,679.9189367675781,38.62,0.006545347885893354
SPY,2026-01-21,679.6500244140625,688.739990234375,678.1300048828125,685.4000244140625,127844500,0.0115,688.6144989013671,680.260234375,48.45,0.00673538183186765
SPY,2026-01-22,689.8499755859375,691.1300048828125,686.9199829101562,688.97998046875,77112200,0.0052,688.8219970703125,680.659970703125,56.98,0.006693406024628008
SPY,2026-01-23,688.1500244140625,690.9600219726562,687.1599731445312,689.22998046875,63059600,0.0004,688.8854949951171,680.8559228515625,56.11,0.006617512650853847
SPY,2026-01-26,690.489990234375,694.1300048828125,689.9199829101562,692.72998046875,60473800,0.0051,689.0029937744141,681.0907678222657,55.16,0.006670114020961843
SPY,2026-01-27,694.1799926757812,696.530029296875,693.5700073242188,695.489990234375,55506100,0.004,689.2619934082031,681.3732348632813,53.9,0.006723523120945962
SPY,2026-01-28,697.0499877929688,697.8400268554688,693.9400024414062,695.4199829101562,61172200,-0.0001,689.640493774414,681.8804345703124,56.48,0.006659310854182418
SPY,2026-01-29,696.3900146484375,697.0599975585938,684.8300170898438,694.0399780273438,97486200,-0.002,689.9919921875,682.3622265625,54.89,0.00667289095401766
SPY,2026-01-30,691.7899780273438,694.2100219726562,687.1199951171875,691.969970703125,101835100,-0.003,690.4944915771484,682.9274499511719,47.61,0.006467041949682062
SPY,2026-02-02,689.5800170898438,696.9299926757812,689.4199829101562,695.4099731445312,79286500,0.005,691.1064910888672,683.6729431152344,50.27,0.0065336296030211165
SPY,2026-02-03,696.2100219726562,696.9600219726562,684.030029296875,689.530029296875,107904600,-0.0085,691.1969940185547,684.2499877929688,45.82,0.0067064383833353655
SPY,2026-02-04,690.3499755859375,691.4500122070312,681.760009765625,686.1900024414062,105204600,-0.0048,690.9159942626953,684.9616369628907,45.88,0.006650150374239682
SPY,2026-02-05,680.9400024414062,683.6900024414062,675.7899780273438,677.6199951171875,113610800,-0.0125,690.3179931640625,685.3722692871094,37.25,0.007162732498293194
SPY,2026-02-06,681.4600219726562,692.3099975585938,680.8499755859375,690.6199951171875,89127600,0.0192,690.3734924316407,685.8494738769531,49.25,0.008452982967723984
SPY,2026-02-09,689.4199829101562,695.8699951171875,688.3400268554688,693.9500122070312,73885200,0.0048,690.3674926757812,686.2678491210937,63.88,0.008389647442564348
SPY,2026-02-10,694.9500122070312,696.5399780273438,691.6599731445312,692.1199951171875,65185700,-0.0026,690.2154937744141,686.5566979980468,56.34,0.008400706423929646
SPY,2026-02-11,696.3900146484375,697.1400146484375,689.1799926757812,691.9600219726562,76353900,-0.0002,690.1249938964844,686.7683666992187,53.01,0.008389873281773135
SPY,2026-02-12,694.239990234375,695.3499755859375,680.3699951171875,681.27001953125,118829000,-0.0154,689.6704956054688,686.8284509277344,43.37,0.009011840164910545
SPY,2026-02-13,681.6900024414062,686.280029296875,677.52001953125,681.75,96267500,0.0007,689.14599609375,686.8730090332032,40.37,0.008984114635815478
SPY,2026-02-17,680.1400146484375,684.9400024414062,675.780029296875,682.8499755859375,81354700,0.0016,688.7054962158203,686.8925061035156,38.58,0.008999005793039479
SPY,2026-02-18,684.02001953125,689.1500244140625,682.8300170898438,686.2899780273438,73570300,0.005,689.1409942626954,686.9708325195312,42.22,0.007765382018596189
SPY,2026-02-19,683.8400268554688,686.1799926757812,681.5499877929688,684.47998046875,58649400,-0.0026,689.0949920654297,686.9870361328125,41.92,0.0073598680623185786
SPY,2026-02-20,682.3200073242188,690.0599975585938,681.72998046875,689.4299926757812,100034000,0.0072,689.1174926757812,687.1433178710937,47.95,0.007447802572429999
SPY,2026-02-23,687.8300170898438,690.0,680.3699951171875,682.3900146484375,90558100,-0.0102,688.7754943847656,687.17056640625,40.08,0.007791917202089015
SPY,2026-02-24,681.9000244140625,688.3499755859375,680.0,687.3499755859375,73798700,0.0073,688.506494140625,687.2066796875,48.32,0.007889531705134087
SPY,2026-02-25,690.1799926757812,693.6799926757812,690.0999755859375,693.1500244140625,56369500,0.0084,688.3894958496094,687.3268896484375,55.18,0.008076494484483656
SPY,2026-02-26,693.280029296875,693.2999877929688,684.3499755859375,689.2999877929688,71671000,-0.0056,688.08349609375,687.517861328125,59.35,0.00816835356727414
SPY,2026-02-27,683.0900268554688,686.8599853515625,681.6400146484375,685.989990234375,83308900,-0.0048,687.6809967041015,687.6631726074219,45.61,0.008220865622241221
SPY,2026-03-02,678.7000122070312,688.6199951171875,678.02001953125,686.3800048828125,87477200,0.0006,687.401498413086,687.8533740234375,42.4,0.008203792447783888
SPY,2026-03-03,675.0599975585938,682.6099853515625,669.6599731445312,680.3300170898438,105003100,-0.0088,686.6475006103516,688.0715356445312,39.09,0.00830804302753474
SPY,2026-03-04,681.6300048828125,687.0900268554688,679.6199951171875,685.1300048828125,67744042,0.0071,686.4274993896485,688.2845971679687,44.18,0.008305077711224252
TSLA,2025-03-05,272.9200134277344,279.54998779296875,267.7099914550781,279.1000061035156,94042900,,279.1000061035156,279.1000061035156,,
TSLA,2025-03-06,272.0599975585937,272.6499938964844,260.0199890136719,263.45001220703125,98451600,-0.0561,271.27500915527344,271.27500915527344,,
TSLA,2025-03-07,259.32000732421875,266.25,250.72999572753903,262.6700134277344,102369600,-0.003,268.40667724609375,268.40667724609375,,0.03754737008100567
TSLA,2025-03-10,252.5399932861328,253.3699951171875,220.0,222.1499938964844,189076900,-0.1543,256.8425064086914,256.8425064086914,,0.07676212173548444
TSLA,2025-03-11,225.30999755859372,237.05999755859372,217.0200042724609,230.5800018310547,174896400,0.0379,251.59000549316406,251.59000549316406,,0.08306834033894421
TSLA,2025-03-12,247.22000122070312,251.83999633789065,241.1000061035156,248.08999633789065,142215700,0.0759,251.0066706339518,251.0066706339518,,0.08969098059448341
TSLA,2025-03-13,248.1300048828125,248.2899932861328,232.6000061035156,240.67999267578125,114813500,-0.0299,249.53143092564173,249.53143092564173,,0.08032544843738296
TSLA,2025-03-14,247.30999755859372,251.5800018310547,240.72999572753903,249.97999572753903,100242300,0.0386,249.5875015258789,249.5875015258789,,0.0767740066379116
TSLA,2025-03-17,245.05999755859372,245.3999938964844,232.8000030517578,238.00999450683597,111900600,-0.0479,248.30111185709634,248.30111185709634,,0.07214283451201908
TSLA,2025-03-18,228.16000366210935,230.1000061035156,222.27999877929688,225.30999755859372,111477600,-0.0534,246.0020004272461,246.0020004272461,,0.06854498725492461
TSLA,2025-03-19,231.6100006103516,241.41000366210935,229.1999969482422,235.8600006103516,111993800,0.0468,245.08000044389203,245.08000044389203,,0.06812405677226739
TSLA,2025-03-20,233.3500061035156,238.0,230.0500030517578,236.25999450683597,99028300,0.0017,244.34499994913736,244.34499994913736,,0.06481338245651545
TSLA,2025-03-21,234.9900054931641,249.5200042724609,234.5500030517578,248.7100067138672,132728700,0.0527,244.68076970027045,244.68076970027045,,0.06464743309722827
TSLA,2025-03-24,258.0799865722656,278.6400146484375,256.3299865722656,278.3900146484375,169079900,0.1193,247.0885729108538,247.0885729108538,49.8,0.07119993157588185
TSLA,2025-03-25,283.6000061035156,288.20001220703125,271.2799987792969,288.1400146484375,150361500,0.035,249.82533569335936,249.82533569335936,52.42,0.06896686136858025
TSLA,2025-03-26,282.6600036621094,284.8999938964844,266.510009765625,272.0599975585937,153629800,-0.0558,251.21500205993652,251.21500205993652,52.3,0.06825878279438792
TSLA,2025-03-27,272.4800109863281,291.8500061035156,271.82000732421875,273.1300048828125,162572100,0.0039,252.50411987304688,252.50411987304688,52.78,0.06594972706539429
TSLA,2025-03-28,275.5799865722656,276.1000061035156,260.57000732421875,263.54998779296875,123809400,-0.0351,253.11777920193143,253.11777920193143,63.19,0.06444357484059442
TSLA,2025-03-31,249.30999755859372,260.5599975585937,243.3600006103516,259.1600036621094,134008900,-0.0167,253.435791015625,253.435791015625,59.35,0.06262345193317072
TSLA,2025-04-01,263.79998779296875,277.45001220703125,259.25,268.4599914550781,146486900,0.0359,254.18700103759767,254.18700103759767,57.04,0.061484986519080104
TSLA,2025-04-02,254.6000061035156,284.989990234375,251.2700042724609,282.760009765625,212787800,0.0533,254.37000122070313,255.54762050083704,63.89,0.06103068598319166
TSLA,2025-04-03,265.2900085449219,276.29998779296875,261.510009765625,267.2799987792969,136174300,-0.0547,254.5615005493164,256.08091042258525,55.49,0.06096077168319416
TSLA,2025-04-04,255.3800048828125,261.0,236.0,239.42999267578125,181229400,-0.1042,253.39949951171874,255.356957477072,50.41,0.06547506154415227
TSLA,2025-04-07,223.77999877929688,252.0,214.25,233.2899932861328,183453800,-0.0256,253.95649948120118,254.43750063578287,52.39,0.05531143666834003
TSLA,2025-04-08,245.0,250.44000244140625,217.8000030517578,221.8600006103516,171603500,-0.049,253.520499420166,253.13440063476563,45.83,0.0559087451967372
TSLA,2025-04-09,224.69000244140625,274.69000244140625,223.8800048828125,272.20001220703125,219433400,0.2269,254.72600021362305,253.86769338754507,58.25,0.07402404943487516
TSLA,2025-04-10,260.0,262.489990234375,239.3300018310547,252.3999938964844,181722600,-0.0727,255.3120002746582,253.8133341471354,50.82,0.07574827772924853
TSLA,2025-04-11,251.83999633789065,257.739990234375,241.3600006103516,252.30999755859372,128948100,-0.0004,255.42850036621093,253.7596435546875,43.33,0.07533730466166287
TSLA,2025-04-14,258.3599853515625,261.79998779296875,245.92999267578125,252.3500061035156,100135200,0.0002,256.14550094604493,253.71103536671606,40.37,0.07438867680529145
TSLA,2025-04-15,249.91000366210935,258.75,247.5399932861328,254.1100006103516,79594300,0.007,257.5855010986328,253.72433420817057,44.77,0.07309040454698623
TSLA,2025-04-16,247.6100006103516,251.97000122070312,233.88999938964844,241.5500030517578,112378700,-0.0494,257.8700012207031,253.33161384828628,41.37,0.07359573267806396
TSLA,2025-04-17,243.47000122070312,244.33999633789065,237.67999267578125,241.3699951171875,83404800,-0.0007,258.1255012512207,252.95781326293945,43.61,0.07360097593031452
TSLA,2025-04-21,230.25999450683597,232.2100067138672,222.7899932861328,227.5,97768000,-0.0575,257.0650009155273,252.18636437618372,41.36,0.07384800375023509
TSLA,2025-04-22,230.9600067138672,242.7899932861328,229.8500061035156,237.97000122070312,120858500,0.046,255.04400024414062,251.76823604808135,41.73,0.06918187015320369
TSLA,2025-04-23,254.8600006103516,259.45001220703125,244.42999267578125,250.7400054931641,150381900,0.0537,253.17399978637695,251.73885803222657,41.24,0.06988341023673493
TSLA,2025-04-24,250.5,259.5400085449219,249.1999969482422,259.510009765625,94464200,0.035,252.5465003967285,251.9547233581543,47.79,0.0693393446069857
TSLA,2025-04-25,261.69000244140625,286.8500061035156,259.6300048828125,284.95001220703125,167560700,0.098,253.13750076293945,252.84648792163745,63.11,0.07274164086539067
TSLA,2025-04-28,288.9800109863281,294.8599853515625,272.4200134277344,285.8800048828125,151731800,0.0033,254.25400161743164,253.71579099956313,65.61,0.07214573408988519
TSLA,2025-04-29,285.5,293.32000732421875,279.4700012207031,292.0299987792969,108906600,0.0215,255.89750137329102,254.69820658365884,71.5,0.07200695945897394
TSLA,2025-04-30,279.8999938964844,284.45001220703125,270.7799987792969,282.1600036621094,128961100,-0.0338,256.5825019836426,255.3847515106201,54.06,0.07228851896175637
TSLA,2025-05-01,280.010009765625,290.8699951171875,279.8099975585937,280.5199890136719,99659000,-0.0058,256.4705009460449,255.99780608386527,63.45,0.07140608775462391
TSLA,2025-05-02,284.8999938964844,294.7799987792969,279.8099975585937,287.2099914550781,114454700,0.0238,257.467000579834,256.74095335460845,65.7,0.07028036541707715
TSLA,2025-05-05,284.57000732421875,284.8500061035156,274.3999938964844,280.260009765625,94618900,-0.0242,259.50850143432615,257.2879081548646,61.82,0.0658246736254327
TSLA,2025-05-06,273.1099853515625,277.7300109863281,271.3500061035156,275.3500061035156,76715800,-0.0175,261.6115020751953,257.69841038097036,58.76,0.06561990712067729
TSLA,2025-05-07,276.8800048828125,277.9200134277344,271.0,276.2200012207031,71592600,0.0032,264.3295021057129,258.11000128852,65.83,0.06416241808673392
TSLA,2025-05-08,279.6300048828125,289.79998779296875,279.4100036621094,284.82000732421875,97539400,0.0311,264.96050186157225,258.69065359364384,68.42,0.04026912621743597
TSLA,2025-05-09,290.2099914550781,307.0400085449219,290.0,298.260009765625,132387800,0.0472,267.2535026550293,259.53255478879237,80.11,0.03720866162602465
TSLA,2025-05-12,321.989990234375,322.2099914550781,311.5,318.3800048828125,112826700,0.0675,270.55700302124023,260.7585433324178,81.62,0.039339160882603585
TSLA,2025-05-13,320.0,337.5899963378906,316.79998779296875,334.07000732421875,136992600,0.0493,274.6430030822754,262.2546956587811,82.03,0.04006120679003172
TSLA,2025-05-14,342.5,350.0,337.0,347.67999267578125,136997300,0.0407,279.3215026855469,263.9632015991211,82.68,0.04041922549324373
TSLA,2025-05-15,340.3399963378906,346.1400146484375,334.7200012207031,342.82000732421875,97882600,-0.014,284.38500289916993,265.23760162353517,75.31,0.03808604385916323
TSLA,2025-05-16,346.239990234375,351.6199951171875,342.3299865722656,349.9800109863281,95895700,0.0209,289.815503692627,266.9682015991211,76.58,0.037823058965050456
TSLA,2025-05-19,336.29998779296875,343.0,333.3699951171875,342.0899963378906,88869900,-0.0225,295.5450035095215,268.55660125732425,70.47,0.03476268568148142
TSLA,2025-05-20,347.8699951171875,354.989990234375,341.6300048828125,343.82000732421875,131715500,0.0051,300.83750381469724,270.9900015258789,77.01,0.03442651785439455
TSLA,2025-05-21,344.42999267578125,347.3500061035156,332.20001220703125,334.6199951171875,102354800,-0.0268,305.03150329589846,273.07080139160155,72.22,0.034874345872001666
TSLA,2025-05-22,331.8999938964844,347.2699890136719,331.3900146484375,341.0400085449219,97113400,0.0192,309.1080032348633,274.9298016357422,72.16,0.03457752388322125
TSLA,2025-05-23,337.9200134277344,343.17999267578125,333.2099914550781,339.3399963378906,84654800,-0.005,311.82750244140624,276.9030017089844,75.42,0.02861257360708841
TSLA,2025-05-27,347.3500061035156,363.7900085449219,347.32000732421875,362.8900146484375,120146400,0.0694,315.6780029296875,279.16120208740233,82.46,0.031565275307894235
TSLA,2025-05-28,364.8399963378906,365.0,355.9100036621094,356.8999938964844,91404300,-0.0165,318.9215026855469,281.5390020751953,78.82,0.03213139594326953
TSLA,2025-05-29,365.2900085449219,367.7099914550781,356.0,358.42999267578125,88087800,0.0043,322.7350021362305,284.20140197753904,77.7,0.030447990167877383
TSLA,2025-05-30,355.5199890136719,363.6799926757813,345.2900085449219,346.4599914550781,123474900,-0.0334,326.0320022583008,286.4134017944336,68.34,0.0319099868874604
TSLA,2025-06-02,343.5,348.0199890136719,333.3299865722656,342.69000244140625,81873800,-0.0109,328.8060028076172,288.542001953125,60.56,0.032125174175239475
TSLA,2025-06-03,346.6000061035156,355.3999938964844,343.0400085449219,344.2699890136719,99324500,0.0046,332.00650177001955,290.4532015991211,55.05,0.03117329280346441
TSLA,2025-06-04,345.1000061035156,345.6000061035156,327.3299865722656,332.04998779296875,98912100,-0.0355,334.8415008544922,291.5264010620117,42.15,0.03227360784228957
TSLA,2025-06-05,322.489990234375,324.54998779296875,273.2099914550781,284.70001220703125,287499800,-0.1426,335.26550140380857,291.4576010131836,29.54,0.0469810429294289
TSLA,2025-06-06,298.8299865722656,305.5,291.1400146484375,295.1400146484375,164747700,0.0367,335.78150177001953,291.9192013549805,31.13,0.047176089784640066
TSLA,2025-06-09,285.9599914550781,309.8299865722656,281.8500061035156,308.5799865722656,140908900,0.0455,336.29750061035156,292.62820098876955,38.9,0.04709350161897968
TSLA,2025-06-10,314.94000244140625,327.8299865722656,310.6700134277344,326.0899963378906,151256500,0.0567,336.6830001831055,293.87900115966795,44.68,0.04636891426943611
TSLA,2025-06-11,334.3999938964844,335.5,322.5,326.42999267578125,122611400,0.001,336.3009994506836,295.2244009399414,47.41,0.045028429323799656
TSLA,2025-06-12,323.0799865722656,332.5599975585937,316.8599853515625,319.1099853515625,105127500,-0.0224,334.8724990844727,296.2374008178711,43.09,0.0442185112463333
TSLA,2025-06-13,313.9700012207031,332.989990234375,313.29998779296875,325.3099975585937,128964300,0.0194,333.9969985961914,297.0884005737305,45.7,0.0444237655694384
TSLA,2025-06-16,331.2900085449219,332.04998779296875,326.4100036621094,329.1300048828125,83925900,0.0117,332.9544982910156,298.3254006958008,38.24,0.04422527260336679
TSLA,2025-06-17,326.0899963378906,327.260009765625,314.739990234375,316.3500061035156,88282700,-0.0388,331.66749877929686,299.86380096435545,36.51,0.04476786059334601
TSLA,2025-06-18,317.3099975585937,329.32000732421875,315.45001220703125,322.04998779296875,95137700,0.018,330.57899780273436,301.63900085449217,38.22,0.04498183376009756
TSLA,2025-06-20,327.95001220703125,332.3599853515625,317.7799987792969,322.1600036621094,108688000,0.0003,329.9559982299805,303.64500091552736,41.48,0.0446106580963504
TSLA,2025-06-23,327.5400085449219,357.5400085449219,327.4800109863281,348.67999267578125,190716800,0.0823,330.33799743652344,305.17460052490236,51.81,0.04819540707534167
TSLA,2025-06-24,356.1700134277344,356.260009765625,340.44000244140625,340.4700012207031,114736200,-0.0235,330.3944976806641,306.9360006713867,48.9,0.04851812764860486
TSLA,2025-06-25,342.70001220703125,343.0,320.3999938964844,327.54998779296875,119845100,-0.0379,328.62749633789065,308.44080047607423,48.7,0.046483018970712074
TSLA,2025-06-26,324.6099853515625,331.04998779296875,323.6099853515625,325.7799987792969,80440900,-0.0054,327.0714965820313,309.90940032958986,66.16,0.04639272260307984
TSLA,2025-06-27,324.510009765625,329.3399963378906,317.5,323.6300048828125,89067000,-0.0066,325.3314971923828,311.29980041503904,61.99,0.046360343761497384
TSLA,2025-06-30,319.8999938964844,325.5799865722656,316.6000061035156,317.6600036621094,76695100,-0.0184,323.89149780273436,312.8220004272461,54.08,0.04598014331151402
TSLA,2025-07-01,298.4599914550781,305.8900146484375,293.2099914550781,300.7099914550781,145085700,-0.0534,321.792497253418,314.0088003540039,38.54,0.047313114627864784
TSLA,2025-07-02,312.6300048828125,316.8299865722656,303.82000732421875,315.6499938964844,119483700,0.0497,320.3614974975586,315.7718002319336,45.7,0.04886487706447561
TSLA,2025-07-03,317.989990234375,318.45001220703125,312.760009765625,315.3500061035156,58042300,-0.001,319.52649841308596,317.3194003295898,48.41,0.0482684518849364
TSLA,2025-07-07,291.3699951171875,296.1499938964844,288.7699890136719,293.94000244140625,131177900,-0.0679,319.9884979248047,318.1834002685547,38.26,0.03871492300338326
TSLA,2025-07-08,297.0,304.04998779296875,294.3500061035156,297.8099975585937,103246700,0.0132,320.1219970703125,318.94940002441405,38.28,0.03796528712278874
TSLA,2025-07-09,297.54998779296875,300.1499938964844,293.54998779296875,295.8800048828125,75586800,-0.0065,319.4869979858398,319.1679998779297,41.66,0.03651942345483679
TSLA,2025-07-10,300.04998779296875,310.4800109863281,300.0,309.8699951171875,104365300,0.0473,318.6759979248047,319.6477996826172,45.35,0.03578440523321207
TSLA,2025-07-11,307.8900146484375,314.0899963378906,305.6499938964844,313.510009765625,79236400,0.0117,318.0299987792969,320.07739990234376,46.79,0.03591051597923282
TSLA,2025-07-14,317.7300109863281,322.6000061035156,312.6700134277344,316.8999938964844,78043400,0.0108,317.919499206543,320.77219970703123,35.74,0.035655611501963426
TSLA,2025-07-15,319.67999267578125,321.20001220703125,310.5,310.7799987792969,77556300,-0.0193,317.1929992675781,321.37739990234377,36.42,0.03561174074581819
TSLA,2025-07-16,312.79998779296875,323.5,312.6199951171875,321.6700134277344,97284800,0.035,316.8199996948242,322.06660034179686,47.26,0.03644405373489038
TSLA,2025-07-17,323.1499938964844,324.3399963378906,317.0599975585937,319.4100036621094,73922900,-0.007,316.9729995727539,322.84960021972654,47.05,0.035363735513569305
TSLA,2025-07-18,321.6600036621094,330.8999938964844,321.4200134277344,329.6499938964844,94255000,0.0321,317.3529998779297,323.93559997558594,52.6,0.03585612881620392
TSLA,2025-07-21,334.3999938964844,338.0,326.8800048828125,328.489990234375,75768800,-0.0035,317.669499206543,324.9809997558594,54.87,0.035874419489159814
TSLA,2025-07-22,329.739990234375,335.4100036621094,321.54998779296875,332.1099853515625,77370400,0.011,316.840998840332,325.92679931640623,66.06,0.030583838181214858
TSLA,2025-07-23,330.8999938964844,336.20001220703125,328.6700134277344,332.5599975585937,92553800,0.0014,316.44549865722655,326.6127990722656,60.15,0.03016565274054511
TSLA,2025-07-24,310.0,310.1499938964844,300.4100036621094,305.29998779296875,156966000,-0.082,315.33299865722654,326.35119873046875,45.44,0.03434721163891503
TSLA,2025-07-25,308.739990234375,323.6300048828125,308.010009765625,316.0599975585937,148227000,0.0352,314.8469985961914,325.9909985351562,61.11,0.03537846356486563
TSLA,2025-07-28,318.45001220703125,330.489990234375,315.69000244140625,325.5899963378906,112673800,0.0302,314.9449981689453,325.54919860839846,63.2,0.036018140166485975
TSLA,2025-07-29,325.54998779296875,326.25,318.25,321.20001220703125,87358900,-0.0135,315.1219985961914,325.1167987060547,61.75,0.03589619353812204
TSLA,2025-07-30,322.17999267578125,324.45001220703125,311.6199951171875,319.0400085449219,83931900,-0.0067,316.0384994506836,324.49799865722656,54.78,0.03360508890034363
TSLA,2025-07-31,319.6099853515625,321.3699951171875,306.1000061035156,308.2699890136719,85270900,-0.0338,315.669499206543,323.8215985107422,47.46,0.032740322394966034
TSLA,2025-08-01,306.2099914550781,309.3099975585937,297.82000732421875,302.6300048828125,89121400,-0.0183,315.0334991455078,322.99779846191404,43.22,0.03297731437151748
TSLA,2025-08-04,309.0799865722656,312.1199951171875,303.0,309.260009765625,78683900,0.0219,315.79949951171875,322.4905987548828,49.28,0.029382547630577516
TSLA,2025-08-05,308.95001220703125,312.45001220703125,305.5,308.7200012207031,57961300,-0.0017,316.3449996948242,321.8441986083984,43.21,0.029298019961837167
TSLA,2025-08-06,307.8900146484375,320.4700012207031,306.92999267578125,319.9100036621094,78523600,0.0362,317.54649963378904,321.4555987548828,50.24,0.030172285994025404
TSLA,2025-08-07,319.7900085449219,322.3999938964844,316.1600036621094,322.2699890136719,66658700,0.0074,318.16649932861327,320.6431982421875,46.17,0.02845307263030237
TSLA,2025-08-08,321.42999267578125,335.1499938964844,320.9800109863281,329.6499938964844,91200300,0.0229,318.97349853515624,320.0981982421875,50.56,0.02875528830081793
TSLA,2025-08-11,335.0,346.6400146484375,334.1499938964844,339.0299987792969,105320200,0.0285,320.0799987792969,319.7101983642578,53.19,0.02927835557648613
TSLA,2025-08-12,345.0,345.260009765625,332.94000244140625,340.8399963378906,80522100,0.0053,321.58299865722654,319.59779846191407,53.77,0.028769137337742563
TSLA,2025-08-13,341.5,348.9800109863281,338.20001220703125,339.3800048828125,67838900,-0.0043,322.46849822998047,319.5315985107422,70.29,0.027944706211788243
TSLA,2025-08-14,335.760009765625,340.4700012207031,330.3999938964844,335.5799865722656,75000700,-0.0112,323.2769973754883,319.35779846191406,62.67,0.02803994284474989
TSLA,2025-08-15,337.6600036621094,339.29998779296875,327.0199890136719,330.5599975585937,74319800,-0.015,323.32249755859374,319.32799865722654,53.43,0.027425631499710144
TSLA,2025-08-18,329.6199951171875,336.2699890136719,329.5899963378906,335.1600036621094,56956600,0.0139,323.65599822998047,320.33719848632813,59.6,0.027567679397592023
TSLA,2025-08-19,335.7900085449219,340.54998779296875,327.8500061035156,329.3099975585937,75956000,-0.0175,323.51599884033203,321.0205981445313,56.72,0.027779478889432385
TSLA,2025-08-20,329.2200012207031,331.3699951171875,314.6000061035156,323.8999938964844,77481800,-0.0164,323.08299865722654,321.3269982910156,61.0,0.02801455401826172
TSLA,2025-08-21,322.0799865722656,324.8999938964844,318.67999267578125,320.1099853515625,55744400,-0.0117,323.82349853515626,321.20739807128905,62.63,0.020787321540835985
TSLA,2025-08-22,321.6600036621094,340.25,319.69000244140625,340.010009765625,94016300,0.0622,325.0209991455078,321.47899841308595,68.64,0.02369178405226052
TSLA,2025-08-25,338.8999938964844,349.5299987792969,335.0299987792969,346.6000061035156,86670000,0.0194,326.0714996337891,322.028798828125,71.39,0.02317879248478294
TSLA,2025-08-26,344.92999267578125,351.8999938964844,343.7200012207031,351.6700134277344,76651600,0.0146,327.5949996948242,322.5559991455078,69.27,0.022952290907330697
TSLA,2025-08-27,351.94000244140625,355.3900146484375,349.1600036621094,349.6000061035156,65519000,-0.0059,329.1229995727539,322.96539916992185,66.64,0.02293191008180519
TSLA,2025-08-28,350.9100036621094,353.54998779296875,340.260009765625,345.9800109863281,67903200,-0.0104,331.00850067138674,323.5579992675781,60.42,0.02140352836136575
TSLA,2025-08-29,347.2300109863281,348.75,331.70001220703125,333.8699951171875,81145700,-0.035,332.5705001831055,323.7943994140625,46.82,0.022688401859702834
TSLA,2025-09-02,328.2300109863281,333.3299865722656,325.6000061035156,329.3599853515625,58392000,-0.0135,333.5754989624023,323.9383990478516,43.15,0.022694559978805
TSLA,2025-09-03,335.20001220703125,343.3299865722656,328.510009765625,334.0899963378906,88733300,0.0144,334.84399871826173,323.64659912109374,46.96,0.022789851735043425
TSLA,2025-09-04,336.1499938964844,338.8900146484375,331.4800109863281,338.5299987792969,60711000,0.0133,335.7749984741211,323.6077990722656,51.68,0.021643681465231827
TSLA,2025-09-05,348.0,355.8699951171875,344.67999267578125,350.8399963378906,108989800,0.0364,337.20349884033203,324.07359924316404,60.67,0.022886194413594425
TSLA,2025-09-08,354.6400146484375,358.44000244140625,344.8399963378906,346.3999938964844,75208300,-0.0127,338.040998840332,324.48599914550783,55.93,0.022763881826030296
TSLA,2025-09-09,348.44000244140625,350.7699890136719,343.82000732421875,346.9700012207031,53816000,0.0016,338.43799896240233,324.95279907226563,59.86,0.021940298779331027
TSLA,2025-09-10,350.54998779296875,356.3299865722656,346.07000732421875,347.7900085449219,72121700,0.0024,338.7854995727539,325.5553991699219,64.06,0.021922569480596423
TSLA,2025-09-11,350.1700134277344,368.989990234375,347.6000061035156,368.80999755859375,103756000,0.0604,340.25699920654296,326.9173992919922,73.83,0.02553901607551203
TSLA,2025-09-12,370.9400024414063,396.6900024414063,370.239990234375,395.9400024414063,168156400,0.0736,343.275,328.5231994628906,75.56,0.029529012940888437
TSLA,2025-09-15,423.1300048828125,425.7000122070313,402.4299926757813,410.0400085449219,163823700,0.0356,347.2490005493164,330.41699951171876,77.13,0.029558759944789348
TSLA,2025-09-16,414.5,423.25,411.4299926757813,421.6199951171875,104285700,0.0282,351.57200012207034,332.97059936523436,78.33,0.029798595869427683
TSLA,2025-09-17,415.75,428.30999755859375,409.6700134277344,425.8599853515625,106133500,0.0101,356.3994995117188,335.53159912109373,80.35,0.0289911075295421
TSLA,2025-09-18,428.8699951171875,432.2200012207031,416.55999755859375,416.8500061035156,90454500,-0.0212,361.0470001220703,337.9509991455078,77.05,0.029268716908564394
TSLA,2025-09-19,421.8200073242188,429.4700012207031,421.7200012207031,426.0700073242188,93131000,0.0221,366.3450012207031,340.2749993896484,85.98,0.02873290063581064
TSLA,2025-09-22,431.1099853515625,444.9800109863281,429.1300048828125,434.2099914550781,97108800,0.0191,371.0550003051758,342.6889990234375,89.79,0.026520238051642536
TSLA,2025-09-23,439.8800048828125,440.9700012207031,423.7200012207031,425.8500061035156,83422700,-0.0193,375.01750030517576,344.8679992675781,83.89,0.02739723190012949
TSLA,2025-09-24,429.8299865722656,444.2099914550781,429.0299987792969,442.7900085449219,93133600,0.0398,379.57350006103513,347.5081994628906,85.25,0.028155498668344645
TSLA,2025-09-25,435.239990234375,435.3500061035156,419.0799865722656,423.3900146484375,96746400,-0.0438,383.26300048828125,349.5425994873047,73.41,0.030590271501350148
TSLA,2025-09-26,428.2999877929688,440.4700012207031,421.0199890136719,440.3999938964844,101628200,0.0402,387.98399963378904,351.9623992919922,78.05,0.030900370888593407
TSLA,2025-09-29,444.3500061035156,450.9800109863281,439.5,443.2099914550781,79491500,0.0064,393.4509994506836,354.23359924316406,78.34,0.028864519743103282
TSLA,2025-09-30,441.5199890136719,445.0,433.1199951171875,444.7200012207031,74358000,0.0034,399.2190002441406,356.5581994628906,78.43,0.02823747043986243
TSLA,2025-10-01,443.7999877929688,462.2900085449219,440.75,459.4599914550781,98122300,0.0331,405.4875,359.1051995849609,77.61,0.028507437164434997
TSLA,2025-10-02,470.5400085449219,470.75,435.5700073242188,436.0,137009000,-0.0511,410.36100006103516,361.17399963378904,62.48,0.03226908696700621
TSLA,2025-10-03,443.2900085449219,446.7699890136719,416.5799865722656,429.8299865722656,133188200,-0.0142,414.3104995727539,363.664599609375,56.48,0.0323391611224729
TSLA,2025-10-06,440.75,453.5499877929688,436.6900024414063,453.25,85324900,0.0545,419.6529998779297,366.4083996582031,59.62,0.03325951347873424
TSLA,2025-10-07,447.8200073242188,452.6799926757813,432.4500122070313,433.0899963378906,102296100,-0.0445,423.95899963378906,368.55839965820314,52.0,0.03567697768648718
TSLA,2025-10-08,437.5700073242188,441.3299865722656,425.2300109863281,438.6900024414063,71192100,0.0129,428.5039993286133,370.90819946289065,56.17,0.035609494224818294
TSLA,2025-10-09,431.80999755859375,436.3500061035156,426.1799926757813,435.5400085449219,69339900,-0.0072,431.8404998779297,373.23819946289063,52.77,0.03397065722990325
TSLA,2025-10-10,436.5400085449219,443.1300048828125,411.4500122070313,413.489990234375,112107900,-0.0506,432.71799926757814,375.3425994873047,44.39,0.032851546066317294
TSLA,2025-10-13,423.5299987792969,436.8900146484375,419.7000122070313,435.8999938964844,79552800,0.0542,434.01099853515626,378.0079992675781,52.53,0.03407324116015225
TSLA,2025-10-14,426.7900085449219,434.2000122070313,417.8599853515625,429.239990234375,72669400,-0.0153,434.3919982910156,380.4075988769531,46.41,0.03380797321093913
TSLA,2025-10-15,434.8999938964844,440.510009765625,426.3299865722656,435.1499938964844,71558200,0.0138,434.8564987182617,382.93619873046873,53.36,0.03386798325075887
TSLA,2025-10-16,434.7300109863281,439.3500061035156,421.30999755859375,428.75,77189900,-0.0147,435.4514984130859,385.11299865722657,46.46,0.03366812329661082
TSLA,2025-10-17,425.5,441.4599914550781,423.6000061035156,439.30999755859375,89331600,0.0246,436.1134979248047,387.453798828125,48.87,0.03375144870185105
TSLA,2025-10-20,443.8699951171875,449.7999877929688,440.6099853515625,447.4299926757813,63719000,0.0185,436.77449798583984,389.80939880371096,50.76,0.03373577321978616
TSLA,2025-10-21,445.760009765625,449.2999877929688,442.0499877929688,442.6000061035156,54412200,-0.0108,437.6119979858398,391.8807989501953,45.01,0.033505606757832714
TSLA,2025-10-22,443.4500122070313,445.5400085449219,429.0,438.9700012207031,84023500,-0.0082,437.4209976196289,393.84339904785156,51.0,0.03239074591689161
TSLA,2025-10-23,420.0,449.3999938964844,413.8999938964844,448.9800109863281,126709800,0.0228,438.70049743652345,396.0353991699219,56.26,0.03103959949551708
TSLA,2025-10-24,446.8299865722656,451.6799926757813,430.1700134277344,433.7200012207031,94727800,-0.034,438.3664978027344,397.9981994628906,43.25,0.03084206969640484
TSLA,2025-10-27,439.9800109863281,460.1600036621094,438.6900024414063,452.4200134277344,105867500,0.0431,438.8269989013672,400.4353997802734,56.75,0.03231931596136473
TSLA,2025-10-28,454.7799987792969,467.0,451.6000061035156,460.5499877929688,80185700,0.018,439.61849822998045,402.9431994628906,57.5,0.03252834351114342
TSLA,2025-10-29,462.5,465.7000122070313,452.6499938964844,461.510009765625,67983500,0.0021,439.7209991455078,405.58719970703123,59.04,0.03170896394928162
TSLA,2025-10-30,451.0499877929688,455.05999755859375,439.6099853515625,440.1000061035156,72447900,-0.0464,439.9259994506836,407.91119995117185,59.3,0.03131992975726477
TSLA,2025-10-31,446.75,458.0,443.6900024414063,456.55999755859375,83135800,0.0374,441.2625,410.6402001953125,57.54,0.032122985703796514
TSLA,2025-11-03,455.989990234375,474.0700073242188,453.7999877929688,468.3699951171875,84595200,0.0259,442.01849975585935,413.20739990234375,63.76,0.030319588943193306
TSLA,2025-11-04,454.4599914550781,460.2200012207031,443.6000061035156,444.260009765625,87756600,-0.0515,442.5770004272461,415.1605999755859,52.84,0.030920051405962563
TSLA,2025-11-05,452.0499877929688,466.3299865722656,440.7099914550781,462.0700073242188,85573000,0.0401,443.7460006713867,417.3685998535156,59.7,0.03201598120675951
TSLA,2025-11-06,461.9599914550781,467.4500122070313,435.0899963378906,445.9100036621094,109622900,-0.035,444.2645004272461,419.2947998046875,51.86,0.0330722972003044
TSLA,2025-11-07,437.9200134277344,439.3599853515625,421.8800048828125,429.5199890136719,103471500,-0.0368,445.0660003662109,420.96559936523437,45.18,0.03205192990330402
TSLA,2025-11-10,439.6000061035156,449.6700134277344,433.3599853515625,445.2300109863281,76515900,0.0366,445.5325012207031,423.1927996826172,50.67,0.030770592591320884
TSLA,2025-11-11,439.3999938964844,442.489990234375,432.3599853515625,439.6199951171875,60533200,-0.0126,446.05150146484374,425.3979998779297,50.16,0.030698799479355596
TSLA,2025-11-12,442.1499938964844,442.3299865722656,426.55999755859375,430.6000061035156,58513500,-0.0205,445.8240020751953,427.3282000732422,45.35,0.030941151273106537
TSLA,2025-11-13,423.1300048828125,424.5,396.3399963378906,401.989990234375,118948000,-0.0664,444.4860015869141,428.59739990234374,42.48,0.034214285643649825
TSLA,2025-11-14,386.2999877929688,412.1900024414063,382.7799987792969,404.3500061035156,105506700,0.0059,442.73800201416014,429.66760009765625,37.65,0.033681634852183
TSLA,2025-11-17,398.739990234375,423.9599914550781,398.739990234375,408.9200134277344,102214300,0.0113,440.8125030517578,430.9180004882812,36.48,0.03347092217999
TSLA,2025-11-18,405.3800048828125,408.8999938964844,393.7099914550781,401.25,80688600,-0.0188,438.74500274658203,432.0036004638672,34.76,0.03360462844061184
TSLA,2025-11-19,406.1799926757813,411.7799987792969,398.5,403.989990234375,72047700,0.0068,436.9960021972656,433.1276000976562,39.92,0.0336814801524986
TSLA,2025-11-20,414.6300048828125,428.9400024414063,394.739990234375,395.2300109863281,113548800,-0.0217,434.3085021972656,433.65600036621095,32.1,0.033313532496095644
TSLA,2025-11-21,402.3200073242188,402.7999877929688,383.760009765625,391.0899963378906,100460600,-0.0105,432.177001953125,433.55900024414063,26.39,0.032675799833161566
TSLA,2025-11-24,402.1700134277344,421.7200012207031,401.0899963378906,417.7799987792969,96806400,0.0682,430.44500122070315,433.71380004882815,42.04,0.03500526990401061
TSLA,2025-11-25,414.4200134277344,420.4800109863281,405.9500122070313,419.3999938964844,71915600,0.0039,428.3875015258789,433.6694000244141,35.78,0.034692286417042396
TSLA,2025-11-26,423.9500122070313,426.9400024414063,416.8900146484375,426.5799865722656,63463000,0.0171,426.64100036621096,433.6838000488281,43.15,0.03499420252736608
TSLA,2025-11-28,426.5899963378906,432.9299926757813,426.2000122070313,430.1700134277344,36252900,0.0084,426.1445007324219,433.9502001953125,50.25,0.033562116801693624
TSLA,2025-12-01,425.3200073242188,433.6600036621094,425.2900085449219,430.1400146484375,57463600,-0.0001,424.82350158691406,434.0316003417969,43.3,0.03235256883968126
TSLA,2025-12-02,430.80999755859375,436.7999877929688,422.1199951171875,429.239990234375,69336600,-0.0021,422.86700134277345,433.9322003173828,45.19,0.03165797937163293
TSLA,2025-12-03,432.1000061035156,447.9200134277344,431.1099853515625,446.739990234375,87483000,0.0408,422.9910003662109,434.35,56.94,0.03107370016758967
TSLA,2025-12-04,449.9400024414063,454.6300048828125,445.3900146484375,454.5299987792969,71906500,0.0174,422.61399993896487,434.5847998046875,77.5,0.029954394721941786
TSLA,2025-12-05,453.0299987792969,458.8699951171875,451.6600036621094,455.0,56427500,0.001,423.06849975585936,435.21699951171877,77.04,0.028826531547389306
TSLA,2025-12-08,447.4500122070313,449.75,435.25,439.5799865722656,69165800,-0.0339,423.5714996337891,435.2005993652344,64.67,0.028630925495639177
TSLA,2025-12-09,437.5400085449219,452.3900146484375,435.7000122070313,445.1700134277344,62367400,0.0127,423.56849975585936,435.2397998046875,71.44,0.02756967202905165
TSLA,2025-12-10,446.0700073242188,456.8800048828125,443.6099853515625,451.4500122070313,63257500,0.0141,424.1600006103516,435.37440002441406,72.4,0.027556288803675617
TSLA,2025-12-11,448.9500122070313,449.2699890136719,440.3299865722656,446.8900146484375,55979500,-0.0101,424.97450103759763,435.12300048828126,75.38,0.02721168479667666
TSLA,2025-12-12,448.0899963378906,463.010009765625,441.6700134277344,458.9599914550781,95656700,0.027,427.8230010986328,435.5822003173828,80.94,0.022409986025970875
TSLA,2025-12-15,469.4400024414063,481.7699890136719,467.6600036621094,475.30999755859375,114542200,0.0356,431.3710006713867,436.4918005371094,78.95,0.023308355741416435
TSLA,2025-12-16,472.2099914550781,491.5,465.8299865722656,489.8800048828125,107608100,0.0307,435.41900024414065,437.22440063476563,81.38,0.02383508857479704
TSLA,2025-12-17,488.2200012207031,495.2799987792969,466.2000122070313,467.260009765625,106490400,-0.0462,438.71950073242186,437.9078009033203,65.92,0.02620625628396876
TSLA,2025-12-18,478.1600036621094,490.8599853515625,473.1199951171875,483.3699951171875,95168400,0.0345,442.6885009765625,438.80140075683596,68.96,0.02686567757528082
TSLA,2025-12-19,488.1199951171875,490.489990234375,474.7200012207031,481.2000122070313,103305400,-0.0045,446.9870010375977,439.7146008300781,67.93,0.026083671036432766
TSLA,2025-12-22,489.8800048828125,498.8299865722656,485.3299865722656,488.7300109863281,86916100,0.0156,451.8690017700195,441.2194012451172,69.96,0.025642696200303353
TSLA,2025-12-23,489.3999938964844,491.9700012207031,482.8399963378906,485.55999755859375,58223600,-0.0065,455.25800170898435,442.21260131835936,64.41,0.022152892171880104
TSLA,2025-12-24,488.4800109863281,490.8999938964844,476.7999877929688,485.3999938964844,41285400,-0.0003,458.55800170898436,443.33580139160154,62.15,0.022211338972411544
TSLA,2025-12-26,485.2300109863281,489.0899963378906,473.8200073242188,475.1900024414063,58780700,-0.021,460.9885025024414,444.1366015625,57.38,0.02297093071459527
TSLA,2025-12-29,469.0,469.3999938964844,459.0,459.6400146484375,66263000,-0.0327,462.4620025634766,444.75440185546876,57.32,0.024499967776563117
TSLA,2025-12-30,461.0899963378906,463.1199951171875,453.8299865722656,454.4299926757813,59238500,-0.0113,463.67650146484374,445.0568017578125,53.39,0.024716037836105303
TSLA,2025-12-31,456.1000061035156,456.5499877929688,449.2999877929688,449.7200012207031,49078000,-0.0104,464.7005020141602,445.10260192871095,49.36,0.024876047981098087
TSLA,2026-01-02,457.7999877929688,458.3399963378906,435.2999877929688,438.0700073242188,85535400,-0.0259,464.26700286865236,445.012001953125,46.9,0.023942296860313298
TSLA,2026-01-05,447.989990234375,457.5499877929688,444.5700073242188,451.6700134277344,67940800,0.031,464.1240036010742,445.2660021972656,47.46,0.02466591724798026
TSLA,2026-01-06,446.3800048828125,448.25,428.7799987792969,432.9599914550781,89093800,-0.0414,463.0220031738281,444.94560180664064,35.49,0.026338155232525893
TSLA,2026-01-07,435.8999938964844,438.3699951171875,431.2900085449219,431.4100036621094,59828800,-0.0036,462.61350402832034,444.89940185546874,28.01,0.025265334582762738
TSLA,2026-01-08,427.8900146484375,436.8900146484375,424.3699951171875,435.7999877929688,57041100,0.0102,462.145002746582,444.56700134277344,36.29,0.02520199240243975
TSLA,2026-01-09,435.9500122070313,449.0499877929688,430.3900146484375,445.010009765625,67331500,0.0211,461.82300262451173,444.2562017822266,32.21,0.025466446448942213
TSLA,2026-01-12,441.2300109863281,454.2999877929688,438.0,448.9599914550781,61649600,0.0089,461.92650146484374,444.0052014160156,35.29,0.02544032025617684
TSLA,2026-01-13,450.2000122070313,451.80999755859375,443.9500122070313,447.2000122070313,53719200,-0.0039,461.33850250244143,444.14720153808594,30.0,0.024675610694730416
TSLA,2026-01-14,442.80999755859375,443.9100036621094,434.2200012207031,439.2000122070313,57259500,-0.0179,459.53300323486326,443.8000018310547,28.67,0.02336352532879987
TSLA,2026-01-15,441.1300048828125,445.3599853515625,437.6499938964844,438.5700073242188,49465800,-0.0014,456.9675033569336,443.2040020751953,28.54,0.02193642188833806
TSLA,2026-01-16,439.5,447.25,435.260009765625,437.5,60220600,-0.0024,455.47950286865233,443.0688018798828,31.15,0.019710122299281426
TSLA,2026-01-20,429.3599853515625,430.7300109863281,417.4400024414063,419.25,63187300,-0.0417,452.273503112793,442.21240173339845,30.33,0.019423167799522825
TSLA,2026-01-21,421.6600036621094,438.2000122070313,419.6199951171875,431.4400024414063,68124000,0.0291,449.7855026245117,441.9230017089844,39.52,0.021028874259731028
TSLA,2026-01-22,435.1600036621094,449.5,432.6300048828125,449.3599853515625,71546700,0.0415,447.81700134277344,442.3198016357422,49.85,0.023076602413426628
TSLA,2026-01-23,447.4299926757813,452.4299926757813,444.0400085449219,449.05999755859375,56771400,-0.0007,445.99200134277345,442.3964013671875,54.93,0.02307904951066635
TSLA,2026-01-26,445.0,445.0400085449219,434.2799987792969,435.2000122070313,49397400,-0.0309,443.4820022583008,442.30800170898436,42.63,0.023847478074763274
TSLA,2026-01-27,437.4100036621094,437.5199890136719,430.6900024414063,430.8999938964844,37733100,-0.0099,441.2675018310547,442.3140014648437,48.94,0.02358742472723882
TSLA,2026-01-28,431.9100036621094,438.260009765625,430.1000061035156,431.4599914550781,54857400,0.0013,439.8585006713867,442.9034014892578,50.03,0.02266388908420291
TSLA,2026-01-29,437.7999877929688,440.2300109863281,414.6199951171875,416.55999755859375,81686100,-0.0345,437.96500091552736,443.14760131835936,41.0,0.023686302392999858
TSLA,2026-01-30,425.3500061035156,439.8800048828125,422.7000122070313,430.4100036621094,82626100,0.0332,436.99950103759767,443.57740112304685,43.46,0.02504117609059126
TSLA,2026-02-02,421.2900085449219,427.1499938964844,414.5,421.80999755859375,58739500,-0.02,436.1865005493164,443.98860107421876,38.32,0.02477685677358907
TSLA,2026-02-03,424.2699890136719,428.55999755859375,413.6900024414063,421.9599914550781,56886500,0.0004,434.7009994506836,444.34800109863284,38.99,0.023573381509437143
TSLA,2026-02-04,420.4599914550781,423.8999938964844,399.1799926757813,406.010009765625,74606900,-0.0378,433.35350036621094,444.56360107421875,36.46,0.02327767170487631
TSLA,2026-02-05,397.0199890136719,402.1000061035156,387.5299987792969,397.2099914550781,72819800,-0.0217,431.64349975585935,444.6860009765625,34.18,0.02365309537994194
TSLA,2026-02-06,400.8699951171875,414.5499877929688,397.75,411.1099853515625,62677100,0.035,430.40899963378905,444.5526007080078,40.81,0.02503820817113421
TSLA,2026-02-09,409.9100036621094,421.25,407.2900085449219,417.3200073242188,54484300,0.0151,429.0244995117188,444.5110009765625,49.27,0.024773654830973362
TSLA,2026-02-10,418.0799865722656,427.25,417.0,425.2099914550781,64450200,0.0189,427.8369995117188,444.48360107421877,47.55,0.025123113178694097
TSLA,2026-02-11,427.9599914550781,436.3500061035156,420.0299987792969,428.2699890136719,57362000,0.0072,426.89049835205077,444.4456005859375,40.61,0.02521103350769887
TSLA,2026-02-12,430.2999877929688,436.2300109863281,414.0,417.0700073242188,61933400,-0.0262,425.7839981079102,444.18420043945315,37.02,0.025554933090563108
TSLA,2026-02-13,414.30999755859375,424.05999755859375,410.8800048828125,417.4400024414063,51434100,0.0009,424.72749786376954,443.94820068359377,41.91,0.02556425135552419
TSLA,2026-02-17,412.3599853515625,413.7200012207031,400.510009765625,410.6300048828125,59678800,-0.0163,423.38399810791014,443.2260009765625,40.97,0.02575932074537598
TSLA,2026-02-18,411.1099853515625,416.8999938964844,409.5799865722656,411.3200073242188,45921400,0.0017,422.9874984741211,442.36180114746094,41.04,0.02408859251749017
TSLA,2026-02-19,407.25,415.25,404.1099853515625,411.7099914550781,51019600,0.0009,422.00099792480466,441.4960009765625,47.52,0.023056623092314536
TSLA,2026-02-20,408.2999877929688,414.7000122070313,405.5,411.8200073242188,57912200,0.0003,420.1239990234375,440.94080139160155,38.95,0.020674023237921172
TSLA,2026-02-23,407.2900085449219,407.7000122070313,394.0400085449219,399.8299865722656,69680000,-0.0291,417.6624984741211,440.0340008544922,37.44,0.021387253336114884
TSLA,2026-02-24,399.5,410.8200073242188,397.6400146484375,409.3800048828125,58579500,0.0239,416.37149810791016,439.19260070800783,43.51,0.021482116797589167
TSLA,2026-02-25,412.1499938964844,420.3399963378906,412.1499938964844,417.3999938964844,54809700,0.0196,415.69649810791014,438.60280029296877,56.4,0.021978515825567847
TSLA,2026-02-26,414.4200134277344,416.80999755859375,403.6600036621094,408.5799865722656,53602500,-0.0211,414.55249786376953,437.5952001953125,56.39,0.022402481065603788
TSLA,2026-02-27,402.9400024414063,407.1199951171875,398.1099853515625,402.510009765625,56890100,-0.0149,413.8499984741211,436.13920043945313,44.7,0.02133112378908487
TSLA,2026-03-02,390.6000061035156,404.5400085449219,388.25,403.3200073242188,55088300,0.002,412.49549865722656,434.40800048828123,40.76,0.019741497836843706
TSLA,2026-03-03,395.0899963378906,396.3399963378906,385.3900146484375,392.4299926757813,62617300,-0.027,411.02649841308596,432.91140014648437,29.2,0.02011613387570441
TSLA,2026-03-04,397.8450012207031,408.3299865722656,394.5899963378906,405.9400024414063,67670354,0.0344,410.22549896240236,431.36280029296876,37.49,0.021819592837148606
V,2025-03-05,348.2238562418129,351.47948964577205,346.3479118029868,350.06011962890625,8244200,,350.06011962890625,350.06011962890625,,
V,2025-03-06,343.3900100467039,346.2783965984692,337.86141009632325,341.6033935546875,8611100,-0.0242,345.8317565917969,345.8317565917969,,
V,2025-03-07,338.3378360507605,343.81685001477626,336.6207067739353,342.7547912597656,6358700,0.0034,344.8061014811198,344.8061014811198,,0.01951614716074871
V,2025-03-10,337.4147906363076,342.4471358958823,335.1318880827478,338.943359375,8204300,-0.0111,343.34041595458984,343.34041595458984,,0.01380591660605457
V,2025-03-11,335.89614221230545,337.0872098989899,327.13171845399165,329.6727294921875,9776100,-0.0274,340.60687866210935,340.60687866210935,,0.014048101888392847
V,2025-03-12,333.47424630087136,333.662837308143,326.66519009566895,330.36749267578125,6295400,0.0021,338.9003143310547,338.9003143310547,,0.014328398375254646
V,2025-03-13,328.5312520376789,333.7025716918127,325.26571340391433,326.109375,7915300,-0.0129,337.07303728376115,337.07303728376115,,0.012829562216485279
V,2025-03-14,324.7793056180254,330.2980006257416,323.95548461728515,329.335205078125,7810600,0.0099,336.10580825805664,336.10580825805664,,0.014272817988516961
V,2025-03-17,327.57834636201903,333.6131673013663,327.3103629818364,332.06475830078125,6149400,0.0083,335.6568027072483,335.6568027072483,,0.014502161168992314
V,2025-03-18,332.7993292084681,333.30552010988146,329.8315196250934,332.2831726074219,7778300,0.0007,335.31943969726564,335.31943969726564,,0.013775471357130075
V,2025-03-19,334.29807405874635,338.49666247094683,332.015171691123,337.34527587890625,5614900,0.0152,335.5036066228693,335.5036066228693,,0.014570975716585808
V,2025-03-20,336.4817720618269,339.6976943495128,335.15172975406944,336.9780578613281,5432700,-0.0011,335.62647755940753,335.62647755940753,,0.01384377772929708
V,2025-03-21,334.86388445718694,336.90857958250007,333.0276208917873,333.1665954589844,17279700,-0.0113,335.437255859375,335.437255859375,,0.013396426479634127
V,2025-03-24,336.1343574479224,342.65555995835115,335.14178587400806,341.3155822753906,5675100,0.0245,335.85713631766185,335.85713631766185,41.46,0.015071028413346498
V,2025-03-25,342.00044568976176,342.9632412903848,338.1393581697173,342.0599975585937,3931200,0.0022,336.2706604003906,336.2706604003906,42.3,0.01451994649280245
V,2025-03-26,343.4198125365693,344.799501497126,340.4520333673521,341.6232604980469,6187100,-0.0013,336.60519790649414,336.60519790649414,50.02,0.01399191943672524
V,2025-03-27,341.4445929646102,348.23377832935,340.76965162042114,347.26104736328125,7254800,0.0165,337.2320125804228,337.2320125804228,54.65,0.014249466364277178
V,2025-03-28,346.59609268854166,349.0080344990145,339.07238270978,340.3031921386719,5687600,-0.02,337.4026336669922,337.4026336669922,51.32,0.014592466327849166
V,2025-03-31,336.82917267295846,349.246222575678,332.0052590294127,347.85662841796875,9950800,0.0222,337.9528439170436,337.9528439170436,68.24,0.01522413482092666
V,2025-04-01,347.8367746283876,347.8467100369184,340.0252414163327,343.77716064453125,7473300,-0.0117,338.24405975341796,338.24405975341796,62.6,0.0150270243890234
V,2025-04-02,340.8887473923372,345.61339727308604,340.501629980197,343.7572631835937,5682500,-0.0001,337.92891693115234,338.50659325009303,68.01,0.01462717280305823
V,2025-04-03,331.419627671556,342.1790994173941,328.541176293924,336.8688659667969,8792900,-0.02,337.6921905517578,338.43215110085225,57.15,0.014300109495348186
V,2025-04-04,327.548601237895,332.16405274261683,309.8014176333739,310.8039245605469,13201700,-0.0774,336.0946472167969,337.23092385996944,36.01,0.022292299236802784
V,2025-04-07,299.8261105791199,319.7867109219751,296.77890849631945,309.9999694824219,12163400,-0.0026,334.647477722168,336.09630076090497,35.45,0.022243530106054375
V,2025-04-08,319.84620440555227,323.85620142025994,301.6722241446554,305.97998046875,9569300,-0.013,333.4628402709961,334.89164794921874,29.24,0.02167928674297682
V,2025-04-09,303.36954369146804,331.5486305858772,303.36954369146804,329.96051025390625,11361800,0.0784,333.44249114990237,334.70198880709137,46.46,0.028389654805932387
V,2025-04-10,325.58331156384054,327.70742923767034,310.9428810827381,322.1986389160156,8709800,-0.0235,333.2469543457031,334.23890177408856,44.68,0.028746248725520233
V,2025-04-11,322.0200017637212,334.47679370569114,320.1440571627516,330.9233703613281,6804500,0.0271,333.3263626098633,334.12048993791853,44.99,0.029316107930803605
V,2025-04-14,333.9109984216604,337.0872092038152,330.66530036126704,332.69012451171875,5011800,0.0053,333.35763092041014,334.0711669921875,45.53,0.029282588234037822
V,2025-04-15,334.21870397872834,336.86888342808714,332.51147964770786,333.3154602050781,4386200,0.0019,333.409245300293,334.0459767659505,46.04,0.029284238171124716
V,2025-04-16,332.51146424051313,334.7149742599511,326.4170604757067,328.86871337890625,5850600,-0.0133,332.985417175293,333.8789682695943,41.13,0.029227967860649462
V,2025-04-17,328.610675317875,331.8365329043558,326.0002072551973,327.1614990234375,5655900,-0.0052,332.4945892333984,333.66904735565186,43.33,0.029244113667719975
V,2025-04-21,326.55601758292966,326.70489724705635,314.29775372186907,317.7221374511719,6362300,-0.0289,331.7223663330078,333.1858076615767,34.98,0.029827300723013015
V,2025-04-22,321.45420402020414,330.0895885242249,319.99515293739404,328.9382019042969,5435500,0.0353,331.10349731445314,333.0608780804802,43.1,0.030423077718974074
V,2025-04-23,334.7348143715311,338.7150359152207,330.7248471843416,331.8861389160156,8906000,0.009,330.59480438232424,333.0273141043527,44.62,0.030503378156318497
V,2025-04-24,330.8042146303982,334.26827932908634,328.7892957803454,333.2161560058594,8055200,0.004,330.17444915771483,333.03255971272785,48.26,0.030524244031330416
V,2025-04-25,332.27324834486654,333.8712739361726,329.7024917691491,332.6802062988281,4452800,-0.0016,329.4454071044922,333.02303664748734,63.79,0.030251428413425895
V,2025-04-28,334.27821953702613,336.81920008518114,332.5312840510905,335.0028076171875,5422900,0.007,329.18038787841795,333.0751358835321,65.47,0.029993376023101464
V,2025-04-29,335.9854467373435,339.7274303206624,333.9605924321336,338.9830017089844,5519500,0.0119,328.73670654296876,333.22661962264624,70.43,0.029672423845080557
V,2025-04-30,331.955603182332,343.9458531517072,330.76450530796507,342.9334411621094,9526700,0.0117,328.6945205688477,333.4692901611328,60.68,0.029684250653201693
V,2025-05-01,343.0128821283909,343.15185669279526,337.59344964337026,339.9061584472656,5849900,-0.0088,328.50196533203126,333.62628694859944,65.8,0.02975408463776997
V,2025-05-02,344.6406707739598,347.4893460773067,343.5488360869076,345.0178527832031,6113700,0.015,328.90941467285154,333.8975147065662,63.45,0.02955281222703375
V,2025-05-05,344.4223085902637,348.44221102662306,343.5488408285664,346.0501403808594,3865300,0.003,330.6717254638672,334.18013390829395,62.93,0.022975210324906365
V,2025-05-06,343.82679572959023,347.05265342534733,343.19156565768407,345.1171569824219,3438500,-0.0027,332.4275848388672,334.4287026145241,61.35,0.0229771076004838
V,2025-05-07,346.1096780367608,348.5414599239066,344.63072597288647,347.2511291503906,5454000,0.0062,334.4911422729492,334.71364542643227,68.51,0.022554983111452216
V,2025-05-08,349.38517160328274,352.69042140438404,348.3429836338857,348.6605834960937,4156400,0.0041,335.42614593505857,335.0168397322945,71.77,0.014937267945786155
V,2025-05-09,349.2163950490349,351.17176198986505,348.065038839084,349.921142578125,3086600,0.0036,336.81227111816406,335.3339525588015,89.08,0.013586917081864954
V,2025-05-12,356.4721421949445,359.2017138134001,348.5216348059256,353.2065734863281,7985400,0.0094,337.9264312744141,335.706298828125,86.48,0.012556209409564742
V,2025-05-13,353.46507058705555,356.7957135338314,352.5305013938424,354.0815124511719,5406200,0.0025,338.9960006713867,336.08130318777904,85.58,0.012548871830189611
V,2025-05-14,354.60843571646035,356.3383686851556,353.15685277328083,354.3996276855469,6207600,0.0009,340.05020904541016,336.4476696777344,85.1,0.01255633515925642
V,2025-05-15,354.8271684149894,361.6276291533864,354.6183603822515,360.20587158203125,5826100,0.0164,341.61706695556643,336.65058471679686,88.83,0.012260608725336172
V,2025-05-16,360.8521725598763,364.0734357526713,358.8040817223353,363.0096130371094,5838100,0.0078,343.40947265625,337.07870910644533,88.98,0.0120543462351923
V,2025-05-19,360.9217005235553,367.01627342168587,360.22576479180896,365.77349853515625,5081500,0.0076,345.8120407104492,337.5390832519531,88.59,0.008975421116055019
V,2025-05-20,365.6542347658321,366.1215193850763,362.5820985699792,364.71966552734375,5281400,-0.0029,347.6011138916016,338.054609375,84.24,0.006339307201064933
V,2025-05-21,361.6176895057481,363.8745579198372,356.01027429871647,356.22900390625,6125500,-0.0233,348.8182571411133,338.58573486328123,71.89,0.008913378472244613
V,2025-05-22,355.69213173413715,357.9191746673327,354.4990556821056,355.9009094238281,4936600,-0.0009,349.9524948120117,339.0964031982422,66.75,0.008968686754774255
V,2025-05-23,351.7052986849405,353.9422935175656,350.1841434124028,351.4965209960937,5345900,-0.0124,350.893310546875,339.60414611816407,57.59,0.00958598071747432
V,2025-05-27,353.3557058501838,357.91917164775055,352.4310886053113,357.22320556640625,6316000,0.0163,352.00433044433595,340.1619061279297,64.89,0.010016097569728231
V,2025-05-28,357.2629660036,358.8238984881941,355.9704923034339,357.6507263183594,3299000,0.0012,352.9377166748047,340.67362548828123,63.35,0.009814611824374814
V,2025-05-29,358.2671591242516,360.9416131728053,356.64657577796976,360.3052978515625,4590400,0.0074,353.80630950927736,341.23406799316405,64.48,0.009653665788595271
V,2025-05-30,359.2613920730208,364.9185061271794,359.2613920730208,363.0791931152344,8726900,0.0077,354.96496124267577,341.7487463378906,65.77,0.009335133128473092
V,2025-06-02,360.6731560117977,363.3476100725079,357.8794004131082,363.20843505859375,3845700,0.0004,355.87449035644534,342.27335388183593,62.97,0.008938166243110142
V,2025-06-03,362.4726999567976,364.759424071339,359.4105158276682,363.7453002929688,5221300,0.0015,356.7592483520508,342.88492797851563,62.64,0.00894105845612193
V,2025-06-04,364.590403043131,367.5233641421073,364.19272111645273,365.8729553222656,4202300,0.0058,357.79703826904296,343.37607543945313,64.33,0.008880687206695093
V,2025-06-05,367.8613964232436,368.8556164135767,363.8149137807032,364.6500549316406,6881900,-0.0033,358.66698455810547,343.82787658691404,56.27,0.008952324014643232
V,2025-06-06,366.8771110066502,368.85559898474776,365.4255280436987,368.0801086425781,5008500,0.0094,359.63796081542966,344.35701354980466,57.03,0.00908002289586726
V,2025-06-09,367.6525931394453,367.6525931394453,359.95731031770026,364.5406799316406,4999900,-0.0096,360.36893768310546,344.7026062011719,48.33,0.009486027120260398
V,2025-06-10,364.8787468414267,369.2930861514898,364.5605891535765,368.557373046875,4109300,0.011,361.1364776611328,345.26768981933594,54.82,0.009557354566813427
V,2025-06-11,367.8613865449288,373.3395482537367,367.2449750220648,371.1522521972656,5562700,0.007,361.9900146484375,345.73360229492187,72.0,0.009618184531615647
V,2025-06-12,370.07848489023866,372.0072739266105,367.4139524946883,369.2532653808594,4874000,-0.0051,362.7326965332031,346.2431243896484,68.81,0.009759961173348137
V,2025-06-13,359.42046478823045,360.9117947171911,343.0058836609573,350.8105163574219,14181700,-0.0499,362.26292877197267,346.384189453125,49.31,0.014671141562156714
V,2025-06-16,354.42949562156616,358.13794732782026,352.28197667440344,353.42535400390625,7234700,0.0075,361.7837158203125,346.7153192138672,45.91,0.014661589631629845
V,2025-06-17,351.44680457851234,357.5215043223713,351.2778041760744,355.77166748046875,5559600,0.0066,361.28362426757815,347.61467407226564,48.06,0.014631566452096142
V,2025-06-18,355.7816217156728,356.4079851502761,336.0861265714273,338.41259765625,15008600,-0.0488,359.96827087402346,348.1829266357422,32.63,0.01809006342545106
V,2025-06-20,336.99087607586944,338.0347949237182,332.98417074968575,336.6130676269531,19332100,-0.0053,358.9874740600586,348.79558837890625,28.68,0.01749504817159175
V,2025-06-23,335.5492476029829,342.3099314182129,333.690061070854,341.7631225585937,7553300,0.0153,358.28058471679685,349.031640625,34.02,0.01795064212309908
V,2025-06-24,349.4881847257173,352.5106218590836,345.90901719070337,349.5975646972656,10172000,0.0229,358.18563690185545,349.579619140625,40.49,0.01858451534278782
V,2025-06-25,348.42437750857823,349.25951858703286,343.2643737792969,343.2643737792969,6836300,-0.0181,357.4876953125,349.82643920898437,35.61,0.018578669149549466
V,2025-06-26,341.79297311297563,344.904886774484,340.0530879972866,344.02996826171875,8829500,0.0022,356.806657409668,350.05323608398436,36.8,0.01858856751084556
V,2025-06-27,344.5866878502373,349.9753733140441,343.6620705812496,346.5950012207031,6601900,0.0075,356.121142578125,350.3188269042969,36.1,0.018591177166092862
V,2025-06-30,347.33073684929604,353.5545329474738,347.04240457552913,352.9977722167969,7080100,0.0185,355.6170715332031,350.80140808105466,42.8,0.0190321853434483
V,2025-07-01,351.7748874939299,354.9364994508519,349.3887658347658,353.41534423828125,6653400,0.0012,355.1274169921875,351.32648498535156,40.11,0.019036620526044833
V,2025-07-02,352.5503853237964,354.30019172926967,347.9769676803324,352.1725769042969,5131400,-0.0035,354.5487808227539,352.01549377441404,37.38,0.01903233467438755
V,2025-07-03,352.5404582199922,356.9249719621972,351.56611171910697,356.7857666015625,3702800,0.0131,354.09442138671875,352.5724450683594,42.0,0.019247176142844543
V,2025-07-07,356.8454335264291,357.58114657143045,352.44101614142653,354.57861328125,5138000,-0.0062,353.5908493041992,353.02629455566404,53.06,0.019275762664958018
V,2025-07-08,354.6183647363144,356.20912272568273,351.2081975872736,352.50067138671875,6966800,-0.0059,352.81187744140624,353.41198486328125,49.24,0.01913540669736821
V,2025-07-09,353.01771486982267,355.6921691894531,351.7053371426281,355.6921691894531,7297100,0.0091,352.36945190429685,353.8722241210937,49.94,0.019200232317673434
V,2025-07-10,354.7675193867284,355.5529617047032,351.4070811773065,353.8230285644531,6121300,-0.0053,351.63273468017576,354.2486285400391,66.58,0.019007018094433042
V,2025-07-11,350.4724897455271,351.7649635641954,342.3994284803042,345.9189453125,7580200,-0.0223,350.3710693359375,354.38734741210936,58.85,0.01941301448974237
V,2025-07-14,345.382081112289,349.9355951083556,343.015832789593,348.4740905761719,5598900,0.0074,349.3321105957031,354.49816040039065,56.71,0.019553570141106143
V,2025-07-15,346.10786928409664,348.1857854896148,344.7557446176338,345.01422119140625,4891700,-0.0099,349.0422958374023,354.60032165527343,44.97,0.016235925078599448
V,2025-07-16,345.2826639034013,348.64313227631465,343.8012555074003,347.8775634765625,5544200,0.0083,348.76490631103513,354.65751586914064,55.47,0.016258160703895262
V,2025-07-17,347.97699015945284,349.3390666663444,346.4657867250158,347.7880859375,4747100,-0.0003,348.36572723388673,354.69227478027346,54.53,0.016168959052521133
V,2025-07-18,347.4798818290788,347.4798818290788,345.15341072472773,347.032470703125,4927600,-0.0022,348.79672088623045,354.7305810546875,50.55,0.011643289235028309
V,2025-07-21,347.04242165312115,351.60588769226,346.3862328294221,348.9115600585937,5216300,0.0054,349.4116455078125,354.76378967285154,44.18,0.011568441645496724
V,2025-07-22,349.0706158942277,352.43108403908155,348.17582404493845,349.8262023925781,4614200,0.0026,349.8147994995117,354.78710205078124,44.96,0.011132213805462332
V,2025-07-23,350.95964746352973,353.7235777511532,349.179985231568,353.2364196777344,4385600,0.0097,349.99674224853516,354.85340759277346,51.41,0.010125282322249735
V,2025-07-24,352.7691347853894,355.11547933584245,351.8146617746286,351.9240417480469,5887200,-0.0037,350.42972564697266,354.8277569580078,42.95,0.009197669899433616
V,2025-07-25,351.9538507970478,355.5827474277071,350.96958278789594,354.9762878417969,3915400,0.0087,350.97704162597654,354.8456524658203,50.56,0.00934535629125643
V,2025-07-28,354.32008797586263,356.24887698280617,352.6796312315113,353.41534423828125,3921000,-0.0044,351.3180587768555,354.825966796875,51.31,0.009329425717080668
V,2025-07-29,354.23065199777454,356.2489173824306,348.78231547952714,349.2595520019531,7402300,-0.0118,351.13114776611326,354.60704040527344,41.01,0.008784915300792893
V,2025-07-30,349.66718668152214,354.5587320980825,345.2230220609473,348.8817443847656,12129700,-0.0011,350.9044677734375,354.32448303222657,42.79,0.008776540200713301
V,2025-07-31,346.9131676575012,350.78069791357024,343.09536660475925,343.4731750488281,8641700,-0.0155,350.46949768066406,353.8784765625,46.15,0.009373999595746335
V,2025-08-01,342.111094619033,344.1691372200112,336.145774853544,337.3885498046875,8658700,-0.0177,349.4996368408203,353.33185424804685,34.31,0.00942831541575414
V,2025-08-04,339.7249824907629,342.3894847802844,338.0347963724263,340.17236328125,7335300,0.0083,348.7793243408203,353.0107214355469,43.01,0.009702962108769175
V,2025-08-05,340.17236435347024,340.4805701238393,333.6105063349677,335.4796447753906,7295600,-0.0138,347.9282730102539,352.6022961425781,33.01,0.010024279735249119
V,2025-08-06,336.3445964814589,339.4565097752272,333.49119008351096,337.7762756347656,5944100,0.0068,347.03247833251953,352.32789123535156,37.06,0.009897495696014797
V,2025-08-07,339.4565124616352,340.1723520439536,326.80011183390815,330.1705017089844,8797100,-0.0225,345.84985198974607,351.7868371582031,31.48,0.010851242955726793
V,2025-08-08,331.751286289915,335.42991202689075,330.8067955971987,334.8333740234375,6073900,0.0141,345.29557342529296,351.3304901123047,35.43,0.010563173366888721
V,2025-08-11,334.783685102111,335.9071281268536,332.57651566265065,333.9584655761719,5715800,-0.0026,344.56979217529295,350.80355346679687,33.57,0.0103502656970727
V,2025-08-12,333.84894997860204,337.2850261197865,333.46050732909305,335.3827209472656,5682800,0.0043,344.0882171630859,350.2496240234375,30.72,0.01027234919065433
V,2025-08-13,335.62175495109443,342.0955555803865,335.42254892774906,341.1692810058594,5693400,0.0173,343.75280303955077,349.8088409423828,39.41,0.010896431091247978
V,2025-08-14,341.55773293031257,344.6850608988738,340.29286279189733,344.0974426269531,6224000,0.0086,343.5682708740234,349.4158837890625,39.26,0.011102862362092883
V,2025-08-15,344.8543977666452,346.9558785686944,341.4780469796213,343.0815734863281,4946600,-0.003,343.37072601318357,348.9600561523437,39.69,0.01111084226282929
V,2025-08-18,342.45409285637004,344.3364894908787,339.5757572803942,341.3585205078125,3999600,-0.005,342.99307403564455,348.49422546386717,41.71,0.011062705246386206
V,2025-08-19,341.17927471045255,344.9440378209097,340.51199223443484,341.0697326660156,4457200,-0.0008,342.5552505493164,347.95401794433593,41.79,0.011029981867618815
V,2025-08-20,342.01586914906005,346.039593838693,341.4680981636876,342.5437316894531,5834400,0.0043,342.02061614990237,347.5140789794922,48.94,0.010812949108409438
V,2025-08-21,341.50792422632094,343.13132863657773,338.35068820536213,342.3046875,6073600,-0.0007,341.5396484375,346.9890252685547,56.5,0.01080126089130825
V,2025-08-22,343.82854031012994,349.7844479666891,343.82854031012994,348.6291198730469,4973200,0.0185,341.2222900390625,346.5385626220703,60.23,0.011480889155003348
V,2025-08-25,348.20082587581777,349.3063676468326,346.0993451607829,347.4140319824219,8019800,-0.0035,340.9222244262695,346.1017779541016,65.76,0.011467936996137022
V,2025-08-26,347.28454198788506,351.97554893901935,346.0495497667165,349.7644958496094,5876200,0.0068,340.94747161865234,346.0808575439453,65.81,0.011280742790026577
V,2025-08-27,349.2964005858572,352.00543842090394,348.4299121185624,348.9378662109375,5531100,-0.0024,340.9502777099609,345.9911077880859,80.14,0.011292003458433003
V,2025-08-28,349.1868671034665,349.62509605771004,347.1949283640224,348.4498291015625,4987100,-0.0014,341.19911041259763,345.8446710205078,75.25,0.01069267334009108
V,2025-08-29,349.0474346520695,351.20870166850244,347.5933278083949,350.36212158203125,3671900,0.0055,341.84778900146483,346.08366149902344,79.3,0.00980383383655275
V,2025-09-02,347.90205015208494,348.7585995956409,344.6850582193853,348.65899658203125,4940300,-0.0049,342.2721206665039,346.324580078125,73.48,0.009797454019445954
V,2025-09-03,347.9319176719724,349.47568835059127,345.8603148655181,349.45574951171875,4176400,0.0023,342.97092590332034,346.4784326171875,67.79,0.009132030096545363
V,2025-09-04,349.3163554918516,351.20869125607726,347.7427068329104,349.5752868652344,4324000,0.0003,343.5608764648438,346.47798706054687,63.38,0.00907085558547987
V,2025-09-05,349.9637226051439,351.19871489948525,338.8287923269697,341.83660888671875,5448300,-0.0221,344.1441818237305,346.4494317626953,47.71,0.00901481821050324
V,2025-09-08,340.9601353694522,342.99192130469794,339.625540120141,340.9202880859375,4711600,-0.0027,344.44852752685546,346.3872381591797,49.17,0.008578577970736164
V,2025-09-09,340.3127677727729,344.9241107011969,339.91438611386513,342.6034851074219,4646200,0.0049,344.88077850341796,346.3074078369141,52.76,0.008579613228922067
V,2025-09-10,341.2290645499819,341.2290645499819,335.0839503188202,336.7571716308594,6557900,-0.0171,344.94950103759766,345.9825958251953,41.0,0.00947542388997646
V,2025-09-11,337.3647058719823,342.14534655170456,336.5081564334102,342.1054992675781,5157600,0.0159,344.9963119506836,345.75639892578124,49.73,0.009347100591824399
V,2025-09-12,339.8446834033817,341.8067443574847,337.80295827006614,338.0618896484375,3518300,-0.0118,344.6945343017578,345.47418518066405,34.9,0.009491296567188046
V,2025-09-15,339.2370898085397,341.3286314243895,337.02606713399587,337.6833801269531,4367500,-0.0011,344.42462463378905,345.0921374511719,35.75,0.009478091080292255
V,2025-09-16,334.88472202680003,339.16740843668805,332.1258978898668,338.6594543457031,5527700,0.0029,344.28967132568357,344.77375427246096,33.06,0.009456241325177769
V,2025-09-17,338.5698181836777,344.8045959472656,338.15149768935095,344.8045959472656,5763500,0.0181,344.4764144897461,344.61983276367187,44.58,0.010314828365538911
V,2025-09-18,343.3405428681916,343.8783444611386,336.8169250488281,336.8169250488281,7526600,-0.0232,344.19007415771483,344.24232788085936,37.24,0.011552865900992514
V,2025-09-19,339.07779550115055,341.308757238212,336.8866506561266,340.23309326171875,13674300,0.0101,344.0864944458008,343.9705291748047,39.25,0.011806665155972831
V,2025-09-22,337.6435732483086,343.4699695296953,337.2949779029044,342.97198486328125,5621800,0.0081,343.8036376953125,343.9115899658203,44.09,0.011148295833893169
V,2025-09-23,343.2010826702708,343.8683955239399,336.26914434314534,337.3348388671875,10142700,-0.0164,343.29967803955077,343.6888049316406,38.56,0.011675566029330781
V,2025-09-24,337.7630787207541,338.5299641513985,336.5579643598641,337.3148803710937,5207400,-0.0001,342.677197265625,343.5348181152344,38.41,0.011521123620276104
V,2025-09-25,336.986245742455,338.82879517404456,333.16172697127865,333.5800170898437,5398700,-0.0111,341.9093048095703,343.2488671875,41.55,0.011709460862234875
V,2025-09-26,335.870772959751,338.13161256415685,334.8748035560274,336.0101928710937,9619200,0.0073,341.2873229980469,343.01330932617185,45.13,0.011900396941632696
V,2025-09-29,336.020146830516,339.2670166635244,334.19750588460323,338.7889404296875,7217800,0.0083,340.7086639404297,342.84843872070314,46.3,0.01200623850995367
V,2025-09-30,338.4503185350138,344.21695930197603,337.1456010921614,340.0040283203125,8164400,0.0036,340.2759155273437,342.6702880859375,53.47,0.012034244996325225
V,2025-10-01,338.9383303898218,347.9518409378596,338.9383303898218,346.4280090332031,8381000,0.0189,340.124528503418,342.60232421875,54.51,0.012833525175143905
V,2025-10-02,344.8245038053001,345.78062585482786,342.17522173126287,344.5556030273437,5198000,-0.0054,339.8735443115234,342.4287078857422,57.1,0.012881299174425395
V,2025-10-03,344.7149548323991,351.7365573470426,344.6054127876714,348.429931640625,5199700,0.0112,340.2032104492187,342.35882568359375,60.91,0.012089952331106222
V,2025-10-06,348.59923040877214,349.70474176137265,342.96204042656746,347.8721618652344,4735600,-0.0016,340.55080413818354,342.2167431640625,59.43,0.012074630865012623
V,2025-10-07,348.649038694597,353.0113894416703,348.649038694597,350.9995422363281,5044600,0.009,340.97060699462884,342.1684271240234,56.76,0.012177356034870612
V,2025-10-08,352.3540458932983,353.56912975217324,349.6848552507119,349.9437866210937,3927500,-0.003,341.6299377441406,342.18211181640623,66.88,0.011443282331844981
V,2025-10-09,350.053372578839,351.4477236851982,344.1870981171116,345.6412353515625,4434800,-0.0123,341.8067245483398,342.1173016357422,56.8,0.01137563763395033
V,2025-10-10,346.22883102731305,348.9876551929239,341.8664803982835,342.2648620605469,6296200,-0.0098,342.01687316894527,342.09313537597654,49.12,0.011269421831711347
V,2025-10-13,342.334610813895,346.258732766631,339.3566719695248,341.9162902832031,4030700,-0.001,342.22851867675774,342.1836901855469,56.52,0.011268615008532594
V,2025-10-14,339.6255410523528,348.5992344292952,338.84868619182816,346.9757995605469,5731000,0.0148,342.64433593749993,342.3197589111328,62.03,0.011697992405356964
V,2025-10-15,346.9758214716365,348.66895120043125,342.61347067376323,344.2966613769531,3778200,-0.0077,342.61893920898433,342.49609924316405,63.7,0.011154903335352231
V,2025-10-16,343.60940702088106,344.2966282664885,332.8230729219237,334.048095703125,6241500,-0.0298,342.4804977416992,342.4215356445313,47.91,0.011946436376813918
V,2025-10-17,336.4085739408942,342.06570324361587,335.64168844347057,340.5119934082031,6267100,0.0194,342.4944427490234,342.6283654785156,51.7,0.012540611921609757
V,2025-10-20,340.52192718186024,343.56959107313133,337.57386630815864,343.0218200683594,4665000,0.0074,342.4969345092773,342.79213439941407,52.91,0.01251812475446785
V,2025-10-21,341.73700528252846,348.2406840511567,341.61749382129113,345.8105163574219,4121800,0.0081,342.920718383789,343.02917541503905,49.36,0.012008413717056875
V,2025-10-22,346.4180937374913,346.76668911620203,343.11146794187306,343.9679870605469,5074400,-0.0053,343.2533737182617,343.2008807373047,49.39,0.012096519725676635
V,2025-10-23,344.8046050728569,345.75075772943865,343.07159771571963,344.5655517578125,7217200,0.0017,343.8026504516601,343.26880615234376,45.7,0.011753606389440412
V,2025-10-24,346.7965606090745,347.6729881581522,343.9281638460587,345.9798583984375,3576700,0.0041,344.30113372802737,343.30645446777345,47.93,0.011694852668903877
V,2025-10-27,347.59332744074374,348.11122059688944,343.6194191827997,346.4180908203125,5400300,0.0013,344.6825912475586,343.3731848144531,44.69,0.011585817100866756
V,2025-10-28,347.17499127440243,348.47973911832344,345.1033883485486,345.50177001953125,7445400,-0.0026,344.95747833251954,343.4560498046875,44.83,0.011600594358638867
V,2025-10-29,344.605395498532,349.5653338093142,337.6336100404692,339.9044189453125,8361700,-0.0162,344.631298828125,343.43274353027346,43.52,0.01138236285709281
V,2025-10-30,340.84064122785446,348.31041155130293,340.41238169067435,343.6393127441406,6411800,0.011,344.58548431396486,343.4546551513672,51.54,0.011628063829419425
V,2025-10-31,340.7011723929481,341.6174775430599,336.80695909004464,339.3665771484375,7301600,-0.0124,344.13231658935547,343.3958929443359,47.37,0.011622187265833613
V,2025-11-03,339.6255334575112,339.83467850136,333.47045043910737,335.54205322265625,5538000,-0.0113,343.51581115722655,343.13415161132815,37.92,0.011838167532448401
V,2025-11-04,335.1237952294841,338.94831408470225,332.9027725216237,338.9283752441406,5920200,0.0101,342.91225280761716,342.9644384765625,44.41,0.011893070737994752
V,2025-11-05,338.75906718983583,340.7310670928697,335.00424320677166,338.66943359375,4984600,-0.0008,342.34853515625,342.74253723144534,56.07,0.011890344379944759
V,2025-11-06,337.225272127104,337.2850278589407,332.36493664056536,335.6018371582031,8507900,-0.0091,341.84656524658203,342.47581665039064,42.91,0.011759093905300864
V,2025-11-07,335.37277903778016,336.9264888333082,333.50035174712497,334.6656188964844,5318400,-0.0028,341.4666030883789,342.20013244628905,37.37,0.01159915945230514
V,2025-11-10,335.2930990082746,337.31491571415205,332.9725036343658,333.5003662109375,5295800,-0.0035,341.0458068847656,341.8628973388672,30.43,0.01161199923853723
V,2025-11-11,334.14772643061497,337.72325285148054,331.85700901827914,337.553955078125,4453300,0.0122,340.57471466064453,341.64079650878904,40.47,0.011436916220361967
V,2025-11-12,337.5539392647252,343.5515814566134,336.70568232861064,338.1826477050781,6389600,0.0019,340.2690139770508,341.41533447265624,40.53,0.01135578220439631
V,2025-11-13,338.3423280213681,340.7573310621838,334.90940445750977,335.3883972167969,4961700,-0.0083,340.3360290527344,341.1315966796875,34.9,0.009300677677629602
V,2025-11-14,335.19879671610136,335.38837770243606,328.35289786675315,329.3408508300781,6422300,-0.018,339.7774719238281,340.8816815185547,29.01,0.00900168843811214
V,2025-11-17,330.47852149051675,332.6739759173699,324.2613310180461,325.07965087890625,6494800,-0.0129,338.88036346435547,340.56486877441404,26.81,0.009074684277529537
V,2025-11-18,323.8322181181188,324.33118917839323,317.3455943345509,320.51904296875,9170400,-0.014,337.61578979492185,340.1231799316406,27.45,0.00904354815091369
V,2025-11-19,320.85834726361674,323.90208907652226,319.21174881651825,323.4530029296875,7066700,0.0092,336.5900405883789,339.8570965576172,26.08,0.009482870984320246
V,2025-11-20,323.4530151026438,327.7242064226939,322.4750512555066,323.1037292480469,6510300,-0.0011,335.51694946289064,339.47706115722656,28.75,0.009430041580530065
V,2025-11-21,324.71042849279974,330.39868059498417,323.6226751809159,327.3050842285156,8930000,0.013,334.58321075439454,339.2619250488281,39.34,0.009984370680956136
V,2025-11-24,328.5624708767812,330.0494254219168,325.3291479858861,328.6223449707031,9337100,0.004,333.69342346191405,339.0807043457031,35.91,0.010059486227332607
V,2025-11-25,328.22316412466176,335.36843350968144,328.22316412466176,333.8415832519531,5854300,0.0159,333.1104141235352,338.9843469238281,44.19,0.01087505474880349
V,2025-11-26,333.841586342223,335.01915077050296,332.3746101630006,333.1031188964844,4309900,-0.0022,332.7703491210938,338.7503173828125,46.81,0.010326280983363183
V,2025-11-28,332.74383871779224,334.3305630576491,331.3167887740865,333.75177001953125,4586200,0.0019,332.2759719848633,338.68901428222654,48.83,0.009965989532827171
V,2025-12-01,332.25485376399234,332.6140983109483,329.4606279939679,329.7101135253906,7082300,-0.0121,331.79314880371095,338.4785546875,45.47,0.009948788606500883
V,2025-12-02,330.7679320657214,332.1151295810464,326.53663671382,328.9416809082031,8201900,-0.0023,331.46313018798827,338.19794860839846,38.82,0.009677019713027118
V,2025-12-03,328.93170166015625,331.66608389546013,328.67225740707886,328.93170166015625,6296700,-0.0,330.9632965087891,338.02988586425784,37.79,0.009327520119460855
V,2025-12-04,330.5982707162828,331.69601316055844,323.61267574060867,326.4268798828125,6277500,-0.0076,330.3511688232422,337.8121258544922,38.08,0.009425994293497759
V,2025-12-05,326.15742105214764,333.4224387208775,325.7283132347316,330.558349609375,5266600,0.0127,330.09899444580077,337.75169250488284,51.71,0.00978962931398645
V,2025-12-08,329.2011721972187,330.6581592570448,324.0417977110623,326.1674194335937,6059400,-0.0133,329.67408447265626,337.5548370361328,51.52,0.0101818659751954
V,2025-12-09,325.9378840225944,327.5545759522349,324.4010749776002,325.828125,4325400,-0.001,329.29047241210935,337.2956207275391,58.4,0.010167802640015959
V,2025-12-10,325.9678233516992,328.0834557386547,324.63055413261685,325.0596923828125,5467500,-0.0024,328.66575927734374,336.9967340087891,52.73,0.009674823539802443
V,2025-12-11,331.9155767572089,346.60528693573457,329.38079508046536,344.91876220703125,12953600,0.0611,329.00256500244143,336.96654907226565,72.29,0.017090289640611704
V,2025-12-12,347.28386033910544,349.1200701989689,345.25803903865176,347.1141967773437,6942300,0.0064,329.58885498046874,337.0177209472656,71.1,0.01697912882893211
V,2025-12-15,347.1142156107828,347.7329653453619,343.12244688455576,346.1761779785156,7004600,-0.0027,330.4306213378906,336.97264587402344,68.85,0.016370773058298607
V,2025-12-16,345.28799394865695,346.904655405941,343.0126869986315,344.3998107910156,7269300,-0.0051,331.3966293334961,336.90319885253905,62.25,0.01607150469489072
V,2025-12-17,344.8389016551313,347.07431280569114,342.9727546862657,343.7012634277344,7263500,-0.002,332.5557403564453,336.7572332763672,62.3,0.015620317403608464
V,2025-12-18,344.4597058800123,346.81483473957803,343.56153357971857,345.2979736328125,6805000,0.0046,333.6479888916016,336.66431701660156,63.11,0.015567608071011789
V,2025-12-19,345.3378535964944,349.18992596210575,345.3378535964944,348.5312805175781,18623900,0.0094,334.91936645507815,336.72211791992186,71.78,0.01558525872334765
V,2025-12-22,349.27975255876925,352.71267599172904,348.8705926226271,351.3654479980469,5043500,0.0081,336.1223846435547,336.90412963867186,74.76,0.015473035969235738
V,2025-12-23,351.2756364751809,355.6466279609035,351.2756364751809,352.6528015136719,3703200,0.0037,337.32390747070315,337.1188598632813,75.48,0.015472844633506516
V,2025-12-24,352.6527918079347,355.2574061270487,352.28355809570263,354.4091796875,2023600,0.005,338.35228729248047,337.2675274658203,80.54,0.015208546766106284
V,2025-12-26,354.3692705227613,355.9959211320052,352.982116288697,354.2694702148437,2017000,-0.0004,339.4106048583984,337.4669836425781,78.35,0.015180770384723036
V,2025-12-29,354.75844298281737,355.8162592189493,353.0719183232759,353.8802490234375,3989900,-0.0011,340.4170288085937,337.8636267089844,86.65,0.015209086619171891
V,2025-12-30,353.27152636221,354.1397311728781,351.9342875158643,352.8923034667969,3366500,-0.0028,341.5761383056641,338.1112329101563,85.18,0.01485966901239373
V,2025-12-31,352.9222335935573,354.46906219163503,349.9683333708139,349.98828125,3503200,-0.0082,342.6284683227539,338.25056213378906,80.7,0.01503867295377242
V,2026-01-02,349.1500062568855,349.32962853016494,342.7731719172512,345.7669982910156,5403800,-0.0121,343.47023315429686,338.24969177246095,51.7,0.015413742159787832
V,2026-01-05,343.7910798703184,356.8042543817172,343.34199370889576,353.0719299316406,7592200,0.0211,344.80248565673827,338.4317706298828,59.91,0.015745091131423847
V,2026-01-06,352.95216786632784,357.8820044617432,351.2756323845481,356.8241882324219,6775400,0.0106,346.11577758789065,338.676943359375,66.19,0.015691280683031706
V,2026-01-07,356.41501956274413,357.54269902318487,353.78046822093927,355.14764404296875,6333900,-0.0047,347.5647888183594,338.8602990722656,66.39,0.015306960061220167
V,2026-01-08,354.2694768864638,355.6167049317765,348.7807948501946,351.50518798828125,6357600,-0.0103,348.84864196777346,338.962041015625,60.92,0.015616957719768995
V,2026-01-09,351.4352976810692,353.97007917190984,348.44147134622284,349.0502014160156,4902900,-0.007,350.0481674194336,339.0330096435547,55.13,0.01574810264260762
V,2026-01-12,342.0745948107181,345.7969298399835,336.6258394244145,342.4937438964844,13281300,-0.0188,349.9269165039062,339.0847961425781,42.44,0.009179913713618091
V,2026-01-13,336.3065196930893,336.8254386707351,323.16360758569283,327.2052917480469,20383500,-0.0446,348.9314712524414,338.75611572265626,26.93,0.013351848876505921
V,2026-01-14,327.98368499941245,329.22112357393314,323.2733966274829,328.4926452636719,9388400,0.0039,348.0472946166992,338.53863708496095,26.93,0.01343742906958023
V,2026-01-15,328.65226616102615,331.00742540917696,325.6983660025441,327.0755310058594,8587700,-0.0043,347.1810806274414,338.369306640625,23.73,0.013430580776719962
V,2026-01-16,326.1075285720045,328.57244685544373,324.7303635575226,327.6243896484375,8341600,0.0017,346.3772369384766,338.14322692871093,24.59,0.01346320130851812
V,2026-01-20,321.5668970946223,327.644360890433,320.89826248076747,325.1495056152344,8279900,-0.0076,345.3698135375977,337.8728283691406,23.65,0.013409917775170805
V,2026-01-21,325.75825361952474,327.9936647784267,322.3353193026403,324.6106262207031,8974600,-0.0017,344.1737808227539,337.65300415039064,23.85,0.01309929186515137
V,2026-01-22,325.7881853155845,327.7142368080782,323.3332561572836,325.6883850097656,6938700,0.0033,342.88992767333986,337.47345947265626,26.74,0.012918785791079178
V,2026-01-23,325.1894097523205,327.1254199321477,323.9519712494617,325.5087585449219,5667900,-0.0006,341.53272552490233,337.3136273193359,28.99,0.012824323107201196
V,2026-01-26,327.3250134708788,331.3167819278407,324.3611241733934,327.8139953613281,7540200,0.0071,340.2029663085938,337.118828125,20.77,0.012909599651340645
V,2026-01-27,327.8040426090756,328.253098295782,324.24138188731973,324.5906677246094,6365800,-0.0098,338.71902618408205,336.8469885253906,12.23,0.012949394417866553
V,2026-01-28,326.05764337353963,327.71423096530964,324.21144434052763,326.30712890625,8106000,0.0053,337.34037017822266,336.66536315917966,16.24,0.013110577288666776
V,2026-01-29,329.3209038427684,332.6739747908746,322.844269146056,331.1171875,10214200,0.0147,336.2516143798828,336.7008898925781,26.77,0.013760966918291592
V,2026-01-30,331.53632717586584,332.3147207991864,320.9381868988181,321.1676940917969,11199100,-0.03,334.81058502197266,336.6226507568359,22.86,0.014994311201954307
V,2026-02-02,324.16154631106275,334.00127208429024,323.4430267202089,333.15301513671875,8502400,0.0373,334.1798858642578,336.8753302001953,41.78,0.01748471813959414
V,2026-02-03,330.96751673112385,335.0990119599509,328.19323869876354,328.25311279296875,9081200,-0.0147,332.9389450073242,336.9713323974609,51.13,0.01684642395287498
V,2026-02-04,326.4368440875912,330.62821332543064,323.7524077058803,329.2710266113281,8472300,0.0031,331.56128692626953,337.09467834472656,50.84,0.01659744035433745
V,2026-02-05,332.3147289199413,336.89527963696725,328.1433381303329,328.45269775390625,8339000,-0.0025,330.2265396118164,337.11763061523436,51.51,0.01659904483618512
V,2026-02-06,331.09724465448534,334.4403569413341,326.4268827108616,330.89764404296875,7798800,0.0074,329.19616241455077,337.1631365966797,53.45,0.016704361233238645
V,2026-02-09,330.07936733351744,332.1351258012084,322.9540455040185,324.9100036621094,8513400,-0.0181,327.9891525268555,336.9845050048828,49.76,0.01702933923371197
V,2026-02-10,324.7099914550781,329.8800048828125,324.54998779296875,328.1700134277344,5801800,0.01,327.272966003418,336.88584289550784,53.32,0.01687958826512068
V,2026-02-11,326.9200134277344,331.0400085449219,326.4200134277344,329.239990234375,8264300,0.0033,327.37470092773435,336.7956072998047,53.31,0.013596783675406078
V,2026-02-12,328.8900146484375,332.239990234375,324.0,324.17999267578125,9392600,-0.0154,327.15906829833983,336.6850048828125,48.87,0.014013071904851057
V,2026-02-13,323.8299865722656,326.4800109863281,312.82000732421875,314.0799865722656,11653900,-0.0312,326.50929107666013,336.38777099609376,39.65,0.015591482154993265
V,2026-02-17,314.4100036621094,321.3800048828125,314.4100036621094,319.5,8591700,0.0173,326.10307159423826,336.19913696289063,46.29,0.016161891499515302
V,2026-02-18,319.5,322.2799987792969,316.7200012207031,320.29998779296875,7091900,0.0025,325.860595703125,336.07659912109375,45.56,0.016107117583295437
V,2026-02-19,317.489990234375,320.20001220703125,315.7300109863281,318.92999267578125,5967600,-0.0043,325.5765640258789,335.8440319824219,40.51,0.01612664597882385
V,2026-02-20,318.1099853515625,322.3500061035156,317.82000732421875,320.95001220703125,6831100,0.0063,325.3396453857422,335.73968383789065,49.81,0.01618030885789396
V,2026-02-23,319.0400085449219,320.5199890136719,304.7099914550781,306.5199890136719,13048000,-0.045,324.3902069091797,335.35352111816405,27.31,0.018981577633950343
V,2026-02-24,305.5,309.2699890136719,303.0799865722656,307.2200012207031,9120200,0.0023,323.3605072021484,334.99672729492187,30.7,0.018879420012277912
V,2026-02-25,308.54998779296875,313.94000244140625,308.25,312.989990234375,7624200,0.0188,322.78047332763674,334.35815185546875,36.26,0.01941866912345734
V,2026-02-26,314.4800109863281,319.4200134277344,313.94000244140625,316.70001220703125,8725500,0.0119,322.3001174926758,333.7498681640625,40.54,0.019598154451241998
V,2026-02-27,314.4599914550781,320.2300109863281,311.95001220703125,320.1400146484375,12412900,0.0109,321.75125885009766,333.2291448974609,41.48,0.019452600286201754
V,2026-03-02,315.5,322.6000061035156,314.6000061035156,320.510009765625,6674900,0.0012,321.71837463378904,332.7513488769531,46.18,0.01826176549371304
V,2026-03-03,315.8099975585937,322.0400085449219,314.3500061035156,320.8299865722656,5474300,0.001,321.1022232055664,332.29392333984373,43.28,0.016033136738773556
V,2026-03-04,321.44000244140625,325.760009765625,319.79998779296875,320.4700012207031,4345871,-0.0011,320.71306762695315,331.79736389160155,41.86,0.01574118299573647
XOM,2025-03-05,102.3242069127349,102.7979354199698,100.22629166970567,101.9375,24822200,,101.9375,101.9375,,
XOM,2025-03-06,101.9278271398302,104.51880320973387,100.89337068893364,104.04508209228516,17150200,0.0207,102.99129104614258,102.99129104614258,,
XOM,2025-03-07,104.80884457017372,106.7327387658502,104.70249795562242,105.39857482910156,19625000,0.013,103.79371897379558,103.79371897379558,,0.005444722215136416
XOM,2025-03-10,105.6499401745072,108.83065397192892,105.45658671684892,108.08623504638672,22749100,0.0255,104.86684799194336,104.86684799194336,,0.006305817419917368
XOM,2025-03-11,108.20225660316204,108.37627768543436,105.1762311249424,105.53394317626952,19904700,-0.0236,105.0002670288086,105.0002670288086,,0.02227000972908035
XOM,2025-03-12,105.42759162610636,106.47171069501778,104.81851417861571,105.5049285888672,14051500,-0.0003,105.08437728881836,105.08437728881836,,0.019720370179081324
XOM,2025-03-13,104.73150119586734,107.13878643392896,104.054749335619,105.0602035522461,17767800,-0.0042,105.08092389787946,105.08092389787946,,0.018227607266634496
XOM,2025-03-14,105.32124070170332,108.45361253239622,104.71216327909512,108.18291473388672,15890100,0.0297,105.46867275238037,105.46867275238037,,0.019045684425562006
XOM,2025-03-17,108.0862404980442,110.69654918789806,108.01856604685427,109.98113250732422,19908800,0.0166,105.97005716959636,105.97005716959636,,0.01785351105925266
XOM,2025-03-18,110.30016127970448,110.73521763068317,108.83065579932648,109.8651123046875,15998700,-0.0011,106.35956268310547,106.35956268310547,,0.01708228452065017
XOM,2025-03-19,110.40649654522016,111.97268597099412,110.04879194172509,111.57630920410156,17315000,0.0156,106.83381236683239,106.83381236683239,,0.0162620519410477
XOM,2025-03-20,110.90924563510151,112.60111433974028,110.41618469019453,112.050048828125,16230800,0.0042,107.26849873860677,107.26849873860677,,0.015500727255665956
XOM,2025-03-21,111.663330078125,112.13705123136891,110.55152921254437,111.663330078125,41102800,-0.0035,107.60656268780048,107.60656268780048,,0.015195623373095612
XOM,2025-03-24,111.83734501281609,113.02649014968856,111.74066828545152,111.95336151123048,14207500,0.0026,107.91704831804547,107.91704831804547,79.33,0.014617749133966889
XOM,2025-03-25,112.56242839589436,113.7322337291251,112.10803967638296,112.71710968017578,12081800,0.0068,108.23705240885417,108.23705240885417,80.22,0.014044974855133016
XOM,2025-03-26,113.77091073076934,115.22108379036824,113.77091073076934,114.34130859375,14110800,0.0144,108.61856842041016,108.61856842041016,79.67,0.013658163440647084
XOM,2025-03-27,114.1769536954974,115.11473342362385,113.3648603490547,113.97393035888672,12740800,-0.0032,108.93358971090878,108.93358971090878,76.2,0.013476522795835232
XOM,2025-03-28,114.17696429920083,114.5250064445596,113.34553110483957,113.81925964355467,10233400,-0.0014,109.205015818278,109.205015818278,70.72,0.013209491351475495
XOM,2025-03-31,113.87726202486216,115.9268426886664,113.87726202486216,114.9793930053711,21652300,0.0102,109.50893040707237,109.50893040707237,87.96,0.012843517731229957
XOM,2025-04-01,115.25976020434511,115.3177647685588,114.01261044201776,115.0857391357422,12425400,0.0009,109.78777084350585,109.78777084350585,88.26,0.012554284467046786
XOM,2025-04-02,114.45732193086486,114.89237088633742,113.75157519190172,114.72801971435548,12614600,-0.0031,110.42729682922364,110.02302078973679,88.88,0.012405342652091053
XOM,2025-04-03,110.5708566243378,111.61497554677484,108.50194379749028,108.69529724121094,21204600,-0.0526,110.65980758666993,109.96266971934925,51.67,0.017579469933928463
XOM,2025-04-04,106.2203417612518,107.14845160282862,100.38097755403147,100.87403106689452,30841300,-0.072,110.43358039855957,109.56751151706861,28.69,0.02397445735075474
XOM,2025-04-07,97.05524879714056,102.28554319510634,95.18935915737325,99.52054595947266,35068500,-0.0134,110.00529594421387,109.14888795216878,27.12,0.023197778931794765
XOM,2025-04-08,101.95683279718244,102.09218169236551,95.72109160523044,97.42262268066406,27147800,-0.0211,109.5997299194336,108.6798373413086,19.22,0.02309236545062595
XOM,2025-04-09,96.0691363808891,103.0396341790902,94.87032131051387,102.2855453491211,30063300,0.0499,109.43876075744629,108.43390303391676,32.17,0.026028128003535347
XOM,2025-04-10,100.26496187453732,100.33263632053809,94.55128400229889,96.61052703857422,33999300,-0.0555,109.01627693176269,107.99600021927445,26.96,0.028723839356332936
XOM,2025-04-11,96.96824028802324,100.47765639175616,95.50839736153934,99.71389770507812,22884600,0.0321,108.59282608032227,107.70021084376744,32.75,0.028875770210734772
XOM,2025-04-14,101.54111891739376,101.59912348087778,99.30785471171718,99.95559692382812,18020000,0.0024,108.09154930114747,107.43315519135574,31.75,0.028523303492149415
XOM,2025-04-15,100.19728747758688,101.90849577523994,99.5785475778596,99.67522430419922,13164900,-0.0028,107.58205490112304,107.17455749511718,28.19,0.02851551516741645
XOM,2025-04-16,100.49698617382924,102.08250806728972,100.25529067329,100.72901916503906,13607000,0.0106,107.03969039916993,106.96663690382435,30.69,0.028351698640283855
XOM,2025-04-17,101.21241213301136,104.94419132393492,100.99004902277105,103.36833190917967,17916500,0.0262,106.60560455322266,106.8541898727417,35.79,0.029132237072392934
XOM,2025-04-21,102.10185215182162,102.1211845472586,100.66134897301362,101.8504867553711,16926500,-0.0147,106.11496238708496,106.70256250554866,32.33,0.0292371658753213
XOM,2025-04-22,102.61424661272504,105.3212393140787,102.61424661272504,104.70249938964844,13147000,0.028,105.75241928100586,106.64373711978688,36.98,0.030086721585933444
XOM,2025-04-23,105.19555935944584,105.66928790552764,102.93329275539683,103.80339813232422,14235700,-0.0086,105.30673370361328,106.56258457728795,36.49,0.03002199676027036
XOM,2025-04-24,104.38346542471427,105.26323330786316,103.40701342995516,105.02153778076172,9849600,0.0117,104.84074516296387,106.51977772182889,44.84,0.02994235865968583
XOM,2025-04-25,104.54780730012388,105.14721480928844,103.85172306392283,104.9635238647461,11245800,-0.0006,104.39022483825684,106.47771680677259,57.34,0.029950835152225543
XOM,2025-04-28,105.13755428911678,105.6209453433196,104.1030977281612,105.02153778076172,13890900,0.0006,103.9503387451172,106.4393963060881,60.36,0.029962220070931776
XOM,2025-04-29,104.16109813763202,105.214894429241,103.94840490211672,104.76050567626952,9483100,-0.0025,103.43939437866212,106.39634782840044,64.84,0.029788656883910827
XOM,2025-04-30,103.85172605763076,103.85172605763076,100.6903519990406,102.12118530273438,20379300,-0.0252,102.79116668701172,106.28946876525879,49.63,0.03012215655940778
XOM,2025-05-01,101.60880032037667,103.36834350077052,101.49279118546954,102.2662124633789,18610300,0.0014,102.16807632446289,106.19134056277392,66.67,0.03015804815337114
XOM,2025-05-02,104.1417659056002,105.37924577676984,101.0770685096626,102.68192291259766,16581900,0.0041,101.86740760803222,106.10778299967448,60.39,0.028070908334730495
XOM,2025-05-05,101.1737406395789,101.18341052512184,99.6462232661018,99.8395767211914,19624000,-0.0277,101.81568489074706,105.96201076063998,49.66,0.023703818812921034
XOM,2025-05-06,100.43898190982163,102.45956013578056,100.04260512326977,101.23174285888672,16303400,0.0139,101.90124473571777,105.85450467196378,54.33,0.02369305694435441
XOM,2025-05-07,101.50244532429048,101.79248288956104,100.61300760887129,101.13507080078124,12332200,-0.001,102.08686714172363,105.74962836371527,51.19,0.02312076476152756
XOM,2025-05-08,101.84081569553878,103.82272181123383,101.84081569553878,102.54656982421876,19196500,0.014,102.09991836547852,105.67999665633492,47.4,0.02045564135288587
XOM,2025-05-09,103.58103303044942,104.17077069826132,102.846276573248,103.7453842163086,10992100,0.0117,102.45666122436523,105.63883468952585,56.12,0.015791523375732804
XOM,2025-05-12,106.60706457832606,106.77142314977836,104.72184233367784,105.53394317626952,14244600,0.0172,102.7476634979248,105.63664944966634,52.88,0.014693474204915805
XOM,2025-05-13,105.68861807708178,106.83909112768256,105.39858049889204,105.82396697998048,13350800,0.0027,103.04108200073242,105.64047225640745,57.31,0.014693052421933436
XOM,2025-05-14,105.2438851108109,105.2438851108109,104.3447775899385,104.8765106201172,15494900,-0.009,103.30114631652832,105.62519302368165,49.46,0.01488490581268929
XOM,2025-05-15,103.9008295112673,106.00831544180176,103.39347592274729,105.94001770019533,15004300,0.0101,103.56169624328614,105.70524337768555,53.36,0.014871246541033818
XOM,2025-05-16,106.00832410800484,106.24248674924188,104.83749601402728,105.55950927734376,14042500,-0.0036,103.67125511169434,105.73553192138672,51.81,0.0138410098125671
XOM,2025-05-19,104.95457824251392,104.95457824251392,103.14956002041184,103.8813247680664,16802700,-0.0159,103.77279701232911,105.70518692016601,47.3,0.013915620719177416
XOM,2025-05-20,103.80326024488056,104.12523849609568,102.23240477623206,102.39826965332033,12429300,-0.0143,103.6575855255127,105.59142761230468,50.92,0.012774089729646197
XOM,2025-05-21,101.9884830862127,102.41778742063636,101.120122914416,101.13964080810548,16716100,-0.0123,103.52439765930175,105.5035415649414,46.53,0.012915200143119808
XOM,2025-05-22,100.55422359562291,100.95425853538052,99.41267245770727,100.46641540527344,13417400,-0.0067,103.29664154052735,105.40277130126952,43.29,0.012596719497760636
XOM,2025-05-23,100.10541035339202,100.9542600926748,99.58829781852496,100.52495574951172,12061600,0.0006,103.07471313476563,105.31206634521484,52.5,0.012607369398803803
XOM,2025-05-27,100.97376710278596,101.3347736921372,100.39811579306146,101.00303649902344,13043600,0.0048,102.87378807067871,105.16846878051757,49.11,0.012689335555579932
XOM,2025-05-28,101.75432336029878,101.89091884442456,99.31510765248808,99.62732696533205,14292400,-0.0136,102.61712913513183,104.96139266967774,44.65,0.012957558249511112
XOM,2025-05-29,99.79319471464648,100.3493356142531,99.27608216075384,100.19322967529295,13825300,0.0057,102.52073135375977,104.76795501708985,41.11,0.011899954665990597
XOM,2025-05-30,99.6761181336087,99.90052181887316,98.7297012111472,99.81271362304688,28645800,-0.0038,102.39805641174317,104.53268310546875,34.17,0.011903978768727522
XOM,2025-06-02,101.227449142924,101.32501627982484,99.73465036104436,100.54447174072266,17290500,0.0073,102.29118385314942,104.3025715637207,28.05,0.011999450645320122
XOM,2025-06-03,100.39812592199532,102.1153359654938,99.72489996503198,101.2762451171875,19194300,0.0073,102.36301727294922,104.09482986450195,30.74,0.010336826093352366
XOM,2025-06-04,101.39332069908734,102.3690070201576,99.81271362304688,99.81271362304688,15648500,-0.0145,102.29206581115723,103.85201690673829,29.45,0.010386594345850953
XOM,2025-06-05,100.4761820088812,100.54447975454497,99.2565740906742,99.35414123535156,13924800,-0.0046,102.20301933288575,103.5847575378418,21.9,0.01042383276312912
XOM,2025-06-06,100.26152888371986,101.95922100564744,100.18347219115182,101.73480987548828,15487800,0.024,102.16243133544921,103.33262756347656,36.06,0.011370250888311909
XOM,2025-06-09,101.79334704741406,103.27638685459355,101.3055039281728,102.41778564453124,17087300,0.0067,102.09605140686035,103.10150466918945,44.25,0.011144197215544384
XOM,2025-06-10,103.5008011353111,105.03262827889746,103.35444670627638,104.6130828857422,17634800,0.0214,102.05000839233398,102.9173811340332,58.24,0.011530064819281892
XOM,2025-06-11,105.13995815193144,106.73032414687152,103.87156297979324,106.65226745605467,22648200,0.0195,102.0914234161377,102.75083862304687,69.39,0.012349492851295975
XOM,2025-06-12,106.27175412902668,107.51087994664228,105.58877667010977,107.06206512451172,17469400,0.0038,102.20070114135743,102.59036514282226,73.64,0.012163988049285389
XOM,2025-06-13,109.6183550980345,109.7939789310429,107.9889607519484,109.39395141601562,28540200,0.0218,102.37339782714844,102.48368377685547,77.33,0.012880119319486539
XOM,2025-06-16,109.1012369786454,110.40866043407462,108.4280110791537,109.74519348144533,22986100,0.0032,102.58268203735352,102.50468170166016,77.15,0.012823030268355361
XOM,2025-06-17,111.179453673025,112.13562954612397,110.35988073370812,111.22824096679688,19451700,0.0135,102.95002784729004,102.7117658996582,85.79,0.012336548182236045
XOM,2025-06-18,111.82340763741772,112.43808732770862,110.1940133000544,110.43793487548828,17968900,-0.0071,103.35201110839844,102.93011367797851,81.18,0.011886945515321014
XOM,2025-06-20,110.6916013025656,112.24294629992616,110.4281692922415,111.91120910644533,36273300,0.0133,103.89058952331543,103.21988540649414,84.52,0.011425737336566528
XOM,2025-06-23,113.8625889136665,114.10651049012584,108.45729332995556,109.02318572998048,26631100,-0.0258,104.31842803955078,103.35463821411133,71.54,0.01313668527445184
XOM,2025-06-24,106.59372678752764,108.24263899356436,105.28631073684204,105.70584869384766,24828300,-0.0304,104.57747268676758,103.5365446472168,59.95,0.015241006839237493
XOM,2025-06-25,105.48144216876216,106.58396496280842,105.08140722907471,105.73512268066406,17483200,0.0003,104.8140769958496,103.65696914672851,64.22,0.01524042408582482
XOM,2025-06-26,106.29126115031856,107.75479050732616,105.9107441130082,107.31572723388672,18304800,0.0149,105.19849700927735,103.80417175292969,68.13,0.014996100370289249
XOM,2025-06-27,107.26694752231803,107.42305344976832,105.73512042449238,106.7205581665039,22002100,-0.0055,105.5248634338379,103.94507843017578,62.36,0.015130912067684481
XOM,2025-06-30,105.9985585105668,106.19369279204032,105.10092890555543,105.17898559570312,19199000,-0.0144,105.79317703247071,104.03407775878907,56.57,0.015570663204615877
XOM,2025-07-01,105.50096428171967,106.97425278154654,104.54479580975509,106.58397674560548,15536900,0.0134,106.09515228271485,104.09839065551758,54.87,0.015723780180284086
XOM,2025-07-02,107.3254943510879,108.65242833130392,106.18394315225224,108.34996795654295,11892200,0.0166,106.44883842468262,104.22838027954101,54.25,0.015991625275354856
XOM,2025-07-03,108.1645840502784,109.73543959222856,107.93042142205664,109.47200012207033,11223600,0.0104,106.93180274963379,104.32377029418946,55.83,0.01547709683098834
XOM,2025-07-07,108.82805371880768,109.325655829466,107.5401480659654,108.40850830078124,15415900,-0.0097,107.38452110290527,104.4158724975586,47.46,0.01567993941314825
XOM,2025-07-08,108.1938522559937,111.67705201847662,108.15482391107088,111.4136199951172,17913400,0.0277,107.86846160888672,104.5437141418457,53.78,0.015941821859829137
XOM,2025-07-09,111.15018153480452,111.49167025110324,110.5159839508808,111.0331039428711,10652100,-0.0034,108.29922752380371,104.6651057434082,49.53,0.016034169927475438
XOM,2025-07-10,110.94528171064432,112.46734986647576,110.32084311112908,112.1356201171875,14901700,0.0099,108.67535438537598,104.80738739013673,53.99,0.015583831026858706
XOM,2025-07-11,112.0575666683239,112.94544474747092,111.7258369094528,112.62346649169922,11683900,0.0044,108.9739143371582,104.96464660644531,51.76,0.015132205982431533
XOM,2025-07-14,112.4283310649688,112.4283310649688,110.46719959720843,111.15017700195312,13220300,-0.0131,109.17831993103027,105.14522644042968,55.64,0.015542369933761535
XOM,2025-07-15,110.8965062265666,111.28677478369188,109.86227370727693,110.16474151611328,10959300,-0.0089,109.21685943603515,105.30319702148438,63.48,0.014990146763791201
XOM,2025-07-16,110.13546423362256,110.74039240497638,109.37443012882312,109.50127410888672,11158900,-0.006,109.20466346740723,105.43958404541016,60.97,0.015042867692732408
XOM,2025-07-17,108.77926469374889,109.50127792325922,108.38898868069654,108.94513702392578,13151400,-0.0051,109.09050827026367,105.62169525146484,55.05,0.01473648801266327
XOM,2025-07-18,108.40850779402297,109.01343599324838,104.73016619282146,105.14971160888672,32366600,-0.0348,108.82609710693359,105.70005462646485,45.94,0.016538850593296024
XOM,2025-07-21,104.9838416782704,106.1253928332359,104.82773574513018,105.42290496826172,17010400,0.0026,108.50168190002441,105.78581130981445,50.67,0.01617641151410547
XOM,2025-07-22,105.35460380369202,106.7791048253295,104.99359721394806,105.90098571777344,13970900,0.0045,108.34557189941407,105.85289962768555,48.01,0.015309030702583083
XOM,2025-07-23,106.28150066576148,107.32548462756472,106.2034439813157,107.25718688964844,12002700,0.0128,108.4231388092041,105.92313568115235,46.74,0.0139816458635109
XOM,2025-07-24,106.99376015152022,108.25238889166548,106.47664017453182,108.09628295898438,15647200,0.0078,108.54119682312012,105.97438247680664,45.82,0.014067000390985986
XOM,2025-07-25,108.03774516598996,108.2816667362299,107.0327820437291,107.71576690673828,10548900,-0.0035,108.56119880676269,106.0122184753418,47.8,0.01372164156974015
XOM,2025-07-28,108.30117205407066,109.38418437012298,108.14505868344554,108.73047637939452,12353000,0.0094,108.66169471740723,106.08929779052734,40.27,0.013795311942067394
XOM,2025-07-29,109.17929911810424,110.2525525658064,108.70121491250794,110.13546752929688,15928000,0.0129,108.90951881408691,106.17320678710938,46.97,0.013536402188562743
XOM,2025-07-30,109.67690049790582,109.87203478024404,108.55485976472173,109.1792984008789,12996900,-0.0087,109.03928489685059,106.24560256958007,39.92,0.013492723185012294
XOM,2025-07-31,107.67674372423863,109.7647118700778,107.67674372423863,108.92562103271484,17233700,-0.0023,109.06806755065918,106.34648849487304,37.19,0.013017497334054082
XOM,2025-08-01,109.27687117442991,109.80374269657418,106.21321663165848,106.97425079345705,19652000,-0.0179,108.94318008422852,106.43800811767578,35.99,0.013399493313279852
XOM,2025-08-04,106.56446343383509,107.24744089548165,104.48624676187502,104.75944519042967,19129500,-0.0207,108.76072692871094,106.51040420532226,33.25,0.01398531560714948
XOM,2025-08-05,104.61308842586648,105.19849872911216,103.49104766903966,104.63259887695312,21314300,-0.0012,108.42167587280274,106.59372787475586,34.4,0.012171894935292096
XOM,2025-08-06,105.67657998163877,106.39859319785086,103.78375363562566,103.92034912109376,15321800,-0.0068,108.06603813171387,106.6616357421875,34.06,0.012200529539845042
XOM,2025-08-07,104.53503150267342,105.4326611285925,103.31542360531732,103.37396240234376,13468300,-0.0053,107.62795524597168,106.70905426025391,42.9,0.011806308527758855
XOM,2025-08-08,103.91059160666616,104.89603686018452,103.37396116071662,104.20330047607422,14417700,0.008,107.20694694519042,106.80057373046876,45.33,0.011967380006105189
XOM,2025-08-11,104.50575897230986,104.91554542700594,102.96417284971534,103.2568817138672,13570700,-0.0091,106.81228218078613,106.86184677124024,40.23,0.011836752532950738
XOM,2025-08-12,103.75447666300208,104.67162415904068,103.20809472181944,103.5495834350586,14109400,0.0028,106.4815242767334,106.93658416748048,35.13,0.01185092046169721
XOM,2025-08-13,103.42274440244574,104.9838409423828,103.16906388848864,104.9838409423828,17958700,0.0139,106.2556526184082,107.02537155151367,38.09,0.012410618331429783
XOM,2025-08-14,104.93506024881968,104.97408114859478,103.85204790462278,104.7691879272461,13683500,-0.002,106.04685516357422,107.09523040771484,38.58,0.01238966462313182
XOM,2025-08-15,104.5722430318389,105.92136685755888,104.3358939200289,104.86766815185548,19271900,0.0009,106.03275299072266,107.19632949829102,33.88,0.009670490925327527
XOM,2025-08-18,104.48361233533863,105.59640209792867,104.06016289296169,105.09416961669922,13040000,0.0022,106.01631622314453,107.31113006591796,26.67,0.009665036008863676
XOM,2025-08-19,104.5820856448628,105.82289219016042,104.53285188126868,105.78350067138672,16113600,0.0066,106.0104419708252,107.39210388183594,33.89,0.009729007089491112
XOM,2025-08-20,106.23649548959764,107.66440991946308,106.03954540217823,106.87659454345705,18959700,0.0103,105.99141235351563,107.48128005981445,40.99,0.00957052905098717
XOM,2025-08-21,106.76826810543524,107.90074987365452,106.31527690078036,107.56593322753906,12194900,0.0064,105.96489486694335,107.5403370666504,52.92,0.009514392145310007
XOM,2025-08-22,107.93028771504711,109.7127182207504,107.93028771504711,109.5846939086914,13586700,0.0188,106.05834121704102,107.59898559570313,74.32,0.01037562426783894
XOM,2025-08-25,109.21048226579067,110.21493964871304,108.85596612754428,110.03768157958984,9744900,0.0041,106.12370147705079,107.65849792480469,76.38,0.010213792274741977
XOM,2025-08-26,109.67332161186246,110.10661326432938,108.67870648764875,109.79148864746094,18143900,-0.0022,106.10650253295898,107.66644866943359,80.02,0.009810354358104444
XOM,2025-08-27,109.72256302402587,111.25880221241027,109.72256302402587,111.03230285644533,15262600,0.0113,106.1991527557373,107.69219085693359,86.56,0.009907514426195052
XOM,2025-08-28,111.150478111266,111.9185939536985,110.36266275262726,111.62316131591795,14189800,0.0053,106.33402976989746,107.70008926391601,86.25,0.00992445676625492
XOM,2025-08-29,111.98751979045258,113.0412184425248,111.8496532388292,112.54883575439452,14597900,0.0083,106.61275901794434,107.74230728149413,95.49,0.008941364549105461
XOM,2025-09-02,112.44051655288608,113.48436549941368,111.60346744407636,112.9427490234375,15206700,0.0035,107.02192420959473,107.76293807983399,95.53,0.007065922668547587
XOM,2025-09-03,112.23371536045128,112.68670654900797,109.76195206928232,110.2051010131836,14920100,-0.0242,107.30054931640625,107.78657638549805,72.47,0.0094052281093801
XOM,2025-09-04,110.40204683925596,111.40650421639116,109.68316480940824,110.68762969970705,12864400,0.0044,107.63891334533692,107.88621200561523,74.9,0.009143361123327616
XOM,2025-09-05,109.89982253167048,110.07708061289752,107.35912587180404,107.56593322753906,16826700,-0.0282,107.84851188659668,107.92282821655273,59.05,0.011415385508855553
XOM,2025-09-08,108.05830848768932,108.3734331088634,106.69932745443076,108.17647552490234,15440500,0.0057,108.04717063903809,107.94004318237305,60.08,0.01136381144362734
XOM,2025-09-09,108.84611987931372,110.79595870253289,108.84611987931372,108.96429443359376,14899500,0.0073,108.33254127502441,107.98491790771484,60.33,0.011114210912634608
XOM,2025-09-10,109.4665278657588,110.84519344539692,109.1513957182256,110.7861099243164,15837600,0.0167,108.69436759948731,108.09706039428711,62.13,0.011543167265803424
XOM,2025-09-11,109.70287053326427,111.05199436552122,109.18094605685852,110.4315948486328,11534500,-0.0032,108.96675529479981,108.17401275634765,59.08,0.0113606430507395
XOM,2025-09-12,111.1406267392382,111.49514289416112,110.17555331457824,110.4512939453125,11105700,0.0002,109.25086059570313,108.21603927612304,53.14,0.011324351962404779
XOM,2025-09-15,110.47098127498258,110.74671438088892,109.62408244217666,110.63838958740234,12880500,0.0017,109.53939666748047,108.23936706542969,52.22,0.011319033806636916
XOM,2025-09-16,111.23910173845827,113.5631487473592,111.06184366106196,112.93289947509766,17208000,0.0207,109.93133316040038,108.32985488891602,60.09,0.012006747006754597
XOM,2025-09-17,112.78518365139172,113.73055756391628,112.31250045171144,113.53360748291016,13302000,0.0053,110.31883850097657,108.37225463867188,58.38,0.011993590393469158
XOM,2025-09-18,113.41542765313405,113.59268572306348,111.67239622646412,112.19432067871094,14628700,-0.0118,110.58472480773926,108.39547897338868,51.82,0.01235733215118606
XOM,2025-09-19,112.16478289329385,112.24356593009016,110.9239763598254,111.10123443603516,38746500,-0.0097,110.76148986816406,108.37479125976563,45.43,0.012612024337699984
XOM,2025-09-22,110.7368649449766,111.08153884152428,109.8604243501585,110.31341552734376,15611500,-0.0071,110.79792594909668,108.32859024047852,41.9,0.012082369713542818
XOM,2025-09-23,111.00276248192702,113.00183513892328,110.76642087813288,112.21401977539062,25369100,0.0172,110.90674285888672,108.34986709594726,56.52,0.012635638821248909
XOM,2025-09-24,112.824569911349,113.99644312425588,112.72609487543596,112.8147201538086,14756100,0.0054,111.0579044342041,108.40286666870117,56.85,0.01264671373998212
XOM,2025-09-25,112.89350874101174,114.13431529140912,112.66701689858704,113.82903289794922,15012600,0.009,111.1977409362793,108.48942184448242,73.35,0.012562512110494289
XOM,2025-09-26,114.1933975647311,116.55683608287912,114.15400604622616,115.4342041015625,18568900,0.0141,111.38829307556152,108.61920318603515,75.19,0.012859658463173645
XOM,2025-09-29,114.29187664042855,114.72517584612002,111.93828779708493,112.47991180419922,19189300,-0.0256,111.38484687805176,108.76580718994141,60.61,0.01412486050233864
XOM,2025-09-30,111.62316061513285,111.76102717505448,110.23464525787536,111.03230285644533,18076200,-0.0129,111.28932456970215,108.87799514770508,50.76,0.014388829731866016
XOM,2025-10-01,110.8451904864916,111.29818166673252,109.59454174030076,110.28387451171876,16614000,-0.0067,111.2932632446289,108.96565292358399,49.55,0.013384825461378974
XOM,2025-10-02,110.26418423682554,111.36711668837108,109.33850234656651,109.59454345703124,13062600,-0.0063,111.23860893249511,109.01240005493165,47.52,0.013418757492092138
XOM,2025-10-03,110.19525664039946,112.01707124147411,110.19525664039946,111.53453826904295,12950100,0.0177,111.43703918457031,109.08116516113282,52.36,0.012293655830720595
XOM,2025-10-06,111.56408004432434,113.0215287200953,111.45575524249708,112.46021270751952,12036800,0.0083,111.65122604370117,109.17605407714844,48.66,0.012349740035618902
XOM,2025-10-07,112.33218691183124,112.76548608446156,110.03768176682227,112.51929473876952,11945000,0.0005,111.82897605895997,109.25183044433594,47.04,0.012290041968152398
XOM,2025-10-08,112.63746751188236,113.2578745430427,111.68225135301424,112.28295135498048,12301000,-0.0021,111.90381813049316,109.29478012084961,50.28,0.011789124113708405
XOM,2025-10-09,112.68671294919874,113.75026145917076,111.0224569019183,111.18987274169922,10976200,-0.0097,111.94173202514648,109.33499160766601,50.28,0.011991176580697727
XOM,2025-10-10,110.54976541469829,110.90428155817044,109.0233760462396,109.04307556152344,13811600,-0.0193,111.87132110595704,109.33734069824219,46.34,0.01277622277596366
XOM,2025-10-13,109.84073466255516,110.58915847736117,109.62408507038784,110.53006744384766,10296500,0.0136,111.8659049987793,109.40845703125,45.03,0.013158631347802414
XOM,2025-10-14,109.0726176977768,111.2390985703282,109.02337642256091,110.57930755615234,11167200,0.0004,111.74822540283203,109.52485427856445,43.18,0.012230517267539378
XOM,2025-10-15,111.08154121041032,111.83980727002567,109.27941870764626,109.90966796875,12182900,-0.0061,111.56702842712403,109.6303956604004,37.79,0.012187762412829473
XOM,2025-10-16,110.17555961074068,110.48084201963704,108.7082611437254,108.95445251464844,11782200,-0.0087,111.4050350189209,109.73107772827149,28.96,0.012069753409594621
XOM,2025-10-17,109.92935994307967,111.18986597812912,109.48621851412936,110.53006744384766,13460100,0.0145,111.37647666931153,109.87419982910156,43.05,0.012402330001805474
XOM,2025-10-20,110.29372235529095,111.42620404282177,110.27403035351948,110.9830551147461,9523600,0.0041,111.40995864868164,110.009794921875,49.81,0.012326526808387457
XOM,2025-10-21,111.17017037292834,111.63301133371802,110.28387997068896,110.99291229248048,9202300,0.0001,111.34890327453613,110.16451553344727,52.88,0.01167346405990504
XOM,2025-10-22,111.72163395713264,113.42528144049152,111.3572755599508,112.96244049072266,12938800,0.0177,111.35628929138184,110.35277267456054,62.41,0.012306656307611916
XOM,2025-10-23,114.85318813056784,115.06983772488675,113.60253935404116,114.21309661865234,15001100,0.0111,111.375492477417,110.53735778808594,60.4,0.012394959714165649
XOM,2025-10-24,114.57745397030573,114.69562852426476,113.42528024356956,113.632080078125,9919400,-0.0051,111.28538627624512,110.71461563110351,54.67,0.012001880335136963
XOM,2025-10-27,113.93735694263816,114.22293981815812,113.34649918884276,114.1737060546875,10975400,0.0048,111.37007598876953,110.90073638916016,56.35,0.01051917922553596
XOM,2025-10-28,113.7305561938296,114.4100467374938,113.23817348408193,113.2775650024414,9535200,-0.0078,111.48233909606934,111.064404296875,53.64,0.010227491332060289
XOM,2025-10-29,113.16923636983752,115.26679145069946,113.06091157631114,114.6759262084961,12570600,0.0123,111.7019416809082,111.24225280761719,62.46,0.01035140468474537
XOM,2025-10-30,114.65623875964566,114.74486404159737,112.78518294908255,112.9427490234375,16172900,-0.0151,111.86935195922851,111.36357589721679,64.37,0.010895503659767177
XOM,2025-10-31,112.24356680542397,113.47452359060154,110.90428522209764,112.6177749633789,20213400,-0.0029,111.92351379394532,111.4646127319336,58.41,0.010243616754375686
XOM,2025-11-03,112.75564081245808,113.23817376552417,111.90874194853409,112.02691650390624,12290300,-0.0052,111.90184898376465,111.51345718383789,55.59,0.010149019916383938
XOM,2025-11-04,111.65269923325025,112.60792288093636,110.7959581368766,112.401123046875,16860700,0.0033,111.89594039916992,111.5607260131836,59.84,0.010177657418400156
XOM,2025-11-05,112.3518852990128,113.4252835340798,111.93828561790328,111.94813537597656,12400900,-0.004,111.87919960021972,111.6038589477539,62.32,0.010207066695496593
XOM,2025-11-06,111.90874685092898,113.188944960802,111.90874685092898,112.75564575195312,14219700,0.0072,111.95748825073242,111.63832580566407,59.78,0.010069102034912231
XOM,2025-11-07,113.4548234973826,115.71978697585024,113.14954862042434,115.4342041015625,17181100,0.0238,112.27704467773438,111.71454666137696,66.35,0.010164955277298255
XOM,2025-11-10,115.650852381483,116.64546003805616,113.70101356006596,116.4189682006836,13048000,0.0085,112.57148971557618,111.79194931030274,68.6,0.009943973313678888
XOM,2025-11-11,117.01967605641752,118.96950737055928,117.01967605641752,117.9552001953125,16077100,0.0132,112.94028434753417,111.89219833374024,67.64,0.010200478574944154
XOM,2025-11-12,117.28556152206164,117.46281960045928,115.99552120954574,116.32049560546876,13790900,-0.0139,113.26082572937011,112.01450622558593,57.25,0.010714352155182466
XOM,2025-11-13,116.82271957033755,117.93550930812972,116.47805317449377,116.98028564453124,17291900,0.0057,113.66211738586426,112.14035934448242,61.46,0.010372548537263864
XOM,2025-11-14,117.66571049271276,118.68889697657292,115.88756919075868,118.50015258789062,17064300,0.013,114.06062164306641,112.35904373168945,63.87,0.010294832633285905
XOM,2025-11-17,118.18226972374045,118.70875924248826,116.33458466394876,116.90081024169922,16034900,-0.0135,114.35650939941407,112.5335304260254,61.12,0.010974247366592292
XOM,2025-11-18,116.48359759303432,118.68889969210812,115.70876335906324,118.24187469482422,15808500,0.0115,114.71895751953124,112.71908203125,60.98,0.011129245493884924
XOM,2025-11-19,116.07630865802687,117.39750425129373,115.16240200147725,116.572998046875,15919200,-0.0141,114.89948539733886,112.83481979370117,61.22,0.011224334466262411
XOM,2025-11-20,117.1988284939755,118.2220073959002,115.96703338472082,116.24517822265624,14401000,-0.0028,115.00108947753907,112.95109146118165,61.21,0.011036517137499301
XOM,2025-11-21,116.215378652987,116.60279576188552,114.88425475654148,116.3047866821289,15667600,0.0005,115.13472480773926,113.06816131591796,63.67,0.010945745388289603
XOM,2025-11-24,116.4239847793118,116.4239847793118,113.98027399923178,115.20213317871094,18034900,-0.0095,115.18614616394044,113.15943618774413,58.55,0.011164789577765873
XOM,2025-11-25,114.41736246752856,115.13259636601772,113.4339196465451,113.75180053710938,14434600,-0.0126,115.20985794067383,113.17581420898438,55.19,0.011401897349033392
XOM,2025-11-26,113.65246904450274,114.97365705250216,113.55312510411062,114.01007843017578,11650600,0.0023,115.17656555175782,113.18534362792968,53.73,0.01106074614405185
XOM,2025-11-28,114.1888871955968,117.95379366366068,114.05975068319684,115.1524658203125,7240800,0.01,115.28705139160157,113.24450653076173,49.08,0.01070292016227347
XOM,2025-12-01,115.33127565327204,116.6326070178609,115.33127565327204,115.8577651977539,12658100,0.0061,115.44905090332031,113.3396371459961,48.13,0.010718399085095143
XOM,2025-12-02,115.66902207182513,115.82795872805552,113.93060928943486,114.61603546142578,14607700,-0.0107,115.5785068511963,113.42568954467774,38.65,0.010966360044772328
XOM,2025-12-03,115.18226278457816,117.19882800902268,115.11272657538204,117.02001953125,16819100,0.021,115.80945167541503,113.52180953979492,52.26,0.011825319624032422
XOM,2025-12-04,116.72200447264626,117.55643899441884,115.8875699508737,116.36438751220705,13686900,-0.0056,116.03026428222657,113.59280288696289,48.01,0.011873964220755824
XOM,2025-12-05,115.97697258701088,117.993530298173,115.63922743960852,115.76836395263672,12516900,-0.0051,116.18090019226074,113.63158950805663,40.61,0.011909213593728705
XOM,2025-12-08,115.0630659469568,116.22531730103633,114.2782958010143,115.21207427978516,14904200,-0.0048,116.16979370117187,113.6271469116211,43.75,0.01073598964624177
XOM,2025-12-09,116.12598117519698,119.67234312511398,116.11604526528724,117.467041015625,23790800,0.0196,116.22219734191894,113.7268894958496,47.31,0.011462996531172998
XOM,2025-12-10,117.94386264481751,119.07631381660484,117.58624568752909,118.74849700927734,19845200,0.0109,116.2618621826172,113.88121337890625,57.75,0.011339915529250042
XOM,2025-12-11,118.32134384245384,119.5630672833503,118.28160778287972,118.74849700927734,14781800,0.0,116.38326225280761,114.05050582885742,59.13,0.010831944715321873
XOM,2025-12-12,118.64916172079668,119.12597928223312,117.52663886961136,118.03326416015624,14459500,-0.006,116.43591117858887,114.21928024291992,56.02,0.01088595908788738
XOM,2025-12-15,118.22200910243764,118.2418733430576,116.07630732931368,116.98028564453124,16358700,-0.0089,116.3599178314209,114.32819519042968,56.21,0.010662638905123468
XOM,2025-12-16,115.99683516808264,116.0663713785457,113.85114097459557,113.9206771850586,17638700,-0.0262,116.21091117858887,114.35740447998047,50.53,0.011790745702054907
XOM,2025-12-17,114.44716863723636,116.84121514123431,114.40743257646578,116.63260650634766,18502200,0.0238,116.13044776916504,114.43967071533203,57.14,0.01276930839325706
XOM,2025-12-18,116.2153813721701,116.2153813721701,114.86438562480342,115.76836395263672,13705600,-0.0074,116.09021606445313,114.50937896728516,51.7,0.012481274395121507
XOM,2025-12-19,115.97696632618477,116.79153657881096,115.1921962227349,115.91736602783205,45412800,0.0013,116.07382545471191,114.60392883300781,50.17,0.012471199452717996
XOM,2025-12-22,116.56305674309674,117.67564365102822,116.56305674309674,117.3676986694336,11768600,0.0125,116.12697105407715,114.77042129516602,57.75,0.01278454144660652
XOM,2025-12-23,117.68558094503337,119.23524935952015,117.53657261774538,118.62928771972656,12567600,0.0107,116.29832878112794,114.93240570068359,54.84,0.012747898691652344
XOM,2025-12-24,118.53989055724838,119.2551244849581,118.3312819248128,118.4306182861328,6137400,-0.0017,116.5322696685791,115.0894319152832,56.4,0.0123377426921152
XOM,2025-12-26,118.10279793258158,118.758431539622,117.74518097944652,118.32134246826172,8066100,-0.0009,116.74783287048339,115.25766540527344,58.15,0.012355612404682205
XOM,2025-12-29,119.3544600211866,120.4968471156658,118.60942594811912,119.73194122314452,14782500,0.0119,116.976806640625,115.47321517944336,63.68,0.012428019065592747
XOM,2025-12-30,120.29816845104502,120.99353814268906,119.83127921295451,120.18889617919922,11150500,0.0038,117.19336318969727,115.6663917541504,59.24,0.012398934589204363
XOM,2025-12-31,120.37763974026632,120.45711186085562,119.07631597585063,119.54319763183594,10559900,-0.0054,117.43972129821778,115.83759460449218,52.82,0.012169758679439351
XOM,2026-01-02,119.29485111594778,121.86770603383496,118.81803355745646,121.83790588378906,14175100,0.0192,117.68061561584473,116.05449447631835,59.43,0.012029055832047927
XOM,2026-01-05,124.38095230413708,125.09618621633268,121.57962453395652,124.52996063232422,30112200,0.0221,118.08889427185059,116.28584487915039,67.69,0.0126749691165408
XOM,2026-01-06,124.52002885557944,124.96705385497772,120.19883266800142,120.24850463867188,23328600,-0.0344,118.31290130615234,116.40655303955079,57.57,0.015166114410612542
XOM,2026-01-07,119.0067756340596,119.32465652650384,117.48689980134242,117.7054443359375,20353000,-0.0211,118.43756980895996,116.48802032470704,58.98,0.015967826204095863
XOM,2026-01-08,118.19220505090117,122.81141009874412,117.87432415932456,122.09618377685548,20232700,0.0373,118.66902694702148,116.64646987915039,62.01,0.017462437130203668
XOM,2026-01-09,122.4140674135384,124.0332720571173,122.28492332480052,123.78492736816406,16137700,0.0138,118.92084846496581,116.85661712646484,67.0,0.017551386210061495
XOM,2026-01-12,123.6359162811852,123.6756523399968,121.74849517146582,123.2087631225586,15314900,-0.0047,119.14386177062988,117.02727386474609,65.19,0.01761402775302147
XOM,2026-01-13,124.17234424691262,126.29817417410948,123.9835998584162,125.7021484375,21619700,0.0202,119.52730598449708,117.28246185302734,66.64,0.01795979354587703
XOM,2026-01-14,126.5067780569478,130.8478457773565,126.2882335266516,129.33790588378906,27593900,0.0289,120.14518699645996,117.61686447143555,69.53,0.018586901868052987
XOM,2026-01-15,128.27500915527344,129.337916588086,127.45050293323732,128.27500915527344,17400000,-0.0082,120.8629035949707,117.9418263244629,67.4,0.01738409057912314
XOM,2026-01-16,128.0564613080259,129.29818477469024,128.0167176687486,129.02996826171875,16592400,0.0059,121.48277168273925,118.27440322875977,68.51,0.016877449919625705
XOM,2026-01-20,130.6392422928985,131.0664030646928,129.20878953412495,129.59620666503906,16477300,0.0044,122.17416381835938,118.62736465454101,67.56,0.01661842984539501
XOM,2026-01-21,131.0366008719565,132.84454240214342,131.0366008719565,132.725341796875,18879900,0.0241,123.01456260681152,119.02675857543946,70.38,0.01707079993809065
XOM,2026-01-22,132.1690523578367,133.29156009444506,130.9770008295119,132.75514221191406,16600100,0.0002,123.78393478393555,119.37317733764648,71.92,0.017080751709083776
XOM,2026-01-23,134.1955403288625,135.07964686690326,133.58957864608686,134.0763397216797,17758200,0.01,124.5562873840332,119.7263247680664,70.98,0.017071986903758603
XOM,2026-01-26,136.02334731663586,136.03329080527234,133.28162737596318,133.9471893310547,16056100,-0.001,125.3321159362793,120.04616455078126,67.7,0.01705549687591102
XOM,2026-01-27,134.35447104370763,136.02334000719668,133.81805320765935,135.92401123046875,14517000,0.0148,126.21224937438964,120.43823486328125,82.26,0.017067725775799618
XOM,2026-01-28,136.77832439433692,137.09619771667622,135.7650738112262,136.66905212402344,15637300,0.0055,127.0591049194336,120.8320101928711,92.14,0.01703275791248332
XOM,2026-01-29,139.39092163787078,141.3975359167848,138.188926610574,139.57965087890625,35760600,0.0213,128.02864265441895,121.25360015869141,91.59,0.017319246215516546
XOM,2026-01-30,137.82136923864124,141.2683946138898,136.9173909644709,140.4637451171875,29657700,0.0063,129.0746700286865,121.72485885620117,91.25,0.017050948422456247
XOM,2026-02-02,138.9041515460256,139.39091258721533,137.14586692556136,137.48361206054688,27735600,-0.0212,129.85695533752443,122.10969360351562,81.55,0.01804692421672487
XOM,2026-02-03,137.7220262255062,144.04984387155233,137.39420942637852,142.7783203125,37577800,0.0385,130.7693733215332,122.63380004882812,83.59,0.019146034356465242
XOM,2026-02-04,143.16573706124296,146.86110713253416,143.16573706124296,146.61276245117188,29426200,0.0269,132.08758621215821,123.24115173339844,83.71,0.016944692539646682
XOM,2026-02-05,145.60946711265478,145.75846787035985,142.84787524629766,145.11277770996094,18431700,-0.0102,133.45795288085938,123.81731155395508,82.31,0.01603966793198728
XOM,2026-02-06,145.64919203150373,148.57967156189628,145.12270249015177,148.0631103515625,17216000,0.0203,134.75629920959472,124.47453109741211,83.68,0.014967083181013209
XOM,2026-02-09,148.27170066061862,150.54654639275728,147.64588238117187,150.20880126953125,21297300,0.0145,136.07749290466307,125.20367111206055,84.55,0.014977768613234048
XOM,2026-02-10,150.34788724143306,150.7750328491365,148.82801889209236,150.58628845214844,15800300,0.0025,137.44636917114258,125.9351953125,82.98,0.014694118945310992
XOM,2026-02-11,152.95053017548196,155.89092284145423,152.55318473124476,154.52999877929688,23091500,0.0262,138.88776168823242,126.72274597167969,85.13,0.014968045788841044
XOM,2026-02-12,153.88999938964844,155.25,149.8800048828125,149.92999267578125,30652500,-0.0298,139.91736602783203,127.40419052124024,73.13,0.016808973167548587
XOM,2026-02-13,150.5500030517578,151.66000366210938,147.97999572753906,148.4499969482422,20166000,-0.0099,140.92611541748047,128.08086975097658,70.36,0.016896878409931225
XOM,2026-02-17,148.1999969482422,149.1300048828125,145.14999389648438,146.19000244140625,19766600,-0.0152,141.78411712646485,128.6642694091797,64.3,0.017642022201789145
XOM,2026-02-18,148.14999389648438,150.97999572753906,147.61000061035156,150.67999267578125,19849700,0.0307,142.83830642700195,129.35058151245119,67.67,0.018446162773125246
XOM,2026-02-19,152.1999969482422,153.3800048828125,150.83999633789062,150.97000122070312,20305000,0.0019,143.75053939819335,130.0546142578125,65.38,0.018073105200240146
XOM,2026-02-20,150.49000549316406,150.80999755859375,146.4600067138672,147.27999877929688,25908600,-0.0244,144.4767822265625,130.69597274780273,58.56,0.019326318978614577
XOM,2026-02-23,148.14999389648438,151.27000427246094,148.1300048828125,150.75999450683594,16073100,0.0236,145.31096496582032,131.36183181762695,66.46,0.01973224118302995
XOM,2026-02-24,150.4199981689453,150.72000122070312,148.02999877929688,149.25999450683594,14185500,-0.0099,146.07660522460938,131.9720617675781,58.87,0.019998515734397575
XOM,2026-02-25,149.91000366210938,150.17999267578125,147.3300018310547,149.05999755859375,15225700,-0.0013,146.73340454101563,132.57829177856445,53.72,0.01993347554663815
XOM,2026-02-26,147.80999755859375,150.9600067138672,146.77000427246094,148.5399932861328,15632100,-0.0035,147.3269515991211,133.188426361084,55.37,0.02001860384742153
XOM,2026-02-27,151.0,153.64999389648438,149.25,152.5,30275100,0.0267,147.97296905517578,133.89882064819335,56.74,0.020293563278200203
XOM,2026-03-02,159.35000610351562,159.61000061035156,153.02999877929688,154.22000122070312,31493100,0.0113,148.66078186035156,134.70480712890625,56.17,0.020345884751364084
XOM,2026-03-03,155.42999267578125,156.0500030517578,150.3000030517578,151.8300018310547,25198900,-0.0155,149.37810134887695,135.4087550354004,51.8,0.01999821307806749
XOM,2026-03-04,150.72000122070312,151.16000366210938,147.86000061035156,149.82000732421875,16717227,-0.0132,149.73018569946288,136.08978790283203,42.77,0.018766663472624453
