Ticker,Date,Open,High,Low,Close,Volume,Daily_Return,SMA_20,SMA_50,RSI,Volatility
AMZN,2025-02-21,223.27999877929688,223.30999755859372,214.7400054931641,216.5800018310547,55323900,,216.5800018310547,216.5800018310547,,
AMZN,2025-02-24,217.4499969482422,217.72000122070312,212.4199981689453,212.7100067138672,42387600,-0.0179,214.64500427246094,214.64500427246094,,
AMZN,2025-02-25,211.6300048828125,213.33999633789065,204.16000366210935,212.8000030517578,58958000,0.0004,214.0300038655599,214.0300038655599,,0.012940054095713818
AMZN,2025-02-26,214.94000244140625,218.16000366210935,213.08999633789065,214.3500061035156,39120600,0.0073,214.11000442504883,214.11000442504883,,0.013022672536772166
AMZN,2025-02-27,218.3500061035156,219.97000122070312,208.3699951171875,208.7400054931641,40548600,-0.0262,213.03600463867187,213.03600463867187,,0.015589098755219945
AMZN,2025-02-28,208.6499938964844,212.6199951171875,206.9900054931641,212.27999877929688,51771700,0.017,212.91000366210938,212.91000366210938,,0.017846764412632336
AMZN,2025-03-03,213.3500061035156,214.00999450683597,202.5500030517578,205.0200042724609,42948400,-0.0342,211.7828608921596,211.7828608921596,,0.02019957095253923
AMZN,2025-03-04,200.1100006103516,206.8000030517578,197.42999267578125,203.8000030517578,60853100,-0.006,210.78500366210938,210.78500366210938,,0.018472901646414276
AMZN,2025-03-05,204.8000030517578,209.97999572753903,203.25999450683597,208.3600006103516,38610100,0.0224,210.51555887858072,210.51555887858072,,0.020296797776989353
AMZN,2025-03-06,204.3999938964844,205.7700042724609,198.3000030517578,200.6999969482422,49863800,-0.0368,209.53400268554688,209.53400268554688,,0.021801650039491152
AMZN,2025-03-07,199.4900054931641,202.2700042724609,192.52999877929688,199.25,59802800,-0.0072,208.59909335049716,208.59909335049716,,0.020557334457560396
AMZN,2025-03-10,195.6000061035156,196.72999572753903,190.8500061035156,194.5399932861328,62350900,-0.0236,207.4275016784668,207.4275016784668,,0.020053133964998634
AMZN,2025-03-11,193.8999938964844,200.17999267578125,193.3999938964844,196.58999633789065,54002900,0.0105,206.5938474214994,206.5938474214994,,0.01997486868011599
AMZN,2025-03-12,200.72000122070312,201.5200042724609,195.2899932861328,198.88999938964844,43679300,0.0117,206.04357256208147,206.04357256208147,30.72,0.019878909065666195
AMZN,2025-03-13,198.1699981689453,198.8800048828125,191.82000732421875,193.88999938964844,41270800,-0.0251,205.23333435058595,205.23333435058595,27.7,0.019745241463187034
AMZN,2025-03-14,197.41000366210935,198.6499938964844,195.32000732421875,197.9499969482422,38096700,0.0209,204.77812576293945,204.77812576293945,35.55,0.020409061946199524
AMZN,2025-03-17,198.7700042724609,199.0,194.32000732421875,195.7400054931641,47341800,-0.0112,204.24647162942324,204.24647162942324,33.96,0.019763417383303592
AMZN,2025-03-18,192.5200042724609,194.0,189.3800048828125,192.82000732421875,40414900,-0.0149,203.6116680569119,203.6116680569119,30.27,0.019253832697138814
AMZN,2025-03-19,193.3800048828125,195.97000122070312,191.9600067138672,195.5399932861328,39442900,0.0141,203.18684306897615,203.18684306897615,37.22,0.019308117430055432
AMZN,2025-03-20,193.07000732421875,199.32000732421875,192.3000030517578,194.9499969482422,38921100,-0.003,202.77500076293944,202.77500076293944,32.21,0.018772802898208107
AMZN,2025-03-21,192.8999938964844,196.9900054931641,192.5200042724609,196.2100067138672,60056900,0.0065,201.7565010070801,202.4623819986979,39.69,0.01846348530136399
AMZN,2025-03-24,200.0,203.63999938964844,199.9499969482422,203.25999450683597,41625400,0.0359,201.28400039672852,202.4986371127042,49.44,0.020278972126967276
AMZN,2025-03-25,203.6000061035156,206.2100067138672,203.22000122070312,205.7100067138672,31171200,0.0121,200.92950057983398,202.63826187797216,47.15,0.02052143680206268
AMZN,2025-03-26,205.83999633789065,206.00999450683597,199.92999267578125,201.1300048828125,32855300,-0.0223,200.26850051879882,202.57541783650717,50.5,0.02091768579330343
AMZN,2025-03-27,200.88999938964844,203.7899932861328,199.27999877929688,201.3600006103516,27317700,0.0011,199.8995002746582,202.52680114746093,52.5,0.020200455310136995
AMZN,2025-03-28,198.4199981689453,199.25999450683597,191.8800048828125,192.72000122070312,52548200,-0.0429,198.9215003967285,202.14961653489334,48.02,0.02168293046809426
AMZN,2025-03-31,188.19000244140625,191.3300018310547,184.3999938964844,190.25999450683597,63547600,-0.0128,198.18349990844726,201.7092601634838,43.19,0.0206487185788215
AMZN,2025-04-01,187.8600006103516,193.92999267578125,187.1999969482422,192.1699981689453,41267300,0.01,197.60199966430665,201.36857223510742,42.71,0.020856883251036535
AMZN,2025-04-02,187.66000366210935,198.33999633789065,187.66000366210935,196.00999450683597,53679200,0.02,196.98449935913087,201.18379369275323,52.36,0.020711082718400334
AMZN,2025-04-03,183.0,184.1300048828125,176.9199981689453,178.41000366210938,95553600,-0.0898,195.86999969482423,200.42466735839844,33.29,0.027546401044897237
AMZN,2025-04-04,167.14999389648438,178.13999938964844,166.0,171.0,123159400,-0.0415,194.4574996948242,199.4754845403856,30.57,0.028701334555437625
AMZN,2025-04-07,162.0,183.41000366210935,161.3800048828125,175.25999450683594,109327100,0.0249,193.49349975585938,198.71875047683716,36.49,0.029287017062532204
AMZN,2025-04-08,185.22999572753903,185.8999938964844,168.57000732421875,170.66000366210938,87710400,-0.0262,192.1970001220703,197.8684854218454,31.4,0.029427983012950895
AMZN,2025-04-09,172.1199951171875,192.6499938964844,169.92999267578125,191.1000061035156,116804300,0.1198,191.80750045776367,197.66941250071807,47.78,0.04072844085816252
AMZN,2025-04-10,185.44000244140625,186.8699951171875,175.85000610351562,181.22000122070312,68302000,-0.0517,191.17400054931642,197.19942932128907,42.14,0.04196484117373545
AMZN,2025-04-11,179.92999267578125,185.8600006103516,178.0,184.8699951171875,50594300,0.0201,190.52000045776367,196.8569450378418,40.0,0.04194168758997111
AMZN,2025-04-14,186.83999633789065,187.44000244140625,179.22999572753906,182.1199951171875,48002500,-0.0149,189.83899993896483,196.45864909404034,37.21,0.041989796692956126
AMZN,2025-04-15,181.41000366210935,182.3500061035156,177.92999267578125,179.58999633789062,43642000,-0.0139,189.17749938964843,196.01473717940482,38.06,0.0419751916079762
AMZN,2025-04-16,176.2899932861328,179.10000610351562,171.41000366210938,174.3300018310547,51875300,-0.0293,188.11699981689452,195.4587183243189,35.81,0.04218093202284404
AMZN,2025-04-17,176.0,176.2100067138672,172.0,172.61000061035156,44726500,-0.0099,187.0,194.88750038146972,38.61,0.04219283301574732
AMZN,2025-04-21,169.60000610351562,169.60000610351562,165.2899932861328,167.32000732421875,48126100,-0.0306,185.55550003051758,194.21512250202457,37.41,0.04246419513450188
AMZN,2025-04-22,169.85000610351562,176.77999877929688,169.35000610351562,173.17999267578125,56607200,0.035,184.05149993896484,193.7142860775902,40.01,0.04241668489986856
AMZN,2025-04-23,183.4499969482422,187.3800048828125,180.19000244140625,180.6000061035156,63470100,0.0428,182.79599990844727,193.40930282237917,42.19,0.04368609889704167
AMZN,2025-04-24,180.9199981689453,186.7400054931641,180.17999267578125,186.5399932861328,43763200,0.0329,182.06649932861328,193.25318215110084,54.67,0.04431501438564587
AMZN,2025-04-25,187.6199951171875,189.94000244140625,185.4900054931641,188.9900054931641,36414300,0.0131,181.4479995727539,193.1584448920356,60.96,0.044452262685882905
AMZN,2025-04-28,190.1100006103516,190.22000122070312,184.88999938964844,187.6999969482422,33224700,-0.0068,181.19699935913087,193.039782980214,57.87,0.043435874089221886
AMZN,2025-04-29,183.9900054931641,188.0200042724609,183.67999267578125,187.38999938964844,41667300,-0.0017,181.0534996032715,192.9195748187126,61.18,0.04334044270290985
AMZN,2025-04-30,182.1699981689453,185.0500030517578,178.85000610351562,184.4199981689453,55176500,-0.0158,180.66599960327147,192.74250030517578,44.17,0.0434146334170501
AMZN,2025-05-01,190.6300048828125,191.80999755859372,187.5,190.1999969482422,74266000,0.0313,180.3754997253418,192.6906124815649,58.44,0.043776728977848504
AMZN,2025-05-02,191.44000244140625,192.8800048828125,186.3999938964844,189.97999572753903,77903500,-0.0012,180.9539993286133,192.63640014648436,55.13,0.03843287518176129
AMZN,2025-05-05,186.50999450683597,188.17999267578125,185.52999877929688,186.3500061035156,35217500,-0.0191,181.72149963378905,192.0318002319336,54.17,0.03735390348093702
AMZN,2025-05-06,184.57000732421875,187.92999267578125,183.8500061035156,185.00999450683597,29314100,-0.0072,182.20899963378906,191.47779998779296,55.48,0.03714015099308934
AMZN,2025-05-07,185.55999755859372,190.9900054931641,185.00999450683597,188.7100067138672,43948600,0.02,183.11149978637695,190.99600006103515,65.0,0.03663986145400146
AMZN,2025-05-08,191.42999267578125,194.3300018310547,188.82000732421875,192.0800018310547,41043600,0.0179,183.1604995727539,190.55059997558592,69.64,0.02524276863620656
AMZN,2025-05-09,193.3800048828125,194.69000244140625,191.16000366210935,193.05999755859372,29663100,0.0051,183.75249938964845,190.23699981689452,78.44,0.022047888071673745
AMZN,2025-05-12,210.7100067138672,211.66000366210935,205.75,208.63999938964844,75205000,0.0807,184.94099960327148,190.16419982910156,82.25,0.02786251207173124
AMZN,2025-05-13,211.0800018310547,214.83999633789065,210.1000061035156,211.3699951171875,56193700,0.0131,186.40349960327148,190.2911996459961,80.59,0.027435044818817537
AMZN,2025-05-14,211.4499969482422,211.92999267578125,208.8500061035156,210.25,38492100,-0.0053,187.93649978637694,190.42019958496093,76.07,0.027142537987834767
AMZN,2025-05-15,206.4499969482422,206.8800048828125,202.6699981689453,205.1699981689453,64347300,-0.0242,189.47849960327147,190.3563995361328,66.82,0.026792899196772673
AMZN,2025-05-16,206.8500061035156,206.8500061035156,204.3699951171875,205.58999633789065,43318500,0.002,191.12749938964845,190.45419952392578,68.94,0.026493117278982018
AMZN,2025-05-19,201.6499938964844,206.6199951171875,201.25999450683597,206.16000366210935,34314800,0.0028,193.06949920654296,190.59239959716797,69.76,0.024861343910831377
AMZN,2025-05-20,204.6300048828125,205.58999633789065,202.6499938964844,204.07000732421875,29470400,-0.0101,194.61399993896484,190.78299987792968,71.08,0.024591831656274144
AMZN,2025-05-21,201.6100006103516,203.4600067138672,200.05999755859372,201.1199951171875,42460900,-0.0145,195.63999938964844,190.87359985351563,62.47,0.02370928088323222
AMZN,2025-05-22,201.3800048828125,205.75999450683597,200.16000366210935,203.1000061035156,38938900,0.0098,196.46800003051757,190.95779998779298,64.4,0.022859351996157094
AMZN,2025-05-23,198.8999938964844,202.3699951171875,197.8500061035156,200.9900054931641,33393500,-0.0104,197.06800003051757,191.09980010986328,66.63,0.02299731334422855
AMZN,2025-05-27,203.08999633789065,206.69000244140625,202.19000244140625,206.0200042724609,34892000,0.025,197.9840003967285,191.26120025634765,72.02,0.02335729120920446
AMZN,2025-05-28,205.9199981689453,207.66000366210935,204.41000366210935,204.72000122070312,28549800,-0.0063,198.85050048828126,191.44080017089843,67.67,0.02344827678552365
AMZN,2025-05-29,208.02999877929688,208.80999755859372,204.22999572753903,205.6999969482422,34650000,0.0048,199.91450042724608,191.6983999633789,65.87,0.022948429598833826
AMZN,2025-05-30,204.83999633789065,205.9900054931641,201.6999969482422,205.00999450683597,51679400,-0.0034,200.65500030517578,191.88779998779296,64.02,0.022211800443623867
AMZN,2025-06-02,204.97999572753903,207.0,202.67999267578125,206.6499938964844,29113300,0.008,201.48850021362304,192.1217999267578,46.53,0.02219424474948406
AMZN,2025-06-03,207.1100006103516,208.9499969482422,205.02999877929688,205.7100067138672,33139100,-0.0045,202.4565002441406,192.3117999267578,39.48,0.0216118699110612
AMZN,2025-06-04,206.5500030517578,208.17999267578125,205.17999267578125,207.22999572753903,29915600,0.0074,203.56750030517577,192.39119995117187,44.47,0.021417933336833728
AMZN,2025-06-05,209.5500030517578,212.80999755859372,207.55999755859372,207.91000366210935,51864200,0.0033,204.5275001525879,192.43519989013672,55.98,0.021163110904540847
AMZN,2025-06-06,212.3999938964844,213.8699951171875,210.5,213.57000732421875,39832500,0.0272,205.60200042724608,192.68399993896483,64.18,0.021558558564255217
AMZN,2025-06-09,214.75,217.8500061035156,212.8800048828125,216.97999572753903,38102500,0.016,206.79800033569336,192.9963998413086,67.46,0.02168465622945115
AMZN,2025-06-10,216.77999877929688,217.69000244140625,214.1499938964844,217.6100006103516,31303300,0.0029,207.24650039672852,193.49419982910158,72.93,0.01271557685426985
AMZN,2025-06-11,217.41000366210935,218.3999938964844,212.88999938964844,213.1999969482422,39326000,-0.0203,207.33800048828124,193.9529998779297,69.5,0.013381758990663805
AMZN,2025-06-12,211.77999877929688,213.5800018310547,211.3300018310547,213.2400054931641,27640000,0.0002,207.48750076293945,194.37440002441406,67.46,0.013312411106696084
AMZN,2025-06-13,209.9600067138672,214.0500030517578,209.6199951171875,212.1000061035156,29337800,-0.0053,207.83400115966796,194.69620025634765,69.79,0.01205710535218488
AMZN,2025-06-16,212.30999755859372,217.05999755859372,211.6000061035156,216.1000061035156,33284200,0.0189,208.35950164794923,195.4500003051758,68.64,0.01265443026228992
AMZN,2025-06-17,215.1999969482422,217.41000366210935,214.55999755859372,214.82000732421875,32086300,-0.0059,208.7925018310547,196.32640045166016,68.69,0.012795040157482116
AMZN,2025-06-18,215.08999633789065,217.9600067138672,212.33999633789065,212.5200042724609,44360500,-0.0107,209.2150016784668,197.07160064697266,62.03,0.012825915377202476
AMZN,2025-06-20,214.67999267578125,214.88999938964844,208.2700042724609,209.69000244140625,75350700,-0.0133,209.64350204467775,197.8522006225586,57.68,0.012746685843779198
AMZN,2025-06-23,209.7899932861328,210.38999938964844,207.30999755859372,208.47000122070312,37311700,-0.0058,209.9120018005371,198.19960052490234,53.03,0.01273250709177522
AMZN,2025-06-24,212.13999938964844,214.33999633789065,211.0500030517578,212.7700042724609,38378800,0.0206,210.50100173950196,198.8306005859375,60.56,0.013103209731327623
AMZN,2025-06-25,214.6199951171875,216.02999877929688,211.1100006103516,211.9900054931641,31755700,-0.0037,210.79950180053712,199.37300079345704,57.28,0.012092732702351745
AMZN,2025-06-26,213.1199951171875,218.0399932861328,212.00999450683597,217.1199951171875,50480800,0.0242,211.41950149536132,200.07300079345703,62.4,0.01294946046427381
AMZN,2025-06-27,219.9199981689453,223.3000030517578,216.7400054931641,223.3000030517578,119217100,0.0285,212.29950180053712,200.94720092773437,62.92,0.014148805975286989
AMZN,2025-06-30,223.5200042724609,223.82000732421875,219.1199951171875,219.38999938964844,58887800,-0.0175,213.01850204467775,201.84840087890626,53.16,0.01488057370144752
AMZN,2025-07-01,219.5,221.8800048828125,217.92999267578125,220.4600067138672,39256800,0.0049,213.70900268554686,202.80540100097656,53.69,0.014847451491399953
AMZN,2025-07-02,219.72999572753903,221.6000061035156,219.05999755859372,219.9199981689453,30894200,-0.0024,214.41950225830078,203.85740081787108,59.68,0.014796315330798478
AMZN,2025-07-03,221.82000732421875,224.00999450683597,221.3600006103516,223.41000366210935,29632400,0.0159,215.2285026550293,204.86200103759765,63.32,0.015035581482813254
AMZN,2025-07-07,223.0,224.2899932861328,222.3699951171875,223.47000122070312,36604100,0.0003,216.006502532959,205.7194009399414,65.33,0.015056674512269368
AMZN,2025-07-08,223.9199981689453,224.0,218.42999267578125,219.3600006103516,45692000,-0.0184,216.29600219726564,206.37580108642578,54.38,0.014766158856263943
AMZN,2025-07-09,221.07000732421875,224.2899932861328,220.47000122070312,222.5399932861328,38155100,0.0145,216.57400207519532,207.04680084228517,59.87,0.014692017166510989
AMZN,2025-07-10,221.5500030517578,222.7899932861328,219.6999969482422,222.25999450683597,30370600,-0.0013,216.80650177001954,207.73800079345702,63.13,0.014699162167315986
AMZN,2025-07-11,223.5800018310547,226.67999267578125,222.3699951171875,225.0200042724609,50518300,0.0124,217.39750213623046,208.49060089111327,70.71,0.013986703272074288
AMZN,2025-07-14,225.07000732421875,226.66000366210935,224.2400054931641,225.69000244140625,35702600,0.003,218.02000198364257,209.3160009765625,73.61,0.01397326300286978
AMZN,2025-07-15,226.1999969482422,227.2700042724609,225.4600067138672,226.3500061035156,34907300,0.0029,218.73250198364258,210.03900115966798,70.69,0.013838256469124429
AMZN,2025-07-16,225.8800048828125,226.1000061035156,222.17999267578125,223.19000244140625,39535900,-0.014,219.0870018005371,210.7032012939453,65.91,0.013848575834055282
AMZN,2025-07-17,223.32000732421875,224.5,222.50999450683597,223.8800048828125,31855800,0.0031,219.5400016784668,211.45380126953125,60.99,0.01373402996018901
AMZN,2025-07-18,225.13999938964844,226.3999938964844,222.97999572753903,226.1300048828125,37833800,0.0101,220.2205017089844,212.2762014770508,55.27,0.013494404298390574
AMZN,2025-07-21,225.83999633789065,229.69000244140625,225.6499938964844,229.3000030517578,40297600,0.014,221.20100173950195,213.0880014038086,68.99,0.013112881372708966
AMZN,2025-07-22,229.67999267578125,230.0,226.3500061035156,227.47000122070312,37483700,-0.008,222.15100173950196,213.79580139160157,63.05,0.013213249928924052
AMZN,2025-07-23,228.47000122070312,228.7899932861328,227.08999633789065,228.2899932861328,28294900,0.0036,222.92700119018554,214.50040130615236,65.43,0.012654995893031042
AMZN,2025-07-24,229.1699981689453,236.0,228.63999938964844,232.22999572753903,42902300,0.0173,223.9390007019043,214.97220123291015,65.99,0.012886078779667243
AMZN,2025-07-25,232.22000122070312,232.47999572753903,231.17999267578125,231.44000244140625,28712100,-0.0034,224.65500106811524,215.37360137939453,64.08,0.012139013876536174
AMZN,2025-07-28,233.3500061035156,234.2899932861328,232.25,232.7899932861328,26300100,0.0058,225.12950057983397,215.8244012451172,76.28,0.010622884928800052
AMZN,2025-07-29,234.1499938964844,234.72000122070312,230.30999755859372,231.00999450683597,33716200,-0.0076,225.71050033569335,216.341201171875,67.54,0.009863023717000086
AMZN,2025-07-30,231.63999938964844,231.8000030517578,229.2899932861328,230.19000244140625,32993300,-0.0035,226.1970001220703,216.8332012939453,66.06,0.009940045271526731
AMZN,2025-07-31,235.7700042724609,236.52999877929688,231.3999938964844,234.1100006103516,104357300,0.017,226.90650024414063,217.39220123291017,67.58,0.010401835617357509
AMZN,2025-08-01,217.2100067138672,220.44000244140625,212.8000030517578,214.75,122258800,-0.0827,226.47350006103517,217.60580108642577,37.72,0.021501810817255686
AMZN,2025-08-04,217.3999938964844,217.44000244140625,211.4199981689453,211.6499938964844,77890100,-0.0144,225.88249969482422,217.81640106201172,34.36,0.02167874535114984
AMZN,2025-08-05,213.0500030517578,216.3000030517578,212.8699951171875,213.75,51505100,0.0099,225.60199966430665,218.0294009399414,39.72,0.021507851075705766
AMZN,2025-08-06,214.6999969482422,222.6499938964844,213.7400054931641,222.30999755859372,54823000,0.04,225.5904998779297,218.45580078125,48.54,0.023170668845263035
AMZN,2025-08-07,221.0,226.22000122070312,220.82000732421875,223.1300048828125,40603500,0.0037,225.6340003967285,218.79800079345702,47.14,0.02318049088985688
AMZN,2025-08-08,223.13999938964844,223.8000030517578,221.8800048828125,222.69000244140625,32970500,-0.002,225.5175003051758,219.1574008178711,43.34,0.023013140411055337
AMZN,2025-08-11,221.77999877929688,223.0500030517578,220.3999938964844,221.3000030517578,31646200,-0.0062,225.29800033569336,219.4694009399414,43.73,0.0230364836497971
AMZN,2025-08-12,222.22999572753903,223.5,219.0500030517578,221.47000122070312,37185800,0.0008,225.05400009155272,219.79860107421874,42.97,0.02302389776777715
AMZN,2025-08-13,222.0,224.9199981689453,222.0,224.55999755859372,36508300,0.014,225.12249984741212,220.15680114746092,41.96,0.023031897218285885
AMZN,2025-08-14,227.3999938964844,233.1100006103516,227.0200042724609,230.97999572753903,61545800,0.0286,225.47749938964844,220.66220092773438,49.57,0.02386961292213664
AMZN,2025-08-15,232.5800018310547,234.0800018310547,229.80999755859372,231.02999877929688,39649200,0.0002,225.72249908447264,221.13820098876954,48.31,0.023792048096613703
AMZN,2025-08-18,230.22999572753903,231.91000366210935,228.3300018310547,231.4900054931641,25248900,0.002,225.83199920654297,221.60980102539062,50.47,0.023606967637810502
AMZN,2025-08-19,230.08999633789065,230.52999877929688,227.1199951171875,228.00999450683597,29891000,-0.015,225.8589988708496,221.89860076904296,47.96,0.02379474676654936
AMZN,2025-08-20,227.1199951171875,227.2700042724609,220.9199981689453,223.80999755859372,36604300,-0.0184,225.63499908447267,222.03520080566406,40.4,0.024145207108571057
AMZN,2025-08-21,222.6499938964844,222.77999877929688,220.5,221.9499969482422,32140500,-0.0083,225.12099914550782,222.12200073242187,59.96,0.0238173725847774
AMZN,2025-08-22,222.7899932861328,229.13999938964844,220.82000732421875,228.83999633789065,37315300,0.031,224.99099884033203,222.43480072021484,71.53,0.024925393413988594
AMZN,2025-08-25,227.3500061035156,229.6000061035156,227.30999755859372,227.94000244140625,22633700,-0.0039,224.7484992980957,222.72880065917968,68.32,0.024895727809363104
AMZN,2025-08-26,227.1100006103516,229.0,226.0200042724609,228.7100067138672,26105400,0.0034,224.63349990844728,223.06100067138672,60.34,0.024857676988470957
AMZN,2025-08-27,228.57000732421875,229.8699951171875,227.80999755859372,229.1199951171875,21254500,0.0018,224.57999954223632,223.32140045166017,59.81,0.02484878213684146
AMZN,2025-08-28,229.00999450683597,232.7100067138672,228.0200042724609,231.6000061035156,33679600,0.0108,224.45449981689453,223.6570004272461,63.68,0.024664512648956336
AMZN,2025-08-29,231.32000732421875,231.80999755859372,228.16000366210935,229.0,26199200,-0.0112,225.16699981689453,223.98660034179687,61.4,0.015597854103420116
AMZN,2025-09-02,223.5200042724609,226.1699981689453,221.8300018310547,225.33999633789065,38843900,-0.016,225.85149993896485,224.29960021972656,55.19,0.015697415140884307
AMZN,2025-09-03,225.2100067138672,227.1699981689453,224.3600006103516,225.9900054931641,29223100,0.0029,226.46350021362304,224.65000030517578,52.05,0.015619417739669957
AMZN,2025-09-04,231.19000244140625,235.7700042724609,230.77999877929688,235.67999267578125,59391800,0.0429,227.13199996948242,225.1082000732422,56.17,0.015990901195762304
AMZN,2025-09-05,235.19000244140625,236.0,231.92999267578125,232.3300018310547,36721800,-0.0142,227.59199981689454,225.515,51.57,0.016447313010433
AMZN,2025-09-08,234.94000244140625,237.6000061035156,233.75,235.83999633789065,33947100,0.0151,228.24949951171874,225.88940002441407,54.89,0.0166627310265502
AMZN,2025-09-09,236.3600006103516,238.8500061035156,235.0800018310547,238.2400054931641,27033800,0.0102,229.09649963378905,226.1882000732422,61.79,0.016588749358018483
AMZN,2025-09-10,237.5200042724609,237.67999267578125,229.1000061035156,230.3300018310547,60907700,-0.0332,229.53949966430665,226.40700012207031,56.92,0.018543158051591874
AMZN,2025-09-11,231.4900054931641,231.52999877929688,229.33999633789065,229.9499969482422,37485600,-0.0016,229.80899963378906,226.59679992675783,58.77,0.01834483937184919
AMZN,2025-09-12,230.3500061035156,230.7899932861328,226.2899932861328,228.1499938964844,38496200,-0.0078,229.66749954223633,226.7613998413086,49.15,0.01727396199943416
AMZN,2025-09-15,230.6300048828125,233.72999572753903,230.32000732421875,231.42999267578125,33243300,0.0144,229.68749923706054,226.92179962158204,54.07,0.01759163901283492
AMZN,2025-09-16,232.94000244140625,235.8999938964844,232.22999572753903,234.0500030517578,38203900,0.0113,229.81549911499025,227.13339965820313,55.97,0.017762553751909507
AMZN,2025-09-17,233.7700042724609,234.3000030517578,228.7100067138672,231.6199951171875,42815200,-0.0104,229.99599914550782,227.37859954833985,52.67,0.01757724006836834
AMZN,2025-09-18,232.5,233.47999572753903,228.7899932861328,231.22999572753903,37931700,-0.0017,230.36699905395508,227.55239959716798,49.59,0.016997240488106507
AMZN,2025-09-19,232.3699951171875,234.16000366210935,229.6999969482422,231.47999572753903,97943200,0.0011,230.84349899291993,227.73679962158204,52.93,0.01683315884919126
AMZN,2025-09-22,230.55999755859372,230.57000732421875,227.50999450683597,227.6300048828125,45914500,-0.0166,230.78299942016602,227.78899963378908,52.69,0.01589231111675013
AMZN,2025-09-23,227.8300018310547,227.8600006103516,220.07000732421875,220.7100067138672,70956200,-0.0304,230.42149963378907,227.68939971923828,44.59,0.01726790146638069
AMZN,2025-09-24,224.1499938964844,224.55999755859372,219.4499969482422,220.2100067138672,49509000,-0.0023,229.99649963378906,227.5665997314453,30.46,0.017230464911099537
AMZN,2025-09-25,220.05999755859372,220.6699981689453,216.47000122070312,218.1499938964844,52226300,-0.0094,229.4479995727539,227.46579956054688,31.49,0.017291083038132104
AMZN,2025-09-26,219.0800018310547,221.0500030517578,218.0200042724609,219.77999877929688,41650100,0.0075,228.85699920654298,227.38379943847656,27.95,0.01717480100244789
AMZN,2025-09-29,220.0800018310547,222.6000061035156,219.3000030517578,222.1699981689453,44259200,0.0109,228.51549911499023,227.30459930419923,27.93,0.017294090107073567
AMZN,2025-09-30,222.02999877929688,222.2400054931641,217.88999938964844,219.57000732421875,48396400,-0.0117,228.22699966430665,227.10999938964844,32.7,0.017128508092466344
AMZN,2025-10-01,217.3600006103516,222.1499938964844,216.6100006103516,220.6300048828125,43933800,0.0048,227.95899963378906,226.97319946289062,35.34,0.017157397514590757
AMZN,2025-10-02,221.00999450683597,222.80999755859372,218.9499969482422,222.41000366210935,41258600,0.0081,227.29550018310547,226.85559967041016,40.96,0.013925307329123017
AMZN,2025-10-03,223.44000244140625,224.1999969482422,219.33999633789065,219.50999450683597,43639000,-0.013,226.65449981689454,226.6011996459961,31.01,0.013876078431299668
AMZN,2025-10-06,221.0,221.72999572753903,216.02999877929688,220.8999938964844,43690900,0.0063,225.90749969482422,226.39039947509767,28.19,0.013412557941210046
AMZN,2025-10-07,220.8800048828125,222.88999938964844,220.1699981689453,221.77999877929688,31194700,0.004,225.08449935913086,226.17019958496093,32.8,0.013156358278714352
AMZN,2025-10-08,222.9199981689453,226.72999572753903,221.19000244140625,225.22000122070312,46686000,0.0155,224.8289993286133,226.0543997192383,40.51,0.01180448175371054
AMZN,2025-10-09,225.0,228.2100067138672,221.75,227.7400054931641,46412100,0.0112,224.71849975585937,226.00539978027345,44.49,0.01211597032193898
AMZN,2025-10-10,226.2100067138672,228.25,216.0,216.3699951171875,72367500,-0.0499,224.12949981689454,225.65059967041014,36.41,0.016375793271263497
AMZN,2025-10-13,217.6999969482422,220.67999267578125,217.0399932861328,220.07000732421875,37809700,0.0171,223.5615005493164,225.75699981689453,49.16,0.01653295274038459
AMZN,2025-10-14,215.55999755859372,219.32000732421875,212.6000061035156,216.38999938964844,45665600,-0.0167,222.67850036621093,225.85179992675782,45.39,0.016499046224427348
AMZN,2025-10-15,216.6199951171875,217.7100067138672,212.66000366210935,215.57000732421875,45909500,-0.0038,221.8760009765625,225.8882000732422,46.79,0.016425509685274717
AMZN,2025-10-16,215.6699981689453,218.58999633789065,212.80999755859372,214.47000122070312,42414600,-0.0051,221.0380012512207,225.73140014648436,43.3,0.01642403886477318
AMZN,2025-10-17,214.55999755859372,214.8000030517578,211.02999877929688,213.0399932861328,45986900,-0.0067,220.1160011291504,225.52959991455077,38.19,0.016398648853199072
AMZN,2025-10-20,213.8800048828125,216.69000244140625,213.58999633789065,216.47999572753903,38882800,0.0161,219.55850067138672,225.40539978027343,46.09,0.016704612505154655
AMZN,2025-10-21,218.42999267578125,223.32000732421875,217.9900054931641,222.02999877929688,50494600,0.0256,219.6245002746582,225.4199996948242,51.59,0.016451263749249455
AMZN,2025-10-22,219.3000030517578,220.00999450683597,216.5200042724609,217.9499969482422,44308500,-0.0184,219.51149978637696,225.349599609375,45.18,0.016977123927276554
AMZN,2025-10-23,219.0,221.3000030517578,218.17999267578125,221.08999633789065,31540000,0.0144,219.65849990844725,225.28019958496094,51.7,0.01714489029296763
AMZN,2025-10-24,221.97000122070312,225.3999938964844,221.8999938964844,224.2100067138672,38685100,0.0141,219.88000030517577,225.1447998046875,53.43,0.017342809825157506
AMZN,2025-10-27,227.66000366210935,228.3999938964844,225.5399932861328,226.97000122070312,38267000,0.0123,220.12000045776367,225.06359985351563,55.17,0.017387045994678146
AMZN,2025-10-28,228.22000122070312,231.4900054931641,226.2100067138672,229.25,47100000,0.01,220.60400009155273,225.01879974365235,54.11,0.017215246455578745
AMZN,2025-10-29,231.6699981689453,232.82000732421875,227.75999450683597,230.3000030517578,52036200,0.0046,221.0875,225.06459991455077,52.69,0.0172137727905364
AMZN,2025-10-30,227.05999755859372,228.44000244140625,222.75,222.8600006103516,102252900,-0.0323,221.1099998474121,225.04559997558593,57.44,0.018793427602559153
AMZN,2025-10-31,250.1000061035156,250.5,243.97999572753903,244.22000122070312,166340800,0.0958,222.34550018310546,225.49100006103515,69.71,0.02816284366249075
AMZN,2025-11-03,255.3600006103516,258.6000061035156,252.8999938964844,254.0,95997800,0.04,224.00050048828126,225.99420013427735,77.92,0.029189740447088972
AMZN,2025-11-04,250.3800048828125,257.010009765625,248.66000366210935,249.32000732421875,51546300,-0.0184,225.37750091552735,226.4218002319336,73.7,0.02975100352133213
AMZN,2025-11-05,249.02999877929688,251.0,246.16000366210935,250.1999969482422,40610700,0.0035,226.6265007019043,226.8516000366211,75.17,0.029675971140939863
AMZN,2025-11-06,249.16000366210935,250.3800048828125,242.1699981689453,243.0399932861328,46004200,-0.0286,227.39150009155273,227.13,69.55,0.03060551377912502
AMZN,2025-11-07,242.8999938964844,244.8999938964844,238.4900054931641,244.41000366210935,46374300,0.0056,228.79350051879882,227.38619995117188,68.71,0.027887093317235687
AMZN,2025-11-10,248.33999633789065,251.75,245.58999633789065,248.3999938964844,36476500,0.0163,230.20999984741212,227.77419982910158,68.04,0.02787159042163866
AMZN,2025-11-11,248.41000366210935,249.75,247.22999572753903,249.1000061035156,23564100,0.0028,231.84550018310546,228.24940002441406,72.34,0.0273567445739476
AMZN,2025-11-12,250.2400054931641,250.3699951171875,243.75,244.1999969482422,31190100,-0.0197,233.27699966430663,228.61359985351564,66.17,0.0279241920205402
AMZN,2025-11-13,243.0500030517578,243.75,236.5,237.5800018310547,41401700,-0.0271,234.43249969482423,228.6516000366211,58.92,0.028827827838648158
AMZN,2025-11-14,235.05999755859372,238.72999572753903,232.88999938964844,234.69000244140625,38956700,-0.0122,235.5150001525879,228.69880004882813,55.14,0.028976135371243564
AMZN,2025-11-17,233.25,234.6000061035156,229.19000244140625,232.8699951171875,59919000,-0.0078,236.33450012207032,228.63940002441407,52.42,0.028996640004989343
AMZN,2025-11-18,228.1000061035156,230.1999969482422,222.4199981689453,222.5500030517578,60608400,-0.0443,236.36050033569336,228.32559997558593,45.38,0.03043614713842046
AMZN,2025-11-19,223.7400054931641,223.7400054931641,218.5200042724609,222.69000244140625,58335600,0.0006,236.59750061035157,228.17279998779296,49.89,0.030108953031143075
AMZN,2025-11-20,227.0500030517578,227.41000366210935,216.7400054931641,217.13999938964844,50309000,-0.0249,236.40000076293944,227.9166000366211,27.73,0.030501238542583475
AMZN,2025-11-21,216.3500061035156,222.2100067138672,215.17999267578125,220.69000244140625,68490500,0.0163,236.2240005493164,227.76740020751953,19.48,0.03056051589189797
AMZN,2025-11-24,222.55999755859372,227.3300018310547,222.2700042724609,226.27999877929688,54318400,0.0253,236.1895004272461,227.66440032958985,29.24,0.030979668629942662
AMZN,2025-11-25,226.3800048828125,230.5200042724609,223.8000030517578,229.6699981689453,39379300,0.015,236.21050033569335,227.5768002319336,32.3,0.031082282565372914
AMZN,2025-11-26,230.7400054931641,231.75,228.7700042724609,229.16000366210935,38497900,-0.0022,236.15350036621095,227.52760040283204,36.48,0.031072551349517825
AMZN,2025-11-28,231.2400054931641,233.2899932861328,230.22000122070312,233.22000122070312,20292300,0.0177,236.6715003967285,227.56740051269531,39.64,0.03032374916064792
AMZN,2025-12-01,233.22000122070312,235.8000030517578,232.25,233.8800048828125,42904000,0.0028,236.15450057983398,227.6154006958008,35.68,0.020986493777013643
AMZN,2025-12-02,235.00999450683597,238.97000122070312,233.5500030517578,234.4199981689453,45785400,0.0023,235.17550048828124,227.75120056152343,35.48,0.018573169669686113
AMZN,2025-12-03,233.3500061035156,233.3800048828125,230.6100006103516,232.3800048828125,35495100,-0.0087,234.32850036621093,227.98460052490233,37.6,0.01829783636907584
AMZN,2025-12-04,232.7700042724609,233.5,226.8000030517578,229.1100006103516,45683200,-0.0141,233.2740005493164,228.16260040283203,40.45,0.0183733638727371
AMZN,2025-12-05,230.32000732421875,231.2400054931641,228.5500030517578,229.52999877929688,33117400,0.0018,232.5985008239746,228.39020050048828,43.84,0.0174886391694723
AMZN,2025-12-08,229.58999633789065,230.8300018310547,226.2700042724609,226.88999938964844,35019200,-0.0115,231.72250061035157,228.53240051269532,42.99,0.0174782150118369
AMZN,2025-12-09,226.83999633789065,228.57000732421875,225.1100006103516,227.9199981689453,25841700,0.0045,230.6985008239746,228.6474005126953,58.04,0.016963400230154975
AMZN,2025-12-10,228.80999755859372,232.4199981689453,228.4600067138672,231.77999877929688,38790700,0.0169,229.83250045776367,228.89160034179687,62.25,0.017551136565386382
AMZN,2025-12-11,230.7100067138672,232.1100006103516,228.69000244140625,230.27999877929688,28249600,-0.0065,229.1365005493164,229.08460021972655,69.87,0.017152151161696456
AMZN,2025-12-12,229.8699951171875,230.0800018310547,225.1199951171875,226.19000244140625,35639100,-0.0178,228.56700057983397,229.1602001953125,58.18,0.01657520024488077
AMZN,2025-12-15,227.92999267578125,227.92999267578125,221.5,222.5399932861328,47286100,-0.0161,227.95950012207032,229.22080017089843,44.09,0.016719615803946566
AMZN,2025-12-16,223.0399932861328,223.66000366210935,221.1300048828125,222.55999755859372,39298900,0.0001,227.44400024414062,229.25400024414063,37.43,0.016681960000961667
AMZN,2025-12-17,224.66000366210935,225.19000244140625,220.9900054931641,221.2700042724609,44034400,-0.0058,227.38000030517577,229.2438003540039,36.43,0.013473727847380025
AMZN,2025-12-18,225.7100067138672,229.22999572753903,224.41000366210935,226.75999450683597,50272400,0.0248,227.58349990844727,229.27460021972655,39.41,0.01459107423627273
AMZN,2025-12-19,226.75999450683597,229.1300048828125,225.5800018310547,227.3500061035156,85544400,0.0026,228.09400024414063,229.2668002319336,39.27,0.013257176805116013
AMZN,2025-12-22,228.6100006103516,229.47999572753903,226.7100067138672,228.42999267578125,32261300,0.0048,228.4809997558594,229.50800018310548,40.33,0.012864781586298255
AMZN,2025-12-23,229.05999755859372,232.4499969482422,228.72999572753903,232.13999938964844,29230200,0.0162,228.77399978637695,229.74940002441406,49.63,0.012129624457240421
AMZN,2025-12-24,232.1300048828125,232.9499969482422,231.3300018310547,232.3800048828125,11420500,0.001,228.9095001220703,230.06920013427734,55.52,0.011696036215654237
AMZN,2025-12-26,232.0399932861328,232.9900054931641,231.17999267578125,232.5200042724609,15994700,0.0006,229.0775001525879,230.4082000732422,55.1,0.011676994927048507
AMZN,2025-12-29,231.94000244140625,232.6000061035156,230.7700042724609,232.07000732421875,19797900,-0.0019,229.02000045776367,230.7602001953125,59.54,0.01098415126203974
AMZN,2025-12-30,231.2100067138672,232.7700042724609,230.1999969482422,232.52999877929688,21910500,0.002,228.9525001525879,231.15000030517578,58.68,0.010974103488140697
AMZN,2025-12-31,232.91000366210935,232.9900054931641,230.1199951171875,230.82000732421875,24383700,-0.0074,228.77250061035156,231.43680053710938,48.03,0.01106986782595941
AMZN,2026-01-02,231.33999633789065,235.4600067138672,224.6999969482422,226.5,51456200,-0.0187,228.47850036621094,231.52620056152344,43.06,0.011659189960126586
AMZN,2026-01-05,228.83999633789065,234.0,227.17999267578125,233.05999755859372,49733300,0.029,228.67600021362304,231.82840057373048,61.56,0.013053940723821806
AMZN,2026-01-06,232.1000061035156,243.17999267578125,232.07000732421875,240.92999267578125,53764700,0.0338,229.24599990844726,232.22520050048828,77.1,0.014984521838778936
AMZN,2026-01-07,239.6100006103516,245.2899932861328,239.5200042724609,241.55999755859372,42236500,0.0026,229.97949981689453,232.57220031738282,77.5,0.01461687111021481
AMZN,2026-01-08,243.05999755859372,246.41000366210935,241.8800048828125,246.2899932861328,39509800,0.0196,230.89799957275392,232.9586001586914,82.94,0.015068646431022218
AMZN,2026-01-09,244.57000732421875,247.8600006103516,242.2400054931641,247.3800048828125,34560000,0.0044,231.6779998779297,233.32120025634765,80.7,0.014761089497658888
AMZN,2026-01-12,246.72999572753903,248.94000244140625,245.9600067138672,246.47000122070312,35867800,-0.0037,232.4875,233.64460021972656,78.2,0.014675632327451076
AMZN,2026-01-13,246.52999877929688,247.66000366210935,240.25,242.6000061035156,38371800,-0.0157,233.30800018310546,234.03940032958985,69.31,0.01452188548001731
AMZN,2026-01-14,241.1499938964844,241.27999877929688,236.22000122070312,236.6499938964844,41410600,-0.0245,234.01350021362305,233.88800018310548,55.79,0.015226324158128968
AMZN,2026-01-15,239.30999755859372,240.6499938964844,236.6300048828125,238.17999267578125,43003600,0.0065,234.79449996948242,233.5716000366211,57.21,0.015225218000340603
AMZN,2026-01-16,239.08999633789065,239.57000732421875,236.41000366210935,239.1199951171875,45888300,0.0039,235.68699951171874,233.36759979248046,58.04,0.015066710429217636
AMZN,2026-01-20,233.75999450683597,235.08999633789065,229.33999633789065,231.0,47737900,-0.034,235.89899978637695,232.9835998535156,48.9,0.016465289646948076
AMZN,2026-01-21,231.08999633789065,232.3000030517578,226.8800048828125,231.30999755859372,47276100,0.0013,236.09699935913085,232.74899993896486,48.74,0.016461434995323584
AMZN,2026-01-22,234.0500030517578,235.72000122070312,230.8999938964844,234.33999633789065,31913300,0.0131,236.39249954223632,232.54759979248047,53.53,0.016665895683921978
AMZN,2026-01-23,234.9600067138672,240.4499969482422,234.57000732421875,239.16000366210935,33778500,0.0206,236.74349975585938,232.36279998779298,62.57,0.01689889049612432
AMZN,2026-01-26,239.97999572753903,240.9499969482422,237.5399932861328,238.4199981689453,32825500,-0.0031,237.045499420166,232.14919982910158,56.02,0.016931708030854597
AMZN,2026-01-27,239.69000244140625,244.8800048828125,238.0800018310547,244.67999267578125,38029200,0.0263,237.65349884033202,232.15879974365234,54.37,0.01781821879573355
AMZN,2026-01-28,246.3699951171875,247.77999877929688,241.52999877929688,243.00999450683597,40882700,-0.0068,238.20049819946288,232.26739959716798,51.65,0.017918276467867887
AMZN,2026-01-29,242.82000732421875,243.0,236.7400054931641,241.72999572753903,47229600,-0.0053,238.660498046875,232.40819946289062,44.37,0.018002294444407877
AMZN,2026-01-30,239.88999938964844,243.32000732421875,237.63999938964844,239.3000030517578,46585000,-0.0101,239.08449783325196,232.53679962158202,40.35,0.01808716904909464
AMZN,2026-02-02,238.30999755859372,245.6300048828125,238.1699981689453,242.9600067138672,37546100,0.0153,239.90749816894532,232.94499969482422,46.07,0.017635323404433165
AMZN,2026-02-03,244.97999572753903,246.3500061035156,235.4499969482422,238.6199951171875,53831300,-0.0179,240.185498046875,233.26359954833984,45.59,0.017201324153435973
AMZN,2026-02-04,238.8600006103516,238.8600006103516,231.82000732421875,232.9900054931641,51299900,-0.0236,239.78849868774415,233.58059967041015,45.91,0.01625871345334235
AMZN,2026-02-05,224.91000366210935,226.30999755859372,220.3800048828125,222.69000244140625,103509200,-0.0442,238.84499893188476,233.62059967041014,35.53,0.018798641468271916
AMZN,2026-02-06,202.6999969482422,211.44000244140625,200.30999755859372,210.32000732421875,179210900,-0.0555,237.04649963378907,233.30139984130858,27.83,0.021205076353503084
AMZN,2026-02-09,208.97000122070312,212.80999755859372,203.3500061035156,208.72000122070312,91178400,-0.0076,235.1134994506836,232.88239990234376,30.94,0.021015094825537112
AMZN,2026-02-10,208.8000030517578,212.6499938964844,206.41000366210935,206.9600067138672,67175000,-0.0084,233.13799972534179,232.4383999633789,29.67,0.0209877978333778
AMZN,2026-02-11,208.05999755859372,208.57000732421875,202.4900054931641,204.0800018310547,65545500,-0.0139,231.21199951171874,231.85559997558593,24.67,0.020959069761398257
AMZN,2026-02-12,203.9600067138672,203.9600067138672,197.55999755859372,199.6000061035156,83975400,-0.022,229.3595001220703,231.17,16.7,0.020865209018086115
AMZN,2026-02-13,198.8800048828125,201.16000366210935,197.27999877929688,198.7899932861328,66321600,-0.0041,227.3900001525879,230.45739990234375,16.68,0.02060327005215692
AMZN,2026-02-17,198.1300048828125,201.7400054931641,196.0,201.1499938964844,69879200,0.0119,225.49150009155272,229.83279968261718,10.83,0.020937752355117096
AMZN,2026-02-18,202.07000732421875,206.8600006103516,201.50999450683597,204.7899932861328,51003300,0.0181,224.18099975585938,229.34639953613282,16.79,0.02082580572776303
AMZN,2026-02-19,203.8000030517578,205.63999938964844,202.80999755859372,204.8600006103516,35669600,0.0003,222.85849990844727,228.8529995727539,17.27,0.020809068746709073
AMZN,2026-02-20,204.75999450683597,211.1699981689453,203.75,210.1100006103516,65790900,0.0256,221.64700012207032,228.51739959716798,25.33,0.02158141500653309
JNJ,2025-02-21,156.37308919366578,159.92345618086694,155.78624402806446,158.74000549316406,12546900,,158.74000549316406,158.74000549316406,,
JNJ,2025-02-24,159.11166045689302,161.2536259138946,158.4954894483981,160.14842224121094,10201900,0.0089,159.4442138671875,159.4442138671875,,
JNJ,2025-02-25,160.50052841941465,162.7794075306249,160.3440343830805,162.44686889648438,12303700,0.0144,160.44509887695312,160.44509887695312,,0.0038890872965260106
JNJ,2025-02-26,161.4590298711609,161.50793612351046,158.9943010088537,159.50289916992188,11396400,-0.0181,160.2095489501953,160.2095489501953,,0.01739492263085218
JNJ,2025-02-27,158.74979030117842,160.3538169361167,158.18251058680966,160.13864135742188,8364600,0.004,160.19536743164062,160.19536743164062,,0.01424804080098968
JNJ,2025-02-28,160.70591189810517,162.30016316085826,159.13122612068747,161.4003448486328,12037200,0.0079,160.3961970011393,160.3961970011393,,0.012590750573337557
JNJ,2025-03-03,161.34167484264077,163.65968506337975,161.22429684633565,163.61077880859375,9191500,0.0137,160.8554229736328,160.8554229736328,,0.012018097464518528
JNJ,2025-03-04,164.39322229847508,166.26133065875257,161.6937673629563,161.79156494140625,11999700,-0.0111,160.9724407196045,160.9724407196045,,0.012570127097133715
JNJ,2025-03-05,160.90151799456612,162.808757279084,159.94301817416357,161.49813842773438,8744800,-0.0018,161.03085157606336,161.03085157606336,,0.011751466473836968
JNJ,2025-03-06,161.38078513337751,162.23169722473463,159.9234623676814,162.1925811767578,8037900,0.0043,161.14702453613282,161.14702453613282,,0.011013968403804326
JNJ,2025-03-07,161.50792719032012,164.76488641862807,161.08735135228795,163.03370666503906,9637600,0.0052,161.3185410933061,161.3185410933061,,0.010419980806124357
JNJ,2025-03-10,163.8063698533971,166.17328605365597,163.38580894415355,164.02154541015625,17559000,0.0061,161.5437914530436,161.5437914530436,,0.009937038153933358
JNJ,2025-03-11,163.53252784992247,163.63034035714037,161.42969326157717,162.221923828125,9890300,-0.011,161.59595548189603,161.59595548189603,,0.01030570230503482
JNJ,2025-03-12,160.13864149297692,160.6081236236685,158.67154341377588,159.2779541015625,8010700,-0.0181,161.43038395472936,161.43038395472936,51.34,0.011315884002994674
JNJ,2025-03-13,159.84520741859117,160.93086051623524,159.09210787067292,159.4148712158203,5286700,0.0009,161.29601643880207,161.29601643880207,51.66,0.010872985477172917
JNJ,2025-03-14,158.56394783647585,159.57135394078773,157.56633193696427,159.2388153076172,6235800,-0.0011,161.16744136810303,161.16744136810303,47.61,0.010484423820942324
JNJ,2025-03-17,158.84761224068646,159.9136999921851,158.18251997866088,159.26817321777344,6669800,0.0002,161.0557197122013,161.0557197122013,40.52,0.01012893544916411
JNJ,2025-03-18,159.8550015183129,161.2438525098817,159.39530961469802,160.64723205566406,7348800,0.0087,161.03302595350476,161.03302595350476,53.76,0.010017906761512254
JNJ,2025-03-19,160.37337104668416,160.7548159229325,158.65198146332366,159.4148712158203,5936400,-0.0077,160.94785991467927,160.94785991467927,47.71,0.009921752691464761
JNJ,2025-03-20,159.42464838189167,159.62025846257242,158.37811131790625,159.4442138671875,7485900,0.0002,160.8726776123047,160.8726776123047,43.29,0.009642237734987232
JNJ,2025-03-21,159.42464659440773,160.5298651777963,158.91604845106622,160.04083251953125,17047100,0.0037,160.93771896362304,160.83306594122024,36.23,0.00941590340021101
JNJ,2025-03-24,159.26815605343467,160.7841603121084,158.93561742030673,159.70828247070312,8046400,-0.0021,160.91571197509765,160.7819394198331,40.92,0.009216419843781104
JNJ,2025-03-25,159.93324619941436,160.58854817658738,157.03816626942583,157.4880828857422,7456200,-0.0139,160.66777267456055,160.63872826617697,35.04,0.009046371764705626
JNJ,2025-03-26,157.67392153668808,158.92584398993955,157.11641712398915,158.1727294921875,7223500,0.0043,160.60126419067382,160.53597831726074,34.99,0.008233091125068653
JNJ,2025-03-27,158.78891381807773,160.47118739573978,157.78150771244313,159.5518035888672,6752500,0.0087,160.5719223022461,160.496611328125,37.5,0.008429426839477597
JNJ,2025-03-28,160.00170160343768,160.91131010864603,159.3366243515368,160.11907958984375,5760300,0.0036,160.50785903930665,160.48209087665265,35.55,0.008266699207632615
JNJ,2025-03-31,160.7645896076869,162.9750267511633,160.62766106177978,162.2023468017578,12481400,0.013,160.43743743896485,160.54580405906395,49.93,0.008205291938101515
JNJ,2025-04-01,157.20444414110435,158.26075654100097,149.77115621737417,149.88851928710938,23303100,-0.0759,159.84228515625,160.16518674577986,29.73,0.018716254545461983
JNJ,2025-04-02,150.63183061439895,152.37278564446345,150.0841164374023,151.9522247314453,10356900,0.0138,159.36498947143554,159.88198115907866,35.13,0.01911751676783418
JNJ,2025-04-03,155.26787028769624,157.12618843488838,154.02572314664877,156.3144073486328,13249300,0.0287,159.0710807800293,159.7630620320638,45.01,0.020337760447010876
JNJ,2025-04-04,155.66886758967138,156.31439423155135,149.57551038309705,149.87872314453125,16601700,-0.0412,158.4133316040039,159.44421239053048,36.84,0.022088207737447407
JNJ,2025-04-07,147.9617346407856,149.36037594337972,144.16683605863264,147.3162078857422,18083000,-0.0171,157.57806472778321,159.06521224975586,31.92,0.02214148939506055
JNJ,2025-04-08,150.2210595143276,150.2210595143276,144.7536775716146,146.70980834960938,12018400,-0.0041,156.8024589538574,158.69080607096353,32.47,0.022098680598862146
JNJ,2025-04-09,139.08088646602883,149.8298297786797,138.39624372218634,147.6585235595703,18773700,0.0065,156.22148742675782,158.36632717356963,34.14,0.02200209080973897
JNJ,2025-04-10,147.07168575832006,147.88348181098718,141.94663274141948,145.4285430908203,13830500,-0.0151,155.5221710205078,157.99667619977677,31.16,0.022122705649697504
JNJ,2025-04-11,146.05450453366188,149.00826615085418,144.93951060088102,148.40185546875,9943900,0.0204,154.98032302856444,157.73015340169272,36.36,0.022800421856669785
JNJ,2025-04-14,148.26490670759043,151.27734944901417,147.854121096136,150.97415161132812,10685300,0.0173,154.56562194824218,157.54755875870987,42.21,0.0232533166847679
JNJ,2025-04-15,152.2847744804066,152.87161966956302,148.76374811774744,150.25039672851562,10847700,-0.0048,154.04578018188477,157.35552817896792,40.53,0.023109334523202157
JNJ,2025-04-16,151.96200941909794,152.2163159627981,148.90067500656366,150.53404235839844,7986900,0.0019,153.60173873901368,157.1806182861328,38.93,0.02310813197032367
JNJ,2025-04-17,150.77855164895374,155.94273528763318,150.77855164895374,154.0159454345703,10981100,0.0231,153.3303253173828,157.10150146484375,43.01,0.02381108543249728
JNJ,2025-04-21,154.495208400845,154.7592752985423,152.07938580573637,153.47801208496094,6285400,-0.0035,153.0021842956543,157.0131236750905,39.64,0.023783377653974612
JNJ,2025-04-22,154.09418485449442,155.23851941896694,152.83247231032033,154.289794921875,7136300,0.0053,152.73125991821288,156.94828251429968,57.19,0.023836294749151367
JNJ,2025-04-23,153.05743954619226,153.65405995813353,150.94481498022725,151.97178649902344,9099400,-0.015,152.45544509887696,156.83255004882812,50.03,0.023867782182594794
JNJ,2025-04-24,152.3825890153193,152.48038659875195,150.07435412418366,151.5316619873047,8310400,-0.0029,152.1233917236328,156.71207532015714,41.12,0.02382988559285212
JNJ,2025-04-25,150.9350546905758,151.50231947057802,149.10606230479286,151.18934631347656,8643600,-0.0023,151.70526885986328,156.58934800889756,53.15,0.023699795135690187
JNJ,2025-04-28,152.0891629402875,152.3923608129567,150.44602030488312,151.9424591064453,5815200,0.005,151.29643783569335,156.48832868493122,62.16,0.02372055459988901
JNJ,2025-04-29,152.0402567091757,153.5758264827086,150.90569731365886,152.49017333984375,5246700,0.0036,150.81082916259766,156.40326154992937,65.24,0.023492535768667146
JNJ,2025-04-30,154.729936358785,154.729936358785,151.6196956897791,152.8813934326172,9598200,0.0026,150.96047286987306,156.32988929748535,64.19,0.01600308851769755
JNJ,2025-05-01,151.60012441355764,151.6881467104672,149.996097887694,151.0719757080078,7325800,-0.0118,150.91646041870118,156.22258493851643,65.69,0.015958403165070977
JNJ,2025-05-02,152.6466653127277,153.28240181632026,151.63924427882918,152.695556640625,5974500,0.0107,150.7355178833008,156.1520443725586,62.9,0.014702706517759526
JNJ,2025-05-05,153.23349550584211,153.35085857129926,151.33604635245678,151.60012817382812,5464100,-0.0072,150.82158813476562,156.00924682617188,52.06,0.011416935712030245
JNJ,2025-05-06,151.42408543570903,152.48038288598428,150.31886680876866,151.08175659179688,8644200,-0.0034,151.00986557006837,155.8279135131836,52.78,0.010684680375979529
JNJ,2025-05-07,151.34584070987484,154.47564690871295,151.11109964842703,153.8496856689453,7853100,0.0183,151.36685943603516,155.65596984863282,59.51,0.011246439202558384
JNJ,2025-05-08,152.40214527805017,153.58559595738635,151.3849489880782,152.2456512451172,7606100,-0.0104,151.5962158203125,155.51082489013672,44.31,0.011555581927545256
JNJ,2025-05-09,152.0109098935498,152.636871099945,150.43622413501134,150.8372344970703,6520400,-0.0093,151.866650390625,155.3247967529297,41.96,0.011181403734490773
JNJ,2025-05-12,148.6854937295837,151.9522283079107,147.8639075206592,150.7589874267578,9023800,-0.0005,151.9845069885254,155.11196960449217,38.75,0.01030147025786534
JNJ,2025-05-13,148.3725086216881,148.3725086216881,144.83191687784895,145.18402099609375,10549600,-0.037,151.69500045776368,154.7434344482422,32.09,0.012626730209736552
JNJ,2025-05-14,145.40897147901754,145.55569023363782,142.91490189139907,143.14964294433594,10216000,-0.014,151.3399627685547,154.3705960083008,29.6,0.012903259482129231
JNJ,2025-05-15,144.75366811149715,146.36746992823834,144.0983661345862,146.32835388183594,7945800,0.0222,151.12967834472656,154.0672003173828,39.61,0.014005670843964372
JNJ,2025-05-16,146.38702817604744,148.17688942333916,145.94690178634102,148.0106201171875,8051200,0.0115,150.82941207885742,153.78356109619142,41.91,0.01315532611770449
JNJ,2025-05-19,148.5583422109476,149.31145669295304,147.73677091644666,149.1451873779297,12639900,0.0077,150.61277084350587,153.50579071044922,43.28,0.01332119304756621
JNJ,2025-05-20,148.98869160055045,150.6611749359263,148.78329131728185,150.28952026367188,7351500,0.0077,150.4127571105957,153.23115020751953,44.95,0.0133948094817594
JNJ,2025-05-21,149.82984330615562,151.04263486929065,149.6440084894575,149.82005310058594,7032200,-0.0031,150.30517044067383,152.98311279296874,47.43,0.013009474280409319
JNJ,2025-05-22,149.30167403193045,149.95699096861145,148.04975154159976,149.26255798339844,7535300,-0.0037,150.19171524047852,152.78280487060547,42.62,0.013018048200378135
JNJ,2025-05-23,149.6439781560072,150.1134452812806,148.87131320140946,149.58529663085938,6727300,0.0022,150.11151275634765,152.58621337890625,45.52,0.013027278061214878
JNJ,2025-05-27,150.45338800363243,151.9527814630419,149.8713709488511,151.17349243164062,6990700,0.0106,150.07306442260742,152.4249069213867,50.19,0.013209377649788684
JNJ,2025-05-28,151.2030975223993,151.55822022483022,149.8713836252742,150.36460876464844,8459300,-0.0054,149.96678619384767,152.2468356323242,41.93,0.013227653449855482
JNJ,2025-05-29,149.6938177662655,151.95278210010628,149.50638982004466,151.4990234375,6810600,0.0075,149.8976676940918,152.06387145996095,48.23,0.013335275735708217
JNJ,2025-05-30,151.81467126038285,153.60015866613855,151.1438923869111,153.10693359375,15529700,0.0106,149.9994155883789,151.93771270751952,55.32,0.013265249417378593
JNJ,2025-06-02,152.38682490878404,153.4324597277418,150.2363706663291,153.2943572998047,6669300,0.0012,150.02935562133788,151.81471557617186,55.92,0.013058688376144944
JNJ,2025-06-03,152.70249260805704,153.55084037456984,151.99224726623072,152.32763671875,8209800,-0.0063,150.06573104858398,151.66045166015624,71.24,0.013033099562672198
JNJ,2025-06-04,152.83072710598327,152.83072710598327,151.0551287313226,151.14390563964844,6983900,-0.0078,150.06883850097657,151.48916412353515,75.03,0.013135929033720734
JNJ,2025-06-05,151.59766006113725,152.00210825709345,150.5717584723101,151.57794189453125,5295400,0.0029,149.95525131225585,151.37096130371094,69.85,0.012446183097006507
JNJ,2025-06-06,151.91333976243808,153.9158325824164,151.91333976243808,152.92938232421875,5391500,0.0089,149.98943786621095,151.26609436035156,69.08,0.012400189939122536
JNJ,2025-06-09,152.75182236035036,153.87637500739433,152.35723324171644,153.1266632080078,5319000,0.0013,150.10390930175782,151.13759155273436,66.65,0.012193305971979696
JNJ,2025-06-10,153.3239556869477,155.3067303299207,152.91952252253284,154.33013916015625,6791600,0.0079,150.28246688842773,151.02181274414062,66.82,0.012289553758332615
JNJ,2025-06-11,154.182181980501,154.4781200753039,152.63344781385317,153.15626525878906,6016000,-0.0076,150.6810791015625,150.84089111328126,63.12,0.008711654323527277
JNJ,2025-06-12,154.12298520127607,154.55701064707156,153.0674762586382,154.53729248046875,7075500,0.009,151.25046157836914,150.93386657714845,69.48,0.00786606803401734
JNJ,2025-06-13,153.8566503683873,155.53361282300006,153.8566503683873,154.97134399414062,6587500,0.0028,151.68261108398437,150.99424896240234,69.73,0.0065765512478645986
JNJ,2025-06-16,154.30054329683657,154.37946112154555,152.35723513798075,153.11680603027344,7024000,-0.012,151.93792037963868,150.93029693603515,56.98,0.007041127302088101
JNJ,2025-06-17,152.8701793488671,153.17597648383938,150.03907226466447,150.31527709960938,6407100,-0.0183,151.99642486572264,150.93902801513673,49.84,0.008186034320398173
JNJ,2025-06-18,150.50271717202142,150.58161994376783,148.66791916218287,148.68763732910156,8325200,-0.0108,151.91633071899415,150.9664566040039,41.43,0.008363421296901982
JNJ,2025-06-20,149.21044363627485,149.34854605460666,147.020523108417,147.76036071777344,22605500,-0.0062,151.8133460998535,150.98746765136718,33.0,0.008442399259876178
JNJ,2025-06-23,147.7110601789464,149.3781483936895,147.7110601789464,149.2696533203125,7397900,0.0102,151.8137008666992,151.01969024658203,38.19,0.008745662082607459
JNJ,2025-06-24,149.447200369684,150.65067077814393,148.93424206803672,150.1278533935547,9544200,0.0057,151.840828704834,151.11367645263672,43.51,0.008825912805036383
JNJ,2025-06-25,149.328845074524,150.99594842112307,148.6876433747355,150.21664428710938,7153700,0.0006,151.79298629760743,151.1499722290039,47.07,0.008482917819762376
JNJ,2025-06-26,150.6309398996763,151.14389820929034,149.47679499207118,149.95028686523438,7156900,-0.0018,151.77227020263672,151.12949493408203,44.81,0.008406632719716645
JNJ,2025-06-27,149.95029003771032,151.252411531502,148.9638398340629,150.34487915039062,10010800,0.0026,151.71456298828124,151.13138458251953,41.22,0.008242985854013922
JNJ,2025-06-30,150.0982653312385,150.89728758111596,149.46693780831993,150.68026733398438,9039300,0.0022,151.59322967529297,151.13430908203125,41.77,0.0078605527460659
JNJ,2025-07-01,150.92687925954553,155.61251766793012,150.7394513148845,153.80731201171875,10896700,0.0208,151.61887741088867,151.1301364135742,48.44,0.009223395595754821
JNJ,2025-07-02,153.88623472012148,154.1821727972981,152.96884323811335,153.4521942138672,5544000,-0.0023,151.67510528564452,151.12962005615233,50.93,0.00911767947162919
JNJ,2025-07-03,153.32395993610405,154.1624486956881,152.78142432323563,153.89610290527344,3482500,0.0029,151.81271514892578,151.1217462158203,47.87,0.00892273264727442
JNJ,2025-07-07,153.90596006559838,154.23149042863557,152.79126655447425,153.16612243652344,6270900,-0.0047,151.8921241760254,151.1456329345703,44.11,0.008996396939594028
JNJ,2025-07-08,152.38681460446713,154.6359197370949,152.12048390204905,153.67906188964844,6438200,0.0033,151.9296081542969,151.18858093261719,52.01,0.008808345325225448
JNJ,2025-07-09,153.67907902335588,154.5668932865029,152.9688486856892,154.16244506835938,6147400,0.0031,151.98139724731445,151.24804290771485,66.5,0.008828488575419676
JNJ,2025-07-10,153.9848924173949,157.0823456480185,153.70868754730384,155.5533447265625,6732900,0.009,152.04255752563478,151.32026062011718,80.05,0.00888113761086708
JNJ,2025-07-11,154.96146054180394,155.0502374485966,153.0773370201251,154.77403259277344,7872000,-0.005,152.123445892334,151.36593780517578,81.1,0.008775892517213514
JNJ,2025-07-14,154.74443986347836,155.33631601120078,153.4127411091565,154.69512939453125,10185600,-0.0005,152.1313377380371,151.40221252441407,77.55,0.008548905747151746
JNJ,2025-07-15,154.24135250111084,155.06010796606702,152.7024926111346,153.06747436523438,6873200,-0.0105,152.0361442565918,151.4421224975586,63.85,0.008838568293207004
JNJ,2025-07-16,158.12796395909288,163.8690960741517,157.63473887815502,162.54725646972656,22134800,0.0619,152.50766677856444,151.63915649414062,80.82,0.016198274761935538
JNJ,2025-07-17,160.96893925475794,162.46834779981697,160.10087329880653,160.7716522216797,11295700,-0.0109,153.03048553466797,151.82258697509766,75.15,0.015762133171156215
JNJ,2025-07-18,161.70878241932874,162.8629424587755,161.146513603325,161.48190307617188,9792600,0.0044,153.6701988220215,152.03058990478516,75.51,0.01539963772642925
JNJ,2025-07-21,161.55096304786886,162.68537482432052,160.57437187322827,162.13296508789062,8254000,0.004,154.38882904052736,152.19625549316407,75.86,0.015203341045552071
JNJ,2025-07-22,162.764279730243,165.78281487327823,162.47821580088535,165.65457153320312,9288000,0.0217,155.20807495117188,152.4644338989258,76.28,0.0156317448600091
JNJ,2025-07-23,166.3155059902243,166.8284492451913,164.33273149963523,166.80873107910156,10617600,0.007,156.04211883544923,152.78386383056642,78.61,0.015636088486507573
JNJ,2025-07-24,167.20331234334904,167.68667837003616,166.59171802340538,167.2624969482422,6636900,0.0027,156.89441146850587,153.11393402099608,78.62,0.01560925754328602
JNJ,2025-07-25,167.44992685210462,167.57817019889325,165.1712292249172,166.0195770263672,6254900,-0.0074,157.6978759765625,153.53064514160155,76.93,0.015796111280278677
JNJ,2025-07-28,165.58553595130317,165.66445377582426,162.81361321765758,163.96775817871094,8014600,-0.0124,158.3790199279785,153.94700744628906,70.25,0.016275628373349164
JNJ,2025-07-29,164.4116474137023,166.49305786671118,164.11570935340038,165.83213806152344,7663400,0.0114,159.13661346435546,154.3370831298828,71.79,0.016338133469376417
JNJ,2025-07-30,165.42769283300052,166.3253661128563,164.5201604700382,164.99365234375,6189200,-0.0051,159.69593048095703,154.67674377441406,68.0,0.016037295348819362
JNJ,2025-07-31,163.68167560247625,164.80624328827264,162.00471326118884,162.5078125,11036200,-0.0151,160.14871139526366,154.94399627685547,63.84,0.0165341082868749
JNJ,2025-08-01,163.2377747338822,165.34877755789267,162.55712168817175,165.06271362304688,8927800,0.0157,160.70704193115233,155.23946014404297,67.05,0.016776396325916078
JNJ,2025-08-04,164.76678257859135,168.87041919435043,164.3820675866162,168.72244262695312,12679100,0.0222,161.48485794067383,155.6175079345703,74.13,0.01714762144008992
JNJ,2025-08-05,168.22921158895198,169.23539501412407,167.35127150727274,168.426513671875,7934400,-0.0018,162.22223052978515,156.00078704833984,62.64,0.017211642326604028
JNJ,2025-08-06,167.60775503277506,169.8469861217651,167.38086065210047,168.27853393554688,8957200,-0.0009,162.92803497314452,156.3746517944336,67.35,0.017254643921046448
JNJ,2025-08-07,168.8506726272556,169.29457219028478,167.61760992326612,169.20579528808594,9315900,0.0055,163.61065750122071,156.7352978515625,67.67,0.01722453803520767
JNJ,2025-08-08,168.70271724361075,171.6028832369287,168.0812488016039,170.98141479492188,7686800,0.0105,164.42102661132813,157.14763397216797,69.26,0.017130385438254382
JNJ,2025-08-11,171.05047560280036,172.2342280016868,170.70522702982265,171.4647979736328,7256800,0.0028,165.2595100402832,157.54694946289064,64.57,0.017089247927771486
JNJ,2025-08-12,171.6423438022981,172.3920405748854,169.4820153426675,170.43887329101562,7916700,-0.006,166.12807998657226,157.89358825683593,59.16,0.016899046998978498
JNJ,2025-08-13,170.65588315907152,172.17500983134917,170.35994509116315,172.056640625,5878700,0.0095,166.60354919433593,158.26883392333986,61.43,0.010574990357094022
JNJ,2025-08-14,171.948121410389,173.3390197195923,170.3796693010498,172.35256958007812,8241700,0.0017,167.18259506225587,158.66933258056642,65.81,0.010073655062378771
JNJ,2025-08-15,173.19107286100757,174.86803522954472,172.589337622952,174.24656677246094,9477600,0.011,167.82082824707032,159.13138580322266,75.87,0.010211165199762565
JNJ,2025-08-18,174.10845947265625,175.16396840661764,173.71388541534543,173.86184692382812,9284000,-0.0022,168.4072723388672,159.5770639038086,71.83,0.010300097086921072
JNJ,2025-08-19,173.65469184395633,175.76569473380323,173.59550723848972,175.39085388183594,9274200,0.0088,168.89408645629882,160.02629333496094,77.25,0.009473812937721926
JNJ,2025-08-20,176.08135859537228,178.16276909457548,175.5881335012676,176.416748046875,9030000,0.0058,169.3744873046875,160.49209503173827,89.47,0.00945021720719465
JNJ,2025-08-21,176.1306980745858,177.63996577800168,175.74598307277464,176.5055389404297,8859600,0.0005,169.83663940429688,160.93560302734375,87.76,0.009464664200121027
JNJ,2025-08-22,177.60049441757673,178.70532892070915,175.06532513024973,176.86065673828125,9524000,0.002,170.3786933898926,161.4096908569336,84.35,0.0091640300833433
JNJ,2025-08-25,177.0875445552974,177.8175080717949,175.87419996883952,175.99258422851562,6229100,-0.0049,170.9799346923828,161.83879669189454,80.46,0.008630185702704076
JNJ,2025-08-26,175.63486479298874,176.04228169685982,174.6610519663747,175.3765106201172,9145000,-0.0035,171.4571533203125,162.24690002441406,77.54,0.008561534232896146
JNJ,2025-08-27,175.85346329418851,176.56892188809329,175.04857616667528,175.67459106445312,5951100,0.0017,171.99120025634767,162.69805572509765,76.39,0.008362968183731492
JNJ,2025-08-28,175.2572571524081,175.37651036954125,173.52824471043394,174.3430633544922,6424700,-0.0076,172.58296279907228,163.17861145019532,64.23,0.007637538870604847
JNJ,2025-08-29,174.85977436888373,176.29069157209003,174.34305089827734,176.0522003173828,6942300,0.0098,173.13243713378907,163.72590270996093,67.59,0.007247102869423061
JNJ,2025-09-02,176.3503105295524,178.06939139768684,175.77396803611316,176.93658447265625,9049000,0.005,173.54314422607422,164.30942718505858,75.19,0.005744038099125953
JNJ,2025-09-03,176.54904858919326,177.16513205402964,175.41624164537086,176.87696838378906,7111700,-0.0003,173.9656669616699,164.86157348632813,71.25,0.005696111323572098
JNJ,2025-09-04,176.87697204020583,177.77128774394075,176.42981418833836,177.63217163085938,7854800,0.0043,174.43334884643554,165.4116598510742,72.37,0.005653187270539465
JNJ,2025-09-05,176.87696522230814,178.3774328957435,175.44604802147302,177.3042449951172,9733800,-0.0018,174.8382713317871,165.9534118652344,64.94,0.0056997206764431586
JNJ,2025-09-08,176.24100312082157,178.31781328005192,175.58516354553242,177.0061492919922,8382500,-0.0017,175.13950805664064,166.49452911376954,65.49,0.0054285284426473755
JNJ,2025-09-09,176.876968171164,176.9663967070775,175.33674434840574,175.84353637695312,6005700,-0.0066,175.35844497680665,167.0045022583008,52.31,0.005730883554548063
JNJ,2025-09-10,175.18770024166173,175.4957419797814,173.23012805020278,174.680908203125,6891600,-0.0066,175.5705467224121,167.4845150756836,41.25,0.0057723911856352875
JNJ,2025-09-11,174.64116008341813,177.72160766341042,174.5219220380698,177.37380981445312,5792500,0.0154,175.83640518188477,167.95584503173828,53.47,0.006339383997967324
JNJ,2025-09-12,176.58880178417093,177.6719211358412,175.60504241670282,176.93658447265625,7220200,-0.0025,176.06560592651368,168.42553283691407,50.3,0.006403050259960397
JNJ,2025-09-15,176.6384757638066,177.86072639674853,175.8137105587591,176.28074645996094,4768100,-0.0037,176.16731491088868,168.87322570800782,51.16,0.006069637550958044
JNJ,2025-09-16,176.44969240184915,176.49936481458425,174.5417926172162,175.34669494628906,7959300,-0.0053,176.2415573120117,169.31683715820313,49.88,0.006183288173098429
JNJ,2025-09-17,175.5951171776068,177.38374858169246,175.4758639648204,176.08201599121094,6714900,0.0042,176.27611541748047,169.76489624023438,51.55,0.0059365859407220665
JNJ,2025-09-18,175.48581111593307,175.90315945566854,172.77302416387383,173.0612030029297,8200900,-0.0172,176.10833816528321,170.1428713989258,45.68,0.006939695124503136
JNJ,2025-09-19,173.58786332896594,176.04228103077807,172.2364431172901,175.07839965820312,25621000,0.0117,176.03698120117187,170.5333724975586,46.78,0.00749193250313822
JNJ,2025-09-22,174.9790140641156,175.52554705139653,173.02144192218486,173.1108856201172,7193900,-0.0112,175.84949264526367,170.90010955810547,38.21,0.007844367741453601
JNJ,2025-09-23,173.78658720926384,175.85346593800497,173.72696818596185,175.46592712402344,8350400,0.0136,175.82315979003906,171.3155255126953,46.19,0.00843384628493398
JNJ,2025-09-24,175.0287080814662,175.83359525485707,174.63123780109416,175.5752410888672,6676800,0.0006,175.83309631347657,171.76568084716797,44.25,0.008396985674696164
JNJ,2025-09-25,176.0820181505387,177.27444415539176,174.80016360688845,176.60867309570312,8475000,0.0059,175.87980041503906,172.0469091796875,48.13,0.008491357835749051
JNJ,2025-09-26,177.47318969732265,178.77492226884667,176.2012666379313,178.57618713378906,8634400,0.0111,176.0914566040039,172.4029998779297,53.88,0.008604483225560228
JNJ,2025-09-29,178.6954212051717,180.7225437976727,178.66561169370246,180.47412109375,8597100,0.0106,176.31255264282225,172.78284423828126,61.03,0.008648144005325193
JNJ,2025-09-30,180.5536214730689,184.81656364117856,179.92760655827345,184.25015258789065,11569000,0.0209,176.678231048584,173.22518798828125,70.27,0.009678087022808413
JNJ,2025-10-01,184.8265026093308,185.38296707290417,182.7496923211661,184.87619018554688,13063800,0.0034,177.07819213867188,173.60962036132813,67.42,0.009665754796676442
JNJ,2025-10-02,183.0279253649323,185.4127774086895,182.9285502120593,184.8066253662109,7728100,-0.0004,177.43691482543946,173.9695782470703,68.59,0.009670552153179694
JNJ,2025-10-03,185.8798109725306,188.58265134111863,185.73076340763467,187.4498443603516,8675100,0.0143,177.94419479370117,174.3733251953125,74.12,0.010000309205745905
JNJ,2025-10-06,186.81387570153043,188.72176027217148,186.18784562775863,186.97286987304688,5806100,-0.0025,178.4425308227539,174.7923910522461,75.61,0.010020939918096767
JNJ,2025-10-07,182.6105653252933,188.036108684398,181.78580012930843,187.69825744628903,8776800,0.0039,179.0352668762207,175.26700103759765,75.6,0.009775420303253622
JNJ,2025-10-08,187.67839129958384,189.0198800500613,187.08218587022017,188.49322509765625,5751200,0.0042,179.72588272094725,175.7202227783203,87.71,0.009493404912996455
JNJ,2025-10-09,188.80126273904844,190.88801960275083,188.53296196228231,189.87445068359372,7484800,0.0073,180.3509147644043,176.21783874511718,87.32,0.009140970523159077
JNJ,2025-10-10,190.79857818153027,190.85821237015008,188.65221742931723,189.5167236328125,9598000,-0.0019,180.97992172241212,176.75801696777344,95.04,0.009121396188142065
JNJ,2025-10-13,188.63233060413367,190.0930573258188,188.08579761940135,189.6955718994141,7979500,0.0009,181.65066299438476,177.25067413330078,94.36,0.008987972958055493
JNJ,2025-10-14,191.7028367133322,193.1734949239154,184.7072598099331,189.6459045410156,13613300,-0.0003,182.3656234741211,177.66914337158204,94.03,0.008791711108227242
JNJ,2025-10-15,190.2719241910366,192.3487496399345,188.1056853650577,189.96388244628903,9473000,0.0017,183.059716796875,178.0998907470703,93.75,0.008805805501276744
JNJ,2025-10-16,190.1328050345831,191.8320230724124,189.22854271525568,190.9078826904297,10611800,0.005,183.95205078125,178.55247772216796,93.3,0.007282885489463057
JNJ,2025-10-17,191.2854874244109,192.37855341755795,190.470653654516,192.00094604492188,7764400,0.0057,184.79817810058594,179.0083807373047,92.9,0.007111325289172268
JNJ,2025-10-20,192.2791742814892,193.25298704268093,191.11655783789408,192.49778747558597,8034700,0.0026,185.76752319335938,179.43870819091796,90.61,0.006089602873578434
JNJ,2025-10-21,191.792263413946,192.3288649581203,190.56009647736,190.66940307617188,6716000,-0.0095,186.5276969909668,179.82280029296874,75.5,0.006607163178184558
JNJ,2025-10-22,190.7886454491417,192.2294941661236,190.57003224656304,191.72271728515625,6343100,0.0055,187.33507080078124,180.24847717285155,78.02,0.006558289250615348
JNJ,2025-10-23,191.34510480569733,192.77602203443016,190.33153590825845,191.25567626953125,8882500,-0.0024,188.06742095947266,180.63245788574218,68.72,0.006720312884320036
JNJ,2025-10-24,190.98737701890485,191.09668361815096,188.2249176879786,189.19873046875,6903400,-0.0108,188.5985481262207,180.96938110351562,59.48,0.007265484371870516
JNJ,2025-10-27,188.79132350755307,189.59621064215716,188.33421906088537,189.099365234375,7126000,-0.0005,189.02981033325196,181.26643707275392,56.3,0.0070684231100831725
JNJ,2025-10-28,188.0659271389957,188.3143498545689,185.44258386904397,185.7506256103516,8329500,-0.0177,189.104833984375,181.50421264648438,39.97,0.007007805798198401
JNJ,2025-10-29,185.52207421850693,185.91955964649705,183.49495160457292,185.42271423339844,10551100,-0.0018,189.13216018676758,181.7048498535156,32.36,0.006988055598850911
JNJ,2025-10-30,185.8996818845505,188.18517382099697,185.7307562633265,187.8572540283203,7072500,0.0131,189.28469161987306,181.93365997314453,44.35,0.007559267577999171
JNJ,2025-10-31,186.2772978942347,188.3044206054977,185.58170215248376,187.6783905029297,8791700,-0.001,189.29611892700194,182.15711700439454,43.14,0.006867994037946097
JNJ,2025-11-03,187.80757254089647,187.83738205369508,184.34953259358537,185.08485412597656,7542600,-0.0138,189.20171813964845,182.32160095214843,36.77,0.0075244094015480874
JNJ,2025-11-04,185.6512665367905,186.63502595381647,184.44889391598093,185.6810760498047,7209400,0.0032,189.10085906982422,182.51537078857422,37.78,0.0075045161841317065
JNJ,2025-11-05,185.4624538271455,186.64494832760215,184.23027175324168,184.8264923095703,5049400,-0.0046,188.91752243041992,182.70437042236327,32.55,0.007470804578666983
JNJ,2025-11-06,185.58169301110945,186.33690774209137,184.20046337091517,185.79037475585935,6767400,0.0052,188.71331863403321,182.9066860961914,32.05,0.007362501005272023
JNJ,2025-11-07,186.5555303225544,187.16168236277767,184.5283924466353,185.39291381835935,6959200,-0.0021,188.50712814331055,183.12768310546875,29.35,0.0073638233776240234
JNJ,2025-11-10,184.8264996106948,187.2312296678477,183.9520468035413,187.22129821777344,5323800,0.0099,188.3834144592285,183.35106506347657,39.98,0.007755751685718561
JNJ,2025-11-11,188.19511159082387,192.69652997893053,187.85726033703008,192.6071014404297,7465600,0.0288,188.5314743041992,183.66447540283204,52.05,0.010173643708907318
JNJ,2025-11-12,192.1400586227106,194.3162439565306,191.85189495482751,193.1635589599609,8803000,0.0029,188.69145812988282,183.99020721435548,54.41,0.010182610305397086
JNJ,2025-11-13,192.98471086513172,194.76341085397328,192.2294960986243,194.0181427001953,8631600,0.0044,188.8469711303711,184.3179266357422,61.8,0.010170725534333173
JNJ,2025-11-14,193.7697224119869,195.93596126145505,192.3288736624529,194.69384765625,8824800,0.0035,188.9816162109375,184.66571868896483,63.32,0.010127371717021985
JNJ,2025-11-17,195.71735093885428,199.0163965828153,194.6640259312004,198.32081604003903,13257000,0.0186,189.27276763916015,185.09201202392578,79.54,0.010885213292400503
JNJ,2025-11-18,197.7544150164991,199.03628473263817,197.27744764335225,198.73817443847656,12468600,0.0021,189.67620620727538,185.54990478515626,81.16,0.010570210125880334
JNJ,2025-11-19,198.73817172561604,202.1962116681364,198.1220882452728,201.2323303222656,14690800,0.0125,190.15168685913085,186.08093322753905,81.22,0.010801212163943743
JNJ,2025-11-20,200.72554663988055,203.21970515199808,200.29826686316107,201.78880310058597,10612600,0.0028,190.6783432006836,186.56923309326172,82.36,0.010740100705202663
JNJ,2025-11-21,202.6731900950299,205.63438454829932,201.7093087686688,202.61355590820312,13189100,0.0041,191.34908447265624,187.08277252197266,93.75,0.010257762144372734
JNJ,2025-11-24,202.4247670803831,204.8195504740814,201.71923991459224,204.75,14803900,0.0105,192.1316162109375,187.65215759277345,94.2,0.01032779081691214
JNJ,2025-11-25,205.17999267578125,207.72000122070312,205.17999267578125,206.6699981689453,10275300,0.0094,193.17758483886718,188.27862365722658,98.24,0.009021977551921108
JNJ,2025-11-26,206.4900054931641,207.80999755859372,205.94000244140625,207.55999755859372,6729000,0.0043,194.28444900512696,188.9081832885742,98.24,0.008868091825842745
JNJ,2025-11-28,207.0,207.4600067138672,204.6300048828125,206.9199981689453,5638300,-0.0031,195.2375862121582,189.58535919189453,97.19,0.008895451232600791
JNJ,2025-12-01,206.5,207.6999969482422,205.33999633789065,205.33999633789065,8473700,-0.0076,196.12066650390625,190.19059112548828,90.16,0.009240784883501935
JNJ,2025-12-02,205.2400054931641,205.6100006103516,203.1000061035156,205.4199981689453,8393600,0.0004,197.13742370605468,190.83677337646483,87.13,0.008248980798288131
JNJ,2025-12-03,205.8999938964844,207.0200042724609,204.9900054931641,205.3300018310547,8363300,-0.0004,198.1198699951172,191.43405487060548,86.24,0.00833512542134032
JNJ,2025-12-04,204.58999633789065,204.8600006103516,201.7100067138672,202.47999572753903,9049900,-0.0139,199.00254516601564,191.9721499633789,72.53,0.00912551512605121
JNJ,2025-12-05,202.97999572753903,203.4499969482422,200.80999755859372,201.92999267578125,7785300,-0.0027,199.8095260620117,192.47857635498048,69.39,0.009268713644922844
JNJ,2025-12-08,202.66000366210935,203.25999450683597,200.9900054931641,201.6199951171875,7785700,-0.0015,200.62088012695312,192.93945251464845,60.75,0.00924812925606266
JNJ,2025-12-09,202.9199981689453,205.5399932861328,199.91000366210935,199.9600067138672,7509400,-0.0082,201.2578155517578,193.32917022705078,53.68,0.009546918764435823
JNJ,2025-12-10,200.58999633789065,206.8000030517578,200.17999267578125,206.5399932861328,11599800,0.0329,201.95446014404297,193.77496704101563,62.84,0.010147413463538379
JNJ,2025-12-11,207.8999938964844,211.2400054931641,207.8300018310547,210.00999450683597,9009000,0.0168,202.79678192138672,194.2776431274414,67.43,0.010567849704098797
JNJ,2025-12-12,210.27999877929688,212.2700042724609,208.9600067138672,211.5800018310547,6922700,0.0075,203.67487487792968,194.81311065673827,68.43,0.010592947008070485
JNJ,2025-12-15,210.3500061035156,215.19000244140625,209.00999450683597,214.1699981689453,8467000,0.0122,204.64868240356446,195.34751373291016,69.01,0.010731766666745678
JNJ,2025-12-16,214.0,214.72999572753903,208.80999755859372,209.3000030517578,9949800,-0.0227,205.1976417541504,195.79405639648436,54.74,0.011858068538918309
JNJ,2025-12-17,209.38999938964844,211.5200042724609,208.4600067138672,210.3300018310547,8457600,0.0049,205.7772331237793,196.2466912841797,54.97,0.011866267980686835
JNJ,2025-12-18,209.8000030517578,211.05999755859372,207.75999450683597,208.30999755859372,7499900,-0.0096,206.1311164855957,196.64302673339844,52.38,0.01195489219392718
JNJ,2025-12-19,207.55999755859372,209.2400054931641,206.02999877929688,206.3699951171875,24803900,-0.0093,206.36017608642578,196.9729376220703,51.74,0.012205434510042946
JNJ,2025-12-22,206.1300048828125,208.0800018310547,205.5,207.32000732421875,8187800,0.0046,206.59549865722656,197.32900329589845,53.12,0.012212197310799342
JNJ,2025-12-23,205.0200042724609,206.52999877929688,203.27999877929688,205.77999877929688,7047300,-0.0074,206.6469985961914,197.6506918334961,50.7,0.012152456974880254
JNJ,2025-12-24,206.0,207.94000244140625,205.57000732421875,207.77999877929688,2376500,0.0097,206.70249862670897,198.01337371826173,58.53,0.012164420725170077
JNJ,2025-12-26,207.52999877929688,208.0399932861328,206.7100067138672,207.6300048828125,2316700,-0.0007,206.70599899291992,198.3666961669922,59.29,0.012130191780494605
JNJ,2025-12-29,208.0,209.47000122070312,207.3800048828125,207.55999755859372,4348900,-0.0003,206.73799896240234,198.69973846435548,59.76,0.012107512891632722
JNJ,2025-12-30,207.50999450683597,207.69000244140625,206.5200042724609,206.91000366210935,3937400,-0.0031,206.81649932861328,198.99791961669922,61.81,0.011995543031958949
JNJ,2025-12-31,206.91000366210935,207.5,206.3699951171875,206.9499969482422,4083800,0.0002,206.89299926757812,199.28696380615236,50.9,0.011995679046618146
JNJ,2026-01-02,206.82000732421875,207.38999938964844,203.67999267578125,207.3500061035156,6325500,0.0019,206.99399948120117,199.62057586669923,43.29,0.011998125950155276
JNJ,2026-01-05,205.8699951171875,205.94000244140625,200.91000366210935,204.30999755859372,9477000,-0.0147,207.08549957275392,199.87232147216798,32.93,0.01205010919365245
JNJ,2026-01-06,204.6000061035156,206.7100067138672,204.1199951171875,204.7899932861328,8107900,0.0023,207.22849960327147,200.1430078125,25.55,0.012031532037022329
JNJ,2026-01-07,205.25999450683597,208.25999450683597,205.02999877929688,207.4900054931641,7545900,0.0132,207.52200012207032,200.5088333129883,44.68,0.012330531213212184
JNJ,2026-01-08,206.92999267578125,208.97999572753903,204.97000122070312,205.75,6557800,-0.0084,207.81149978637694,200.8418460083008,37.08,0.012338898696910981
JNJ,2026-01-09,205.91000366210935,206.6999969482422,204.00999450683597,204.38999938964844,6154300,-0.0066,207.70400009155273,201.21463348388673,38.51,0.009985140275218442
JNJ,2026-01-12,205.5500030517578,209.8999938964844,203.8500061035156,209.72000122070312,11794300,0.0261,207.6895004272461,201.70057922363281,58.19,0.010997219744338253
JNJ,2026-01-13,209.91000366210935,214.38999938964844,208.8600006103516,213.6499938964844,11379600,0.0187,207.7930000305176,202.2164340209961,63.51,0.011664679028679067
JNJ,2026-01-14,214.72999572753903,218.8600006103516,214.1499938964844,218.5500030517578,11858800,0.0229,208.0120002746582,202.83386627197265,73.83,0.012446317358539178
JNJ,2026-01-15,218.22999572753903,219.75,215.91000366210935,219.57000732421875,8492100,0.0047,208.52550048828124,203.5235693359375,72.84,0.0111286957196723
JNJ,2026-01-16,219.0399932861328,220.1100006103516,218.13999938964844,218.66000366210935,10021500,-0.0041,208.94200057983397,204.18314788818358,70.76,0.011206317532159211
JNJ,2026-01-20,217.08999633789065,218.72999572753903,214.5,218.2100067138672,14057100,-0.0021,209.43700103759767,204.85081817626954,69.76,0.010919350279495376
JNJ,2026-01-21,211.0,218.67999267578125,210.5,218.00999450683597,14762900,-0.0009,210.01900100708008,205.49521057128905,70.94,0.010603425464393443
JNJ,2026-01-22,218.7700042724609,222.1699981689453,218.1000061035156,218.4900054931641,13160000,0.0022,210.57750091552734,206.15715240478517,71.42,0.010595560142665515
JNJ,2026-01-23,219.8000030517578,221.2100067138672,217.83999633789065,220.13999938964844,6950600,0.0076,211.2955009460449,206.81552642822265,72.69,0.010373047057791547
JNJ,2026-01-26,220.2100067138672,222.02999877929688,220.0,221.4900054931641,6856700,0.0061,211.9810012817383,207.39318450927735,82.42,0.010289417148855316
JNJ,2026-01-27,222.0,225.5,220.6999969482422,224.44000244140625,8154100,0.0133,212.82150115966797,208.01871337890626,83.91,0.010480985289159552
JNJ,2026-01-28,226.3999938964844,228.57000732421875,226.0800018310547,227.72000122070312,9026500,0.0146,213.82950134277343,208.6927505493164,84.23,0.010690451962283668
JNJ,2026-01-29,228.80999755859372,230.0,227.0800018310547,227.2899932861328,9645300,-0.0019,214.8485008239746,209.34467346191406,88.14,0.010647681981490026
JNJ,2026-01-30,228.25999450683597,228.5,225.3300018310547,227.25,11045500,-0.0002,215.8635009765625,209.92325714111328,92.46,0.010657059681386399
JNJ,2026-02-02,228.32000732421875,231.19000244140625,227.25,230.75,8187500,0.0154,217.03350067138672,210.56349365234374,91.91,0.010892967311164816
JNJ,2026-02-03,231.5,235.1999969482422,230.47999572753903,233.1000061035156,9346600,0.0102,218.4730010986328,211.20084716796876,91.37,0.009846210866168397
JNJ,2026-02-04,235.0,235.8300018310547,232.94000244140625,234.47000122070312,8641400,0.0059,219.95700149536134,211.85447113037108,89.84,0.009795180071421807
JNJ,2026-02-05,235.0,239.5800018310547,234.9900054931641,237.7899932861328,10267500,0.0142,221.47200088500978,212.5579998779297,90.89,0.009831864148348416
JNJ,2026-02-06,238.9600067138672,240.94000244140625,237.97999572753903,239.9900054931641,8274000,0.0093,223.18400115966796,213.26279998779296,95.25,0.009157056525463097
JNJ,2026-02-09,240.25,240.7400054931641,237.0399932861328,238.63999938964844,9378500,-0.0056,224.89650115966796,213.90220001220703,91.74,0.009076841555936676
JNJ,2026-02-10,239.97999572753903,240.5,237.8800048828125,238.3500061035156,6723300,-0.0012,226.3280014038086,214.51800018310547,91.41,0.008192838657215085
JNJ,2026-02-11,239.33999633789065,241.25999450683597,237.3999938964844,240.8600006103516,6803900,0.0105,227.68850173950196,215.1968002319336,92.06,0.00774049332033206
JNJ,2026-02-12,240.47999572753903,246.3500061035156,239.67999267578125,244.5500030517578,10254300,0.0153,228.98850173950194,215.98100036621094,92.63,0.0070227656120723
JNJ,2026-02-13,244.58999633789065,244.9499969482422,242.6100006103516,243.4499969482422,13268500,-0.0045,230.18250122070313,216.74160034179687,88.69,0.007381447226519655
JNJ,2026-02-17,244.1300048828125,244.4900054931641,241.8699951171875,243.3300018310547,12703000,-0.0005,231.4160011291504,217.5016003417969,86.97,0.007183847012202919
JNJ,2026-02-18,243.2400054931641,245.07000732421875,242.82000732421875,244.9900054931641,8129700,0.0068,232.75500106811523,218.35180053710937,86.08,0.0069682059912750905
JNJ,2026-02-19,244.6199951171875,246.9600067138672,244.2700042724609,246.91000366210935,7553900,0.0078,234.20000152587892,219.25140075683595,88.59,0.00679537574965118
JNJ,2026-02-20,246.47000122070312,246.8800048828125,240.27999877929688,242.4900054931641,13564700,-0.0179,235.4000015258789,220.06880096435546,75.57,0.008659002008861855
JPM,2025-02-21,262.9287640869365,263.79108739460094,257.5588607010997,258.93072509765625,12835600,,258.93072509765625,258.93072509765625,,
JPM,2025-02-24,260.1555988746685,261.63526857722854,253.41383136407936,256.0889892578125,10372800,-0.011,257.5098571777344,257.5098571777344,,
JPM,2025-02-25,256.9611187267949,257.715636631196,248.2595365531746,252.2281494140625,9608400,-0.0151,255.7492879231771,255.7492879231771,,0.002899137802864846
JPM,2025-02-26,251.99297149395173,255.66762396574103,251.7675820434319,253.59022521972656,5943600,0.0054,255.20952224731445,255.20952224731445,,0.010847580375364822
JPM,2025-02-27,254.9522707219969,258.34277146574925,252.6788786393924,253.844970703125,8204400,0.001,254.93661193847657,254.93661193847657,,0.009697894960591534
JPM,2025-02-28,255.49126872866591,259.489277787158,252.70833528419,259.3324890136719,10467100,0.0216,255.66925811767578,255.66925811767578,,0.014534510655677405
JPM,2025-03-03,258.695514143098,260.96890614141057,252.63969451180324,255.3834228515625,9058300,-0.0152,255.62842450823103,255.62842450823103,,0.014472652371513201
JPM,2025-03-04,250.15073427928613,252.06156547552163,241.0081973785272,245.2218017578125,13465600,-0.0398,254.3275966644287,254.3275966644287,,0.019399349522722712
JPM,2025-03-05,246.2017318631641,247.9655681565044,242.8504503819176,246.47610473632807,7861400,0.0051,253.45520867241754,253.45520867241754,,0.018511849486979183
JPM,2025-03-06,243.1248111911068,244.3496953684526,238.950411297504,241.5863494873047,9983200,-0.0198,252.26832275390626,252.26832275390626,,0.017916821704755562
JPM,2025-03-07,240.30266509821263,241.7627323707991,234.6094060276731,237.4119415283203,20498700,-0.0173,250.91774264248934,250.91774264248934,,0.017172164168276
JPM,2025-03-10,231.46391270541537,232.73778024903007,224.10479922419384,227.5540771484375,18887200,-0.0415,248.97077051798502,248.97077051798502,,0.019087559013423093
JPM,2025-03-11,227.09352369484048,228.63198537977485,222.13519499810545,224.5359649658203,18143000,-0.0133,247.09117009089545,247.09117009089545,,0.018206615098181576
JPM,2025-03-12,229.298317837304,229.6118953635389,222.6937369749249,223.3208770751953,16054000,-0.0054,245.39329201834542,245.39329201834542,15.97,0.017517712647781857
JPM,2025-03-13,224.69276414889097,224.8887426335129,219.72462657901625,220.66534423828125,16467900,-0.0119,243.74476216634113,243.74476216634113,15.2,0.016831583342104148
JPM,2025-03-14,223.53646161747008,228.4556007389401,223.007318223366,227.7696685791016,11962100,0.0322,242.74631881713867,242.74631881713867,26.1,0.019718072445155003
JPM,2025-03-17,226.53496075554796,230.9347498826832,225.82944126080733,229.22970581054688,9586000,0.0064,241.95122393439797,241.95122393439797,29.77,0.019402297973865536
JPM,2025-03-18,229.6118912936414,231.42471087138168,228.82796244414868,230.2488250732422,10344900,0.0044,241.30109066433377,241.30109066433377,29.34,0.01900339559441015
JPM,2025-03-19,231.003350750558,237.46093622614148,230.1704235702104,234.30563354492188,10120600,0.0176,240.93290871068052,240.93290871068052,33.8,0.019306445129267373
JPM,2025-03-20,231.80687167408396,236.90238671351167,231.45410444315897,234.2076416015625,8328500,-0.0004,240.5966453552246,240.5966453552246,27.12,0.018797058684929365
JPM,2025-03-21,233.03175603733484,237.43154526163565,231.7480798478655,236.77500915527344,19326900,0.011,239.48885955810547,240.41466267903647,32.62,0.018646771979706243
JPM,2025-03-24,240.5476581024116,243.69316735348227,239.49916498685465,243.0758209228516,9422700,0.0266,238.83820114135742,240.5356244173917,47.84,0.019795762438620947
JPM,2025-03-25,244.30068326517667,246.76026012430495,242.6446375582317,246.0841217041016,9287700,0.0124,238.53099975585937,240.77686342985734,49.62,0.01982370922326145
JPM,2025-03-26,247.52459140779072,249.5529917555044,244.7612456285821,245.9861297607422,12779300,-0.0004,238.15079498291016,240.9939161936442,54.72,0.01976680564135637
JPM,2025-03-27,244.51627067852735,245.6039683943203,242.2134825115156,243.1345977783203,8022500,-0.0116,237.61527633666992,241.07954345703126,56.31,0.019888882771406165
JPM,2025-03-28,241.9783222140493,244.49667631604888,236.2654605973164,237.9705047607422,11978400,-0.0212,236.54717712402345,240.95996504563553,62.82,0.019519045355215182
JPM,2025-03-31,234.5996231402057,240.92002258119436,232.5908100746605,240.37127685546875,13603000,0.0101,235.79656982421875,240.93816177933306,69.79,0.019581876690880327
JPM,2025-04-01,237.74509401166455,240.75341646901336,236.04006495315247,238.7642059326172,8054700,-0.0067,235.47369003295898,240.86052049909318,69.12,0.017591303922228466
JPM,2025-04-02,236.74561869740597,242.28208917285224,236.6084322682575,240.88082885742188,7758800,0.0089,235.19392623901368,240.86122078731142,75.36,0.017683041980502412
JPM,2025-04-03,229.56290134081743,230.41541595904243,222.73294584761328,224.0950164794922,17188500,-0.0697,234.31935958862306,240.3023473103841,46.29,0.02315094405259353
JPM,2025-04-04,212.2834044818624,214.63980786720015,205.9930827481223,207.32411193847656,27170700,-0.0748,232.81496810913086,239.23853326612902,33.11,0.028015452033325804
JPM,2025-04-07,202.87751892186452,218.92867162545016,199.318263676067,211.42564392089844,22914400,0.0198,232.0085464477539,238.36938047409058,36.14,0.02731367500182396
JPM,2025-04-08,220.3780027140348,224.63726902095289,210.25236301213724,213.82147216796875,19485700,0.0113,231.47282180786132,237.62550446481416,34.54,0.027393431790543474
JPM,2025-04-09,209.51290511747,234.14175911605213,208.03399049311145,231.0458984375,24022400,0.0806,231.85907287597655,237.4319866404814,48.1,0.033015978587727236
JPM,2025-04-10,226.76691650517765,227.11200261323083,217.00608568202185,223.91754150390625,18896400,-0.0309,232.0216827392578,237.04585963657925,42.69,0.03371001100719582
JPM,2025-04-11,223.12876931722607,235.22629475740231,221.83718632835735,232.87974548339844,20284500,0.04,232.27718658447264,236.93013424343533,44.37,0.03412907542658729
JPM,2025-04-14,233.7670966934882,236.4094167729895,230.3458732012692,231.4205474853516,13017800,-0.0063,232.3867286682129,236.78122649321685,41.77,0.03415457548141668
JPM,2025-04-15,232.7811727531539,235.29531563163076,229.5472805772304,229.85292053222656,10912900,-0.0068,232.3669334411621,236.59890265213815,41.09,0.03418830016864033
JPM,2025-04-16,228.73880396905287,230.29659590484752,224.72600824712575,226.3824005126953,9322300,-0.0151,231.97077178955078,236.33694105881912,40.81,0.03410803887340158
JPM,2025-04-17,227.5556737150443,231.04590571903623,227.30918793654973,228.69937133789065,9557900,0.0102,231.6953582763672,236.1460018157959,44.75,0.03420269456913408
JPM,2025-04-21,227.38804889454264,228.55145446439505,223.1583448139033,225.77110290527344,8716200,-0.0128,231.1451629638672,235.89295550090512,41.78,0.03419078977243956
JPM,2025-04-22,228.71908031334863,232.6727218450888,228.1176544095649,232.27833557128903,10701400,0.0288,230.60528869628905,235.80689312162855,46.54,0.03429042984489066
JPM,2025-04-23,236.8432467380296,243.3208849193309,236.6263380579327,237.4939727783203,14126800,0.0225,230.17578125,235.84612753224928,48.25,0.034582296581373906
JPM,2025-04-24,236.36999583866177,242.0194453891773,234.2403552074537,241.20111083984372,9055200,0.0156,229.93653030395507,235.96783169833097,60.21,0.03478636264854072
JPM,2025-04-25,241.2109779890276,242.167344017777,238.35174896231777,240.1264495849609,8588600,-0.0045,229.7861228942871,236.06024542914497,74.1,0.034702229565866584
JPM,2025-04-28,241.12224659361283,243.3701956996928,237.45453699015647,239.80108642578125,7394300,-0.0014,229.87765197753907,236.14156805950662,72.07,0.03434771730713012
JPM,2025-04-29,238.7855619708841,241.80254545200495,238.29259042052325,241.181396484375,7216800,0.0058,229.91815795898438,236.2487984515251,71.62,0.034300788313789056
JPM,2025-04-30,237.8193419445802,241.7729683625272,235.07840628381985,241.181396484375,12991700,0.0,230.03901748657228,236.35156091054282,61.01,0.03425714524008093
JPM,2025-05-01,239.4264070028952,244.95754812328784,238.7658269637409,243.4194793701172,8689600,0.0093,230.16595001220702,236.49580414441166,73.69,0.03426207969845318
JPM,2025-05-02,247.72805089612245,250.0548771482027,245.9533654016641,248.96047973632807,7165000,0.0228,231.40922317504882,236.74509765625,71.31,0.030208093634862675
JPM,2025-05-05,247.64918980005876,251.57325431514832,247.0674869601665,249.00979614257807,5450700,0.0002,233.4935073852539,236.54667907714844,74.21,0.02362653448093788
JPM,2025-05-06,246.485764667048,249.09850775479987,245.49982160837985,245.74630737304688,6369900,-0.0131,235.20954055786132,236.33982543945314,70.9,0.024010565656766483
JPM,2025-05-07,246.3378940915429,248.90133717219615,245.33222789860997,245.8843536376953,8724100,0.0006,236.81268463134765,236.21294952392577,78.11,0.024047888078844486
JPM,2025-05-08,248.03371181647788,252.283124152028,248.0139887421597,249.9069976806641,8320100,0.0164,237.75573959350587,236.13928497314453,79.14,0.016995890370136053
JPM,2025-05-09,250.92252890731987,251.91832606188876,248.7928881161782,249.52249145507807,5087600,-0.0015,239.03598709106444,236.05283538818358,85.09,0.014962313183110186
JPM,2025-05-12,259.2044446904927,259.8946169218072,255.0635015683959,256.3945007324219,9603900,0.0275,240.21172485351562,235.9940756225586,85.24,0.013650444372947958
JPM,2025-05-13,257.3607186160682,259.9636227659981,256.7297306967061,259.3128967285156,8589000,0.0114,241.60634231567383,236.07266510009765,84.18,0.013457827892306639
JPM,2025-05-14,259.30304054504273,262.8918879441619,258.60302935469,261.90594482421875,8643100,0.01,243.20899353027343,236.40634796142578,83.61,0.013151116622593375
JPM,2025-05-15,263.2172398355203,265.7313827931952,261.03831393296224,263.7299194335937,9214600,0.007,245.07636947631835,236.7514242553711,87.41,0.012116513307748284
JPM,2025-05-16,263.7397655019056,264.6862624037603,260.9889759714906,263.7989196777344,8932900,0.0003,246.83134689331055,237.1956756591797,88.34,0.012212567944108759
JPM,2025-05-19,261.817181246086,264.5482629218792,258.2480719963219,261.1566162109375,12145000,-0.01,248.60062255859376,237.67056915283203,80.68,0.011984607452456374
JPM,2025-05-20,258.8297593604445,262.9115780411088,258.6128506853088,261.9453430175781,8436300,0.003,250.0839729309082,238.35839447021485,81.14,0.01089743934190622
JPM,2025-05-21,260.6340439477094,261.91575784118834,257.064935021364,257.3705749511719,7464000,-0.0175,251.0778030395508,239.01508666992189,69.55,0.011387734629855015
JPM,2025-05-22,255.79307750804892,258.6128603010642,255.2310827258566,257.0057983398437,6514100,-0.0014,251.86803741455077,239.68878509521485,63.19,0.011114972121564546
JPM,2025-05-23,253.20005483078515,258.30723306371834,252.40144329619352,257.04522705078125,6671800,0.0002,252.7139762878418,240.41638275146485,63.17,0.010991604451628152
JPM,2025-05-27,258.35653699260183,261.5706910214846,258.30722178470336,261.56085205078125,7506600,0.0176,253.8019645690918,241.09220642089844,74.91,0.011362454330867596
JPM,2025-05-28,262.49747628554394,262.9707397963694,259.2044300052784,259.7861328125,5535400,-0.0068,254.73220138549806,241.7033349609375,70.82,0.011628685041287895
JPM,2025-05-29,261.0777263969251,261.6791673467857,258.83964634422205,260.6537780761719,5081200,0.0033,255.7058204650879,242.3114340209961,67.78,0.011595292828966108
JPM,2025-05-30,259.74671429323007,261.600261993738,259.0368340780119,260.2889709472656,10977700,-0.0014,256.54929504394534,242.83110076904296,67.82,0.011583022966938758
JPM,2025-06-02,259.3227361836595,261.3044913883967,258.21848475626587,260.939697265625,6011200,0.0025,257.1482559204102,243.36574188232422,59.47,0.010648018100739846
JPM,2025-06-03,260.02276495317653,262.83267850504353,259.184707363763,262.52703857421875,6998400,0.0061,257.82411804199216,243.88078247070314,57.09,0.0106651375000389
JPM,2025-06-04,262.182005216077,263.3651188956681,260.4664437433463,260.5058898925781,5915700,-0.0077,258.5620971679688,244.22938385009766,46.83,0.010306135117134393
JPM,2025-06-05,261.0185820125706,261.0185820125706,256.6508610440278,258.267822265625,8173800,-0.0086,259.18127059936523,244.47305786132813,37.86,0.01061853394578997
JPM,2025-06-06,260.61431507286125,262.90171018684686,260.5453219261883,261.9946594238281,7738100,0.0144,259.78565368652346,244.79322845458984,46.55,0.010489573770880112
JPM,2025-06-09,262.26085974590114,264.13414558351,259.6481165969787,262.9904479980469,8285000,0.0038,260.45905151367185,245.19034545898438,53.74,0.010452210796109833
JPM,2025-06-10,262.1425742010461,265.12011173513696,262.1129971095637,264.8243408203125,7538100,0.007,260.8805435180664,245.72742218017578,55.63,0.008758598782429646
JPM,2025-06-11,264.9031944101953,265.8299833646017,262.05383439482847,264.3806457519531,7434100,-0.0017,261.1339309692383,246.20760955810547,66.36,0.008477181445690369
JPM,2025-06-12,263.108754096244,264.518675558384,261.41296089523235,264.4693603515625,6618000,0.0003,261.2621017456055,246.72171264648438,67.65,0.008208698851956039
JPM,2025-06-13,261.3537637738832,263.2664956490745,259.0170836192922,261.2256164550781,7098300,-0.0123,261.1368865966797,247.1286083984375,58.58,0.008534787944826575
JPM,2025-06-16,263.2467856983216,267.91030700344754,263.0989002634007,266.5595397949219,8566000,0.0204,261.27491760253906,247.9778988647461,59.93,0.00972724875908146
JPM,2025-06-17,264.4003547444176,266.78632001973784,264.0355305500715,265.7313537597656,6739300,-0.0031,261.50365447998047,249.14604370117186,62.27,0.009451453522300667
JPM,2025-06-18,266.2046518031783,273.8161341619834,265.92858892337074,270.1089782714844,9586400,0.0165,261.9118362426758,250.31971038818358,67.05,0.010070728819075985
JPM,2025-06-20,271.6963331378996,273.40199535536493,269.96106374392457,271.13433837890625,13969700,0.0038,262.6000244140625,251.46596771240235,69.1,0.009018021430797054
JPM,2025-06-23,271.19352924792304,274.63446132493044,268.2849848254327,274.3583984375,8094600,0.0119,263.4676544189453,252.33221771240235,71.67,0.009192725957316194
JPM,2025-06-24,276.2711076585184,278.7359654088068,275.580965541595,277.3063659667969,9267900,0.0107,264.48071136474607,253.39999420166015,72.86,0.009304909569966938
JPM,2025-06-25,277.5429742316298,280.283894762949,276.96127143090536,280.0669860839844,6826900,0.01,265.40601806640626,254.34373901367186,79.58,0.008857614921933685
JPM,2025-06-26,280.69798294148404,285.34176602692577,280.47120522055536,284.6910400390625,8942100,0.0165,266.65126342773436,255.4091488647461,87.26,0.008969398266503559
JPM,2025-06-27,281.79238274090324,284.6417726184297,281.0332174188349,283.0740966796875,17868600,-0.0057,267.7722793579102,256.4735723876953,81.61,0.009260163690720944
JPM,2025-06-30,286.31784977059453,288.5362215871362,284.8586733435247,285.8347473144531,12689200,0.0098,269.04956817626953,257.6626193237305,82.53,0.009244235757316083
JPM,2025-07-01,286.80096120516055,287.03757788649216,282.56138843689246,286.32769775390625,9338300,0.0017,270.31896820068357,258.8151858520508,81.84,0.009256116043488515
JPM,2025-07-02,287.93486241282807,288.703896910252,285.62775892055635,287.8954162597656,8158700,0.0055,271.58738708496094,260.05767211914065,83.7,0.009252277102364937
JPM,2025-07-03,289.43094323142554,293.6413883261785,288.4996894270786,293.2451171875,6541600,0.0186,273.224348449707,261.27700775146485,85.83,0.009272078912974166
JPM,2025-07-07,292.50209620860613,293.28475211178096,287.38020030669605,289.25262451171875,8825700,-0.0136,274.7735885620117,262.3121807861328,84.26,0.009741278150222339
JPM,2025-07-08,286.5777506799395,287.0037716436535,277.7011499441943,280.1481628417969,15440900,-0.0315,275.68126373291017,263.0911218261719,65.21,0.012582489921775342
JPM,2025-07-09,284.5072025788075,284.5270357878685,279.8509637155815,280.5246276855469,11273800,0.0013,276.55797271728517,263.8990853881836,66.73,0.012591035867255938
JPM,2025-07-10,280.3661434799506,285.6267213505897,280.3661434799506,285.5078430175781,8410900,0.0178,277.59214782714844,264.8132205200195,67.18,0.012983328378712173
JPM,2025-07-11,282.86263015148194,284.70533469446724,281.0100392381615,284.1901550292969,7384700,-0.0046,278.58262329101564,265.67339569091797,64.47,0.013064455595240054
JPM,2025-07-14,284.39825755240173,286.60748367671823,282.6051055730771,286.0130920410156,9079900,0.0064,279.6598098754883,266.5700296020508,63.33,0.01305210106095039
JPM,2025-07-15,285.3196042033426,289.2328539238584,282.82306855064246,283.8830871582031,12526100,-0.0074,280.79268341064454,267.3793017578125,57.67,0.012772936026491375
JPM,2025-07-16,285.7158562387447,288.0241878683028,280.3760366699049,283.1598815917969,9979800,-0.0025,281.6227005004883,268.0632897949219,53.78,0.012265333046307437
JPM,2025-07-17,280.8020357673763,287.5981754634707,280.8020357673763,287.201904296875,8509500,0.0143,282.69622802734375,268.82713195800784,53.12,0.012418190180876608
JPM,2025-07-18,286.825430293332,289.7777063567027,285.54745807447995,288.55914306640625,12217000,0.0047,283.61873626708984,269.683388671875,56.85,0.012067148749699226
JPM,2025-07-21,288.29168247329045,291.4420791700386,287.8755780824213,288.261962890625,7898100,-0.001,284.4751174926758,270.53094085693357,53.23,0.012106130460921082
JPM,2025-07-22,288.7870071326712,290.8971880427412,286.4885921354602,288.7176513671875,6717500,0.0016,285.19308013916014,271.3071539306641,53.18,0.011931916509050278
JPM,2025-07-23,290.11454735759395,294.2259174432094,289.82723790945846,293.9980773925781,7083500,0.0183,286.02766571044924,272.19666564941406,57.4,0.01231724935117198
JPM,2025-07-24,294.6519062776982,296.80169301766455,293.443259686642,293.7899780273437,7001200,-0.0007,286.7138153076172,272.9445751953125,50.75,0.012229725434797199
JPM,2025-07-25,293.9386151952536,296.1181215809882,293.20548184137607,295.8407287597656,5918500,0.007,287.2712997436523,273.6751318359375,59.65,0.011834427920711906
JPM,2025-07-28,294.8896814285751,296.64319715105114,294.05750293823644,295.50390625,5840400,-0.0011,287.89279022216795,274.34709106445314,80.25,0.011721060666931724
JPM,2025-07-29,297.2079252413877,298.4859277853207,293.4433036150849,294.2754821777344,7635700,-0.0042,288.31482696533203,274.95800231933595,76.21,0.01166308165470043
JPM,2025-07-30,294.65191611543503,297.8121988713861,294.6122799312847,296.8413391113281,8061700,0.0087,288.84050903320315,275.6188507080078,73.79,0.011772966356959678
JPM,2025-07-31,296.3559134765009,298.17878493737805,292.7497765059144,293.4828796386719,14749700,-0.0113,289.11988220214846,276.2653759765625,67.97,0.012095993247004487
JPM,2025-08-01,287.6972620199026,289.0842262737886,281.5945890692511,286.6768493652344,12007100,-0.0232,288.79146881103514,276.76000610351565,51.08,0.012506440446089293
JPM,2025-08-04,287.5585597880286,291.5807709484115,287.5585597880286,291.5213317871094,6649500,0.0169,288.9049041748047,277.4430212402344,61.38,0.012752703531738682
JPM,2025-08-05,291.9473110106125,293.03707931410463,284.56663635989554,288.658203125,7182300,-0.0098,289.33040618896484,278.0760693359375,57.7,0.010636649650593594
JPM,2025-08-06,289.5795679968632,290.5603746805144,287.4595005797776,288.638427734375,6330200,-0.0001,289.73609619140626,278.7079333496094,52.27,0.010643055556509443
JPM,2025-08-07,290.21362859909465,290.72877810831733,283.7444041002437,284.2694702148437,8057100,-0.0151,289.6741775512695,279.16210571289065,43.82,0.010531430402171808
JPM,2025-08-08,286.2904634268994,288.5195225943897,282.0601851240125,286.072509765625,6634100,0.0063,289.76829528808594,279.6878332519531,46.98,0.010571256958574497
JPM,2025-08-11,286.70653676779995,288.6086805550258,286.0923119695598,286.86505126953125,5510100,0.0028,289.8108932495117,280.2120587158203,47.46,0.010493902991737592
JPM,2025-08-12,288.78700908878795,292.00676133420325,287.6378015823982,290.1244506835937,8570900,0.0114,290.1229614257812,280.8087683105469,44.39,0.010617636767488092
JPM,2025-08-13,291.21423332900423,291.808624970505,284.48741907286416,287.8260498046875,8420400,-0.0079,290.3562698364258,281.34649536132815,41.85,0.010782715213174287
JPM,2025-08-14,287.8755435263192,291.46187739425125,286.9443199700671,291.4222412109375,6322400,0.0125,290.5672866821289,281.9243994140625,44.21,0.010671748241329299
JPM,2025-08-15,292.0959281808534,292.7497892060912,287.1226600740198,287.7864074707031,7340500,-0.0125,290.5286499023438,282.470009765625,40.69,0.011027196045757876
JPM,2025-08-18,287.3009827951957,289.1832935323159,285.7257844830691,288.8167419433594,5386900,0.0036,290.55638885498047,283.0809881591797,43.38,0.011054715592999417
JPM,2025-08-19,288.12323486532705,289.7579025190641,286.83534604543564,287.954833984375,6031500,-0.003,290.5182479858398,283.6001916503906,38.76,0.011071019541316405
JPM,2025-08-20,288.1034577259254,290.5999934515376,284.59639568977303,289.5201416015625,7374200,0.0054,290.2943511962891,284.13078552246094,44.75,0.010292883335995808
JPM,2025-08-21,289.2229206266122,290.04518252461884,286.77590767522184,288.7572937011719,6624000,-0.0026,290.04271697998047,284.6094445800781,53.28,0.010301502189895423
JPM,2025-08-22,290.4711947382056,294.3943304858857,287.42976002403793,293.4828796386719,8552800,0.0164,289.9248245239258,285.1914892578125,53.11,0.01087505111905707
JPM,2025-08-25,293.4828900064588,294.58257497799383,291.4024588552954,292.1553649902344,5856300,-0.0045,289.7573974609375,285.7452093505859,55.82,0.010914061427447823
JPM,2025-08-26,291.42226929827126,295.9596301346493,290.7684082615478,295.7912292480469,6714700,0.0124,289.83318481445315,286.4365216064453,60.62,0.011244863154721813
JPM,2025-08-27,294.48349281779485,298.2679473154416,294.2754557542009,296.4945983886719,6056500,0.0024,289.8158477783203,287.0352227783203,70.38,0.011084862841304149
JPM,2025-08-28,297.2277289724018,298.43637574745594,295.92003707552567,298.2679748535156,6410500,0.006,290.0551025390625,287.68595520019534,70.35,0.010828281683190805
JPM,2025-08-29,299.228909855917,300.1304440767961,296.9404115388967,298.6146850585937,6796400,0.0012,290.6519943237305,288.2560693359375,69.9,0.009230264864763273
JPM,2025-09-02,297.4654912302876,297.6636116910732,291.7590898491636,296.91070556640625,7221900,-0.0057,290.9214630126953,288.7715966796875,62.13,0.00868927954132951
JPM,2025-09-03,297.77260531660534,297.77260531660534,293.62159918539595,296.72247314453125,6316900,-0.0006,291.3246765136719,289.2188781738281,67.2,0.008325585169887567
JPM,2025-09-04,297.2079158871201,301.5966788556673,295.50392262669186,300.99237060546875,6605800,0.0144,291.94237365722654,289.6925982666016,68.04,0.008803855315772277
JPM,2025-09-05,300.82391058861464,302.3099500253114,291.57084199080845,291.64019775390625,9837700,-0.0311,292.3109100341797,289.9240625,55.98,0.010924837708056244
JPM,2025-09-08,292.1454512845812,293.7008161999689,288.7275485985168,290.1838684082031,8188500,-0.005,292.51647796630857,290.03391906738284,52.09,0.010947270748552099
JPM,2025-09-09,289.8767732101451,296.21720226202,289.58946377934626,295.0779113769531,7848200,0.0169,292.9271209716797,290.2739953613281,59.7,0.011523078673048377
JPM,2025-09-10,293.93863182647567,298.73358242665296,292.6507127572817,297.7428894042969,7787300,0.009,293.3080429077148,290.512158203125,60.88,0.011426482398358613
JPM,2025-09-11,298.43635491424595,302.8845871215956,297.99056119650595,302.7161560058594,7942500,0.0167,294.05254821777345,290.83992736816407,66.61,0.011697479485589562
JPM,2025-09-12,302.1613616302637,304.6876166586702,300.8734728380468,304.0535888671875,6846700,0.0044,294.6841156005859,291.1630908203125,63.68,0.011474589775949073
JPM,2025-09-15,304.3111754287576,307.0653006989229,304.3111754287576,306.0250549316406,7122000,0.0065,295.59604797363284,291.4186895751953,67.66,0.010969786257093389
JPM,2025-09-16,307.11483685892506,308.00645453212775,304.271552722793,306.3123779296875,10525600,0.0009,296.47082977294923,291.7598846435547,64.64,0.0109804359514643
JPM,2025-09-17,307.5012132983712,309.99774876224666,305.8962652499324,308.8485412597656,8657800,0.0083,297.51551513671876,292.3338922119141,66.36,0.010945852374782216
JPM,2025-09-18,308.8881884357977,310.5228258893637,306.7284546518725,310.3147888183594,8050700,0.0047,298.5552474975586,292.9296954345703,66.08,0.01094081085227518
JPM,2025-09-19,310.6813313111796,312.8608377743073,306.2430157804659,311.850341796875,23568600,0.0049,299.70989990234375,293.45654541015625,67.13,0.010847599783022546
JPM,2025-09-22,306.9166908790444,310.78041791156915,306.6789342248159,309.5321350097656,7520200,-0.0074,300.5123626708984,293.9633850097656,66.08,0.010709887217451242
JPM,2025-09-23,308.9178945679837,313.3660964063979,307.68941470486936,309.8293151855469,8584400,0.001,301.39606018066405,294.43970947265626,66.65,0.010584620173181724
JPM,2025-09-24,311.12713244988527,313.633584594132,308.76930844625,310.5030212402344,7310500,0.0022,302.13164978027345,294.97210815429685,63.3,0.010350757663597653
JPM,2025-09-25,311.1964927670822,312.7122519083539,308.8980776591185,310.5327453613281,7083200,0.0001,302.83355712890625,295.5195654296875,85.73,0.010364519436900775
JPM,2025-09-26,311.96923117025176,314.8521515347066,310.78041766649494,313.1184387207031,7258100,0.0083,303.5760803222656,296.03789611816404,91.59,0.010419529992430423
JPM,2025-09-29,314.1091367340854,315.0503072271631,310.74078640307744,312.7518920898437,6462400,-0.0012,304.2829406738281,296.5217510986328,88.35,0.010448886870959247
JPM,2025-09-30,313.3066687483855,314.45587628391564,307.22379907069933,312.4942932128906,11823300,-0.0008,305.06212005615237,297.00639770507814,85.74,0.010306303640822996
JPM,2025-10-01,311.0478755707353,311.66210037984325,304.54893205251216,307.8182067871094,9235200,-0.015,305.6169067382813,297.3884088134766,62.54,0.011020597939647723
JPM,2025-10-02,307.11483202977473,307.66961769475733,303.29077153660535,304.6876220703125,7600000,-0.0102,305.8016693115234,297.6021997070313,51.43,0.010923244168189867
JPM,2025-10-03,305.63868886394835,308.7593655809934,305.34146284155645,307.14453125,6029900,0.0081,306.57688598632814,297.8692907714844,52.47,0.008068300544985278
JPM,2025-10-06,308.78713549615594,310.3500927332471,303.759824574425,307.7916259765625,7214500,0.0021,307.45727386474607,298.1083087158203,53.22,0.00786911852215918
JPM,2025-10-07,307.9608684999428,308.617908412618,303.3317554221121,306.3083190917969,8454200,-0.0048,308.01879425048827,298.32439697265625,44.21,0.007325291443815824
JPM,2025-10-08,306.82598699255016,307.3934347220047,302.1869088878288,302.6647644042969,6489900,-0.0119,308.26488800048827,298.4921826171875,34.13,0.007736820712465898
JPM,2025-10-09,303.68016451672463,306.65675861669814,302.0276454614978,304.15802001953125,7060300,0.0049,308.33698120117185,298.6385162353516,34.01,0.006864897361903738
JPM,2025-10-10,304.28744895257694,309.07584739868366,299.45922161840923,299.53887939453125,8597400,-0.0152,308.1112457275391,298.75963623046874,31.04,0.007601514738247155
JPM,2025-10-13,304.2277139599526,308.0703661064548,304.0783936087615,306.5870666503906,10788700,0.0235,308.13934631347655,299.15784057617185,45.1,0.009228324532882973
JPM,2025-10-14,304.46663636257074,305.62143108333873,292.8888554642275,300.7235107421875,16178800,-0.0191,307.8599029541016,299.3418841552734,37.23,0.010174988684850776
JPM,2025-10-15,305.014160038565,310.71840983834574,304.0684138931284,304.3172912597656,11354800,0.012,307.6333404541016,299.6550659179687,42.58,0.010382115188605493
JPM,2025-10-16,303.97881882847634,307.29385195347595,295.73600173818085,297.19940185546875,10549400,-0.0234,306.97757110595705,299.82628540039065,32.84,0.01145974533564747
JPM,2025-10-17,297.8166372560658,298.2048701782948,292.878918450451,296.22381591796875,10153500,-0.0033,306.19624481201174,300.0653723144531,32.42,0.011342397175386239
JPM,2025-10-20,297.15957582421487,302.3262723870789,296.8211062511852,301.0022277832031,6894900,0.0161,305.7697494506836,300.3639666748047,38.85,0.012006406184770006
JPM,2025-10-21,300.3054062195614,302.6846581805869,295.66632819879106,295.75592041015625,7372700,-0.0174,305.0660797119141,300.5417840576172,38.42,0.012512751390818097
JPM,2025-10-22,296.43284443493457,296.7215506882625,289.2353303984808,292.7892761230469,8054100,-0.01,304.1803924560547,300.59508056640624,38.54,0.012581582194871795
JPM,2025-10-23,293.05809154328034,295.0391457269973,291.1964936387067,293.2173767089844,5438800,0.0015,303.3146240234375,300.70290710449217,36.05,0.012602794176397184
JPM,2025-10-24,294.7504440610291,301.24118554737896,294.1232985857486,299.09088134765625,7228300,0.02,302.61324615478514,300.85627990722656,42.11,0.013391532084826834
JPM,2025-10-27,300.803156009706,303.1625086782835,299.6583261537955,302.7842102050781,5642200,0.0123,302.1148620605469,301.15623596191404,46.93,0.013779469854594675
JPM,2025-10-28,303.4910147760203,306.58706515142967,301.7986668365627,303.98876953125,6336000,0.004,301.68958587646483,301.45967651367187,51.21,0.013834544863454907
JPM,2025-10-29,302.14710352264194,306.86580891607514,301.649348763654,304.1381225585937,7520300,0.0005,301.5055816650391,301.78334228515627,49.98,0.013455043077245257
JPM,2025-10-30,304.41687231061707,311.20622431916547,303.7299682940369,308.05047607421875,7514600,0.0129,301.67372436523436,302.15394897460936,58.05,0.013570882141749752
JPM,2025-10-31,307.1544993342095,311.46504195719143,305.8702836157328,309.722900390625,7721300,0.0054,301.8026428222656,302.5732611083984,53.3,0.01350604055891091
JPM,2025-11-03,309.60346109874524,310.9175409580823,304.8349619855608,307.9608764648437,7770000,-0.0057,301.8111053466797,302.8628210449219,58.34,0.01357002404683124
JPM,2025-11-04,305.332725363194,310.8179927016808,303.7299695714597,307.861328125,7085200,-0.0003,301.88875579833984,303.1769403076172,54.44,0.013521460525285028
JPM,2025-11-05,308.2196835392686,311.6940323736288,304.2575751493287,310.2803955078125,6865200,0.0079,302.2695373535156,303.4667236328125,68.59,0.013301171297849525
JPM,2025-11-06,309.5934925630536,313.42621024981315,308.8667900648387,312.0126037597656,7206100,0.0056,302.66226654052736,303.7770837402344,71.97,0.013311976206646215
JPM,2025-11-07,310.4894827215045,313.0180550604519,306.2585672077333,312.7990417480469,7302300,0.0025,303.3252746582031,304.067705078125,68.46,0.012728314892396368
JPM,2025-11-10,313.58548301728496,318.1250037695683,312.7990220295163,315.4670104980469,5794100,0.0085,303.76927185058594,304.4047515869141,83.56,0.011819787156334577
JPM,2025-11-11,316.0742604403922,317.617287984815,313.86422817579216,314.20269775390625,5030200,-0.004,304.4432312011719,304.7505914306641,88.7,0.010879554702574687
JPM,2025-11-12,314.8398332015723,320.8029251766445,314.7900394999871,318.97119140625,10578300,0.0152,305.1759262084961,305.19556579589846,90.23,0.011052566979761057
JPM,2025-11-13,317.7965194699941,319.1902267414606,307.7120030298724,308.0903015136719,8973300,-0.0341,305.72047119140626,305.3375244140625,62.16,0.01252835100671144
JPM,2025-11-14,306.1291237470128,306.25854483769064,299.8773255538296,302.2466125488281,10327000,-0.019,306.02161102294923,305.5496527099609,49.31,0.013335843075198318
JPM,2025-11-17,302.6348834912671,304.2177399270206,296.3333218175865,299.02117919921875,8344000,-0.0107,305.92255859375,305.72639892578127,43.97,0.013093006369412368
JPM,2025-11-18,298.15508292828906,301.5896027135679,295.686208533325,298.06549072265625,8077300,-0.0032,306.038037109375,305.7861505126953,42.77,0.012484654791509337
JPM,2025-11-19,298.3939949218268,303.0828663383219,297.9261042618115,301.9081420898437,5546600,0.0129,306.49398040771484,305.86945556640626,42.67,0.012524414052897653
JPM,2025-11-20,304.9643777592117,308.52831879604355,296.8211173091691,297.0401306152344,7501600,-0.0161,306.6851181030273,305.75593505859376,35.94,0.013135933040408831
JPM,2025-11-21,299.93706770739834,300.3253006170368,291.4951361556371,296.6817321777344,11766800,-0.0012,306.5646606445313,305.6084979248047,37.1,0.012329728728821042
JPM,2025-11-24,296.9007472780177,298.4736693208262,293.18751624004057,296.6618347167969,10940200,-0.0001,306.2585418701172,305.4212335205078,37.17,0.011967653773488955
JPM,2025-11-25,298.70260864804214,303.13263800592705,294.23278078476807,301.6393737792969,8877200,0.0168,306.14107208251954,305.3277734375,40.65,0.012573233892929652
JPM,2025-11-26,303.6303853642607,307.1445325435829,301.83848048809654,306.258544921875,7910900,0.0153,306.2470932006836,305.2759735107422,44.14,0.013049908247307987
JPM,2025-11-28,307.7119943927136,312.3112434497268,306.85584041963983,311.6741027832031,4322400,0.0177,306.4282745361328,305.30315979003905,48.95,0.013332394265176243
JPM,2025-12-01,311.5447084439427,312.6298101472411,307.1545079277028,307.5328063964844,7727300,-0.0133,306.31876983642576,305.21680908203126,42.81,0.013635490649887045
JPM,2025-12-02,307.3535906208714,309.0857977944923,305.7110060363412,306.4974670410156,7249000,-0.0034,306.2455993652344,305.15611572265624,42.99,0.013596884318030139
JPM,2025-12-03,305.8205388774128,310.9573413023751,305.4223107621409,310.7283935546875,8535300,0.0138,306.3889526367187,305.1740972900391,42.43,0.013949664210257768
JPM,2025-12-04,311.8533290542866,317.0598245188333,311.594486851423,314.6805725097656,9627800,0.0127,306.6089614868164,305.25764831542966,56.94,0.0141228994712022
JPM,2025-12-05,314.22264749671507,317.0498909600222,313.26693645912985,313.6253356933594,6518900,-0.0034,306.6895980834961,305.31950012207034,63.32,0.014105111988585042
JPM,2025-12-08,313.64523530818684,315.0489074144988,311.9429224901236,313.7945556640625,7417200,0.0005,306.7393737792969,305.3330224609375,68.63,0.014096116486465311
JPM,2025-12-09,313.5357437758637,317.36843122488773,298.6727631596137,299.1605834960937,18049200,-0.0466,305.9240524291992,305.0611962890625,51.03,0.01739603403077837
JPM,2025-12-10,299.1506059920777,309.7926050217065,297.1197580970947,308.7174377441406,18874100,0.0319,305.64978942871096,304.9856591796875,55.77,0.019011361561472966
JPM,2025-12-11,307.85134172095206,316.57201448320507,307.85134172095206,315.9548034667969,9721900,0.0234,305.4989700317383,305.14839111328126,65.4,0.019455873825551723
JPM,2025-12-12,318.2444858866232,318.8318328758901,315.1783298378069,317.0896911621094,8982900,0.0036,305.94893951416014,305.3964324951172,66.41,0.017761833712826625
JPM,2025-12-15,318.15488497356307,321.43011981246894,316.9602917736724,318.5829467773437,10864100,0.0047,306.76575622558596,305.62520080566406,67.22,0.017094605951339683
JPM,2025-12-16,317.65713843404893,318.0852002489096,312.9881962174831,314.1330261230469,8331300,-0.014,307.52134857177737,305.75202880859376,59.9,0.017246662529923053
JPM,2025-12-17,317.0000717018951,317.93585302959536,313.247011955208,313.5655822753906,8718700,-0.0018,308.2963531494141,305.8971740722656,56.18,0.01722470991276621
JPM,2025-12-18,314.5810110073882,316.2733893580616,310.8179862048632,311.594482421875,11444900,-0.0063,308.7806701660156,306.07576843261717,49.93,0.017159465701410807
JPM,2025-12-19,312.38092757719465,317.12949684979,311.7836158143462,315.7855529785156,24494400,0.0135,309.7179412841797,306.3083190917969,57.41,0.01681555983699556
JPM,2025-12-22,316.0842305232393,321.778546068669,316.0842305232393,321.63916015625,8354600,0.0185,310.96581268310547,306.75032470703127,62.51,0.017119114432334624
JPM,2025-12-23,322.15681084289565,326.3080987754714,321.63915684610726,324.4664001464844,6668300,0.0088,312.35604095458984,307.1079113769531,61.62,0.017117814666229084
JPM,2025-12-24,324.7749981915486,328.5081586858931,324.0383309091034,327.6918640136719,4289300,0.0099,313.6586654663086,307.6472784423828,61.15,0.01692789274043223
JPM,2025-12-26,327.6321237138718,329.3742653747722,325.0736873353596,326.4375305175781,4158300,-0.0038,314.66761474609376,308.08968322753907,60.94,0.016811543653097394
JPM,2025-12-29,325.5316095182794,326.2981409033925,322.077190306029,322.29620361328125,8635300,-0.0127,315.19871978759767,308.5916192626953,56.8,0.016817253045607633
JPM,2025-12-30,323.35145488056963,323.48087598310644,321.0418654305578,321.9677124023437,7904300,-0.001,315.92046508789065,309.1064971923828,73.64,0.016457034170354323
JPM,2025-12-31,322.8835465614906,323.42113019633854,320.59388687095947,320.7730712890625,5048500,-0.0037,316.63424530029295,309.5019140625,65.12,0.016462749019017363
JPM,2026-01-02,321.0518034652283,324.2673099842148,319.2996970795839,324.0184326171875,8054000,0.0101,317.29874725341796,310.0671643066406,61.24,0.016348290591470326
JPM,2026-01-05,324.03834873814424,335.7355855973553,323.7297432174082,332.5400085449219,10752600,0.0263,318.1917190551758,310.86217895507815,67.86,0.017074094720550048
JPM,2026-01-06,332.6199951171875,335.8699951171875,330.6499938964844,334.6099853515625,7660800,0.0062,319.24095153808594,311.6900311279297,68.28,0.017022674506916365
JPM,2026-01-07,331.1400146484375,332.1499938964844,324.6000061035156,326.989990234375,9815200,-0.0228,319.9007232666016,312.2480133056641,63.67,0.017999090620303405
JPM,2026-01-08,326.3900146484375,331.3999938964844,325.6499938964844,329.7900085449219,11737100,0.0086,321.432194519043,312.78812927246094,66.47,0.013881911744576458
JPM,2026-01-09,329.3399963378906,331.8999938964844,328.1700134277344,329.19000244140625,6738100,-0.0018,322.45582275390626,313.2921539306641,68.38,0.01240811597726514
JPM,2026-01-12,321.8800048828125,326.0199890136719,321.2300109863281,324.489990234375,12805100,-0.0143,322.88258209228513,313.6991912841797,59.0,0.012049939943069353
JPM,2026-01-13,324.29998779296875,326.8599853515625,310.57000732421875,310.8999938964844,19371200,-0.0419,322.5730972290039,313.756181640625,40.43,0.015432974778904911
JPM,2026-01-14,308.20001220703125,311.760009765625,306.1199951171875,307.8699951171875,25951500,-0.0097,322.0374496459961,313.71912353515626,35.27,0.015494972868983204
JPM,2026-01-15,308.4700012207031,312.94000244140625,307.75,309.260009765625,14751400,0.0045,321.793798828125,313.7451062011719,33.09,0.015265961448509153
JPM,2026-01-16,310.3500061035156,317.2099914550781,310.0,312.4700012207031,14652500,0.0104,321.7390197753906,313.83727966308595,37.63,0.01546093208874002
JPM,2026-01-20,306.2099914550781,311.1499938964844,301.8599853515625,302.739990234375,12900600,-0.0311,321.2962951660156,313.6864715576172,34.24,0.016913961844084818
JPM,2026-01-21,303.42999267578125,305.3999938964844,301.1499938964844,302.0400085449219,10270100,-0.0023,320.60901794433596,313.4870196533203,34.03,0.016551415903814752
JPM,2026-01-22,304.8599853515625,308.20001220703125,302.8999938964844,303.6300048828125,10535800,0.0053,319.70856018066405,313.30363891601564,36.35,0.015939012054175663
JPM,2026-01-23,302.0,302.3699951171875,296.510009765625,297.7200012207031,11107900,-0.0195,318.371240234375,312.9486987304688,29.91,0.01611489258908957
JPM,2026-01-26,297.8099975585937,301.7799987792969,297.45001220703125,301.0400085449219,11752700,0.0112,317.0386474609375,312.68544494628907,23.86,0.01617711183643175
JPM,2026-01-27,301.3299865722656,301.9700012207031,298.1499938964844,300.3099975585937,11527400,-0.0024,315.7322708129883,312.3122210693359,20.89,0.016181506663309697
JPM,2026-01-28,300.2699890136719,301.9200134277344,298.04998779296875,300.7699890136719,9556700,0.0015,314.6559600830078,312.16581481933594,24.67,0.01609235189379363
JPM,2026-01-29,302.3999938964844,306.8299865722656,302.2200012207031,306.4200134277344,11580000,0.0188,313.87857513427736,312.24928283691406,28.6,0.016834522799733177
JPM,2026-01-30,305.25,307.92999267578125,302.5599975585937,305.8900146484375,11953200,-0.0017,313.1344223022461,312.38665954589845,28.64,0.016831896412528937
JPM,2026-02-02,304.4599914550781,309.29998779296875,301.3699951171875,308.1400146484375,9839400,0.0074,312.3405014038086,312.58815002441406,34.31,0.016738366737905786
JPM,2026-02-03,309.7300109863281,316.25,309.1000061035156,314.8500061035156,12688000,0.0218,311.4560012817383,312.8469873046875,54.37,0.01635870603556082
JPM,2026-02-04,314.4100036621094,319.3099975585937,314.4100036621094,317.2699890136719,9848800,0.0077,310.58900146484376,313.25158447265625,60.54,0.016404501147390494
JPM,2026-02-05,315.0,316.010009765625,305.5400085449219,310.1600036621094,9388000,-0.0224,309.7475021362305,313.5211499023437,50.89,0.016378692030549268
JPM,2026-02-06,314.7099914550781,324.25,314.7099914550781,322.3999938964844,17797400,0.0395,309.3780014038086,314.0359130859375,58.37,0.01876406139405857
JPM,2026-02-09,321.3399963378906,326.3999938964844,320.1099853515625,322.1000061035156,11477500,-0.0009,309.02350158691405,314.4451257324219,69.39,0.018762994795186876
JPM,2026-02-10,322.54998779296875,326.1300048828125,315.1199951171875,318.2799987792969,9902200,-0.0119,308.71300201416017,314.6855548095703,65.31,0.018680309785552535
JPM,2026-02-11,323.239990234375,325.2799987792969,308.7300109863281,310.82000732421875,8703500,-0.0234,308.70900268554686,314.6684729003906,56.1,0.01691154697396518
JPM,2026-02-12,312.2799987792969,313.6199951171875,300.0199890136719,302.6400146484375,13443400,-0.0263,308.4475036621094,314.5706170654297,54.02,0.017803722260128323
JPM,2026-02-13,298.5199890136719,304.2900085449219,296.5199890136719,302.54998779296875,9114500,-0.0003,308.11200256347655,314.4916674804688,51.3,0.017762381893381165
JPM,2026-02-17,302.760009765625,308.239990234375,302.5,307.1300048828125,8896800,0.0151,307.84500274658205,314.41969970703127,55.52,0.017950266821063345
JPM,2026-02-18,308.4599914550781,312.2799987792969,307.2200012207031,308.7799987792969,7209600,0.0054,308.1470031738281,314.3016882324219,56.36,0.016492585255836995
JPM,2026-02-19,307.1700134277344,309.17999267578125,305.1199951171875,308.04998779296875,6737700,-0.0024,308.44750213623047,314.19018127441404,51.4,0.016493694967599275
JPM,2026-02-20,308.3999938964844,311.0,305.67999267578125,310.7900085449219,7790700,0.0089,308.8055023193359,314.1300903320313,54.06,0.016561161763214788
MSFT,2025-02-21,415.1145844657973,415.8207899827264,405.71499358869687,406.03326416015625,27524800,,406.03326416015625,406.03326416015625,,
MSFT,2025-02-24,406.3316944915949,407.1870941067446,397.1906962904959,401.8457336425781,26443700,-0.0103,403.9394989013672,403.9394989013672,,
MSFT,2025-02-25,398.9611771958944,399.7768119064437,394.5846458623518,395.7782287597656,29387400,-0.0151,401.2190755208333,401.2190755208333,,0.0033941125496954293
MSFT,2025-02-26,395.8876811696496,401.4478696916858,392.1477210913464,397.5985107421875,19619000,0.0046,400.3139343261719,400.3139343261719,,0.01027245507818522
MSFT,2025-02-27,399.13030635306495,403.5764722898777,390.0788543559985,390.4369201660156,21127400,-0.018,398.3385314941406,398.3385314941406,,0.010048217088949991
MSFT,2025-02-28,390.5662102627109,395.5097097881717,384.50868780557136,394.87310791015625,32845700,0.0114,397.7609608968099,397.7609608968099,,0.012836159861890158
MSFT,2025-03-03,396.693360360252,396.693360360252,384.1008642400347,386.4184265136719,23007700,-0.0214,396.1405988420759,396.1405988420759,,0.013192977930197056
MSFT,2025-03-04,381.3555708063787,390.4866125450391,378.9683745181786,386.5377807617188,29342900,0.0003,394.94024658203125,394.94024658203125,,0.012458158543128045
MSFT,2025-03-05,387.2639110911412,399.52818059067016,386.73673843465946,398.8816223144531,23433100,0.0319,395.37817721896704,395.37817721896704,,0.01793016213774193
MSFT,2025-03-06,392.1775831353154,400.0056131492676,390.586108729763,394.773681640625,23304600,-0.0103,395.31772766113284,395.31772766113284,,0.016994737747641504
MSFT,2025-03-07,390.2280267594304,392.6947831487431,383.4841811851977,391.2127380371094,22034100,-0.009,394.94454678622157,394.94454678622157,,0.01613515485584883
MSFT,2025-03-10,383.7825787420743,384.3395902213564,375.20854809150063,378.13287353515625,32840100,-0.0334,393.5435740152995,393.5435740152995,,0.01775088730176607
MSFT,2025-03-11,376.9790454259089,383.9417190881288,374.900193646485,378.42132568359375,30380200,0.0008,392.3803241436298,392.3803241436298,,0.017048458119209027
MSFT,2025-03-12,380.9080172396425,383.1659020465141,376.92934634163805,381.2262878417969,24253600,0.0074,391.5836072649275,391.5836072649275,31.88,0.016722639345111364
MSFT,2025-03-13,381.1168495701804,383.2653352756173,375.4373059496749,376.750244140625,20473000,-0.0117,390.59471638997394,390.59471638997394,29.92,0.016175147128090817
MSFT,2025-03-14,377.7548866940246,388.1491759928466,377.4863373507309,386.4880676269531,19952800,0.0258,390.33805084228516,390.33805084228516,40.21,0.01752180953908042
MSFT,2025-03-17,384.6379840789578,390.61591588488574,383.5140048019888,386.6273193359375,22474300,0.0004,390.1197725183824,390.1197725183824,43.69,0.016950707949817317
MSFT,2025-03-18,385.0060028133576,385.3043909573064,379.06783591000334,381.4749145507813,19486900,-0.0133,389.6395026312934,389.6395026312934,39.37,0.01660468794541788
MSFT,2025-03-19,383.47424708645485,387.602112077264,381.9524066802821,385.7520446777344,19185500,0.0112,389.4348995811061,389.4348995811061,46.79,0.016478487659841713
MSFT,2025-03-20,383.6830812176145,389.7008385815923,381.2362073514129,384.7772216796875,18470500,-0.0025,389.20201568603517,389.20201568603517,42.74,0.016014280907441836
MSFT,2025-03-21,381.1765391094654,389.6510965833373,380.7587653391681,389.1736755371094,39675900,0.0114,388.3590362548828,389.20066615513394,52.1,0.015902594955408675
MSFT,2025-03-24,393.29158399443577,393.29158399443577,387.73139545576913,390.9839477539063,21004500,0.0047,387.8159469604492,389.28172440962356,53.31,0.015843657206725047
MSFT,2025-03-25,391.8195087441688,394.2464699747621,390.54633531859656,393.0528869628906,15775000,0.0053,387.67967987060547,389.44568799889606,44.88,0.015558500807225002
MSFT,2025-03-26,392.89374127883343,393.2020858372719,386.4980352565975,387.89056396484375,16108400,-0.0131,387.1942825317383,389.38089116414386,44.06,0.015771842831951804
MSFT,2025-03-27,388.049701698404,390.1484359049866,385.334248040344,388.4972839355469,13766800,0.0016,387.09730072021483,389.345546875,47.53,0.015267677416169445
MSFT,2025-03-28,386.01060482786494,387.0550240639985,374.920066699825,376.7800903320313,21632000,-0.0302,386.1926498413086,388.8622600848858,48.74,0.0164061758269
MSFT,2025-03-31,370.5534967757106,375.0593400396717,365.281739990126,373.3883056640625,35184700,-0.009,385.5411437988281,388.28915066189234,45.56,0.01586808365705728
MSFT,2025-04-01,372.65223585591366,380.80852287787553,371.2398247656492,380.1520385742188,19689500,0.0181,385.22185668945315,387.99853951590404,49.11,0.016467239406901528
MSFT,2025-04-02,375.95454781806535,383.0266205201498,374.6117403662579,380.1023254394531,16092600,-0.0001,384.28289184570315,387.7262562718885,52.98,0.01457999620965946
MSFT,2025-04-03,372.7914870401276,375.4671453752222,367.38049274092737,371.1204223632813,30198000,-0.0236,383.10022888183596,387.1727284749349,36.15,0.015252140488262105
MSFT,2025-04-04,362.1883672134991,372.5925832225619,357.5631683165765,357.9212341308594,49209900,-0.0356,381.43565368652344,386.2291318831905,29.06,0.016879507974869534
MSFT,2025-04-07,349.00902084094025,369.021730877009,342.9514979578054,355.9517822265625,50425000,-0.0055,380.32659912109375,385.2829647064209,30.48,0.015438484892937962
MSFT,2025-04-08,366.2963320079612,371.65757505461033,348.38235725741856,352.6693725585937,35868900,-0.0092,379.03900146484375,384.2946740352746,24.3,0.015474409265146864
MSFT,2025-04-09,351.6547953803853,391.1331552543464,351.21713920354574,388.4077453613281,50199700,0.1013,379.3980743408203,384.415646721335,51.83,0.028053839215637533
MSFT,2025-04-10,380.02273387837465,381.8529187789652,365.838762955237,379.3165283203125,38024400,-0.0234,379.52638854980466,384.26995762416294,45.25,0.02845826630440849
MSFT,2025-04-11,378.61034006863,387.9701367142302,376.8696715376768,386.3786926269531,23839200,0.0186,379.5209197998047,384.32853359646265,47.89,0.028168300118731827
MSFT,2025-04-14,391.1232211496066,392.5455886279536,382.1612557582716,385.7420654296875,19251200,-0.0016,379.4766571044922,384.3667371595228,46.6,0.028171681843559445
MSFT,2025-04-15,386.438362279428,389.80034400082167,382.1115516637576,383.6731872558594,17199900,-0.0054,379.5865707397461,384.3484858462685,47.98,0.02802663207135595
MSFT,2025-04-16,378.6401657518634,379.5751254610235,366.0377126687907,369.6284484863281,21967800,-0.0366,378.78039093017577,383.97104899088544,42.0,0.029097267008576958
MSFT,2025-04-17,371.7570454382328,372.3240133010547,364.9336397230584,365.8188781738281,21120200,-0.0103,377.8324737548828,383.51724472045896,45.02,0.02916019457013998
MSFT,2025-04-21,360.88533011613976,362.5364820854384,353.7734623702264,357.2050476074219,20807300,-0.0235,376.2340423583984,382.87548381526295,42.98,0.02935153317971653
MSFT,2025-04-22,361.44235434917846,365.80892977570767,357.94110461161955,364.864013671875,19485000,0.0214,374.92804565429685,382.4466392880394,43.42,0.029841765151686673
MSFT,2025-04-23,374.05469360875344,378.36162129682754,371.0308956184831,372.39361572265625,20545500,0.0206,373.8950820922852,382.21284804233284,46.88,0.030259993999373257
MSFT,2025-04-24,373.6966511817788,386.3786638188774,373.1893609627435,385.2347717285156,22232300,0.0345,373.7622924804688,382.2815281261097,55.53,0.0312204466571778
MSFT,2025-04-25,384.93638434344297,390.068873110604,382.54918803088736,389.7605285644531,18973200,0.0117,373.82545471191406,382.4477281358507,63.39,0.031327403507573306
MSFT,2025-04-28,389.86991018310994,390.6457497092271,384.5783015368256,389.0741882324219,16579400,-0.0018,374.4401596069336,382.59178161621094,64.08,0.030489810204653453
MSFT,2025-04-29,389.2134631219311,392.9932186361511,388.29838582664536,391.9388732910156,14974000,0.0074,375.36768798828126,382.79065590716425,66.76,0.030397948337970035
MSFT,2025-04-30,388.21877036685504,394.54487238441686,382.39003252749313,393.15234375,36461100,0.0031,376.0177032470703,383.00652440388996,52.87,0.03018619412561766
MSFT,2025-05-01,428.8111662318345,434.65981700987567,422.6342884776108,423.1316223144531,58938100,0.0763,378.16916809082034,383.82540395308513,71.16,0.03442908195422188
MSFT,2025-05-02,429.4378217113229,437.0967751187732,427.6971532418887,432.9589538574219,30757400,0.0232,381.26109466552737,384.8080749511719,71.91,0.03390352256190002
MSFT,2025-05-05,430.5617862640975,437.1564377240829,429.80582912695047,433.8442077636719,20136100,0.002,385.05724334716797,385.3642938232422,72.57,0.03235032579352747
MSFT,2025-05-06,429.8953841273505,435.3958951923776,428.8708776295015,430.99945068359375,15104200,-0.0066,388.8096267700195,385.9473681640625,72.05,0.03237923758082933
MSFT,2025-05-07,431.5266230555768,435.7837995157977,428.8111693588705,431.0392456054688,23295300,0.0001,392.7281204223633,386.65258850097655,82.9,0.0321537015958628
MSFT,2025-05-08,435.5948162408885,441.30422944958144,433.3369315017373,435.8335571289063,23491300,0.0111,395.0994110107422,387.41728942871094,87.12,0.024062733799274295
MSFT,2025-05-09,437.6537809958818,438.3898253685505,433.5557549942416,436.39056396484375,15324200,0.0013,397.95311279296874,388.3363623046875,95.91,0.023086265568401
MSFT,2025-05-12,443.5620761346614,446.97377874951286,437.4349200185842,446.8643798828125,22821900,0.024,400.9773971557617,389.3761877441406,96.04,0.023256634028074447
MSFT,2025-05-13,445.392292323668,448.2668964878236,442.9851831830833,446.74505615234375,23618800,-0.0003,404.02754669189454,390.58272033691406,95.53,0.02323153256380557
MSFT,2025-05-14,445.750387563396,451.4796527444761,445.750387563396,450.5247802734375,19902800,0.0085,407.37012634277346,391.8624603271484,94.97,0.023028871467195962
MSFT,2025-05-15,449.1894577663049,454.5904670438241,448.8506535548848,451.5411987304688,21992300,0.0023,411.4657638549805,392.91565185546875,94.72,0.02054544385400071
MSFT,2025-05-16,450.4649981824022,452.7668963665248,447.1566619661563,452.6772155761719,23849800,0.0025,415.80868072509764,394.0737225341797,95.74,0.02006536424053309
MSFT,2025-05-19,449.299072638698,457.9785240250479,449.2193361148497,457.2610473632813,21336500,0.0101,420.8114807128906,395.39468872070313,95.84,0.018369399611997773
MSFT,2025-05-20,453.9925667897047,456.73292449884485,452.727030722745,456.56353759765625,15441800,-0.0015,425.3964569091797,396.96330200195314,94.82,0.01850325362569629
MSFT,2025-05-21,452.97614166677727,456.17487788050977,450.2258093649285,450.983154296875,19216900,-0.0122,429.3259338378906,398.41453857421874,80.05,0.01909147715605057
MSFT,2025-05-22,453.3548479183862,458.63625267798704,452.3085112248664,453.26513671875,18025600,0.0051,432.72745208740236,399.8553155517578,76.17,0.01819934281635931
MSFT,2025-05-23,448.4022819903825,452.0992653985463,447.3360263474386,448.6015625,16883500,-0.0103,435.6695037841797,401.29234191894534,67.33,0.01864342059759818
MSFT,2025-05-27,454.879446629969,459.3337746022176,454.5206930911693,459.0746765136719,20974300,0.0233,439.1695281982422,402.7440740966797,77.97,0.018848316970795552
MSFT,2025-05-28,459.6028599574514,460.8982897002573,455.3278931492698,455.7563781738281,17086300,-0.0072,442.3604034423828,404.1266552734375,73.11,0.019171892803899443
MSFT,2025-05-29,459.9316790284528,460.1010963469304,453.71356774793736,457.0717468261719,13974800,0.0029,445.5563735961914,405.63859191894534,71.24,0.019174492376455174
MSFT,2025-05-30,458.1080789456966,460.0611980570071,453.942742633105,458.7458190917969,34770500,0.0037,447.3370834350586,407.09846740722656,71.87,0.010352777405121808
MSFT,2025-06-02,455.5371682861151,460.4897130383124,455.2880448481698,460.3502197265625,16626500,0.0035,448.70664672851564,408.60992736816405,65.96,0.009326153096478098
MSFT,2025-06-03,459.85196958801225,462.5126212670428,459.24409259023946,461.3467102050781,15743800,0.0022,450.08177185058594,410.05338806152344,66.93,0.009325001763792728
MSFT,2025-06-04,462.3730793208357,464.0571561158632,461.3965045417047,462.2435302734375,14162700,0.0019,451.64397583007815,411.47857971191405,64.56,0.009048029736095246
MSFT,2025-06-05,463.3296970825432,468.00325491639626,462.4029652503908,466.0401611328125,20131700,0.0082,453.39402160644534,412.9383251953125,66.85,0.009066739389543266
MSFT,2025-06-06,468.4417212017894,471.6803257365932,467.1363168836836,468.730712890625,15285600,0.0058,455.03887939453125,414.5551281738281,68.01,0.008923234013694728
MSFT,2025-06-09,468.05311353771793,471.77001565920176,466.9768832876908,471.0924072265625,16469900,0.005,456.7739715576172,416.20703063964845,66.33,0.008909419911413727
MSFT,2025-06-10,469.53787169847936,471.1422119678432,465.3226923748716,469.2688293457031,15375900,-0.0039,457.8941940307617,418.0568054199219,64.61,0.0076937842307589
MSFT,2025-06-11,468.37197033665615,473.8028733097887,468.01324719222674,470.9628601074219,16399200,0.0036,459.10508422851564,420.00829650878904,75.23,0.007668999454399484
MSFT,2025-06-12,473.3544415367432,478.7355320169793,471.8597009390277,477.1909484863281,18950600,0.0132,460.43839263916016,421.94907470703123,77.48,0.007924638460954718
MSFT,2025-06-13,474.7395752703882,477.4998519181197,471.1023792861798,473.2946472167969,16814500,-0.0082,461.52606506347655,423.81292114257815,78.87,0.008305817555373976
MSFT,2025-06-16,473.5437784887318,479.00457509504827,473.3345233196989,477.46002197265625,15626100,0.0088,462.7652053833008,425.9397131347656,75.21,0.008428960103183149
MSFT,2025-06-17,473.7331030955977,477.06138843382047,472.4177241014044,476.3638610839844,15414100,-0.0023,463.72034606933596,428.3085656738281,80.09,0.00831122259674425
MSFT,2025-06-18,476.3239856832242,479.313466764918,472.7963894918646,478.5561218261719,17526500,0.0046,464.8199752807617,430.7606524658203,80.59,0.00828481648623112
MSFT,2025-06-20,480.53918652379775,481.76485435953526,475.1979642712812,475.7261047363281,37576200,-0.0059,466.0571228027344,433.221787109375,73.41,0.007807081805373255
MSFT,2025-06-23,476.5332346653025,486.0397928967888,470.8532389300749,484.2959289550781,24864000,0.018,467.6086624145508,435.13955078125,77.69,0.008516453116421834
MSFT,2025-06-24,487.23560408546166,490.1254297173699,485.0931183138473,488.3915100097656,22305600,0.0085,469.59815979003906,437.32105041503905,79.18,0.007949794767294682
MSFT,2025-06-25,490.314771223071,492.8259244123759,487.6740689863978,490.5439453125,17495100,0.0044,471.17162322998047,439.40435546875,79.73,0.006574944466445533
MSFT,2025-06-26,491.2514824256969,496.29373818928514,491.0820651135433,495.705810546875,21578900,0.0105,473.1690948486328,441.60363037109374,80.3,0.006265517578485949
MSFT,2025-06-27,495.80545117387857,497.54931522943417,491.30131038962224,494.20111083984375,34539200,-0.003,475.0255630493164,443.81418884277343,76.66,0.0064668466243725424
MSFT,2025-06-30,495.2972567719388,499.0042146991214,493.5932305818623,495.66595458984375,28369000,0.003,476.87156982421874,446.33493896484373,76.21,0.006470050435010503
MSFT,2025-07-01,494.7292533047111,496.30370004913976,489.2585123483102,490.3247375488281,19945400,-0.0108,478.370295715332,448.82505615234373,70.89,0.0072581424330849294
MSFT,2025-07-02,488.2719538404123,491.76965656989233,486.9864988221965,489.36810302734375,16319600,-0.002,479.7713653564453,451.4683172607422,68.53,0.00734818989526283
MSFT,2025-07-03,492.07857999859937,498.3764278450543,491.7098821739863,497.0909423828125,13984800,0.0158,481.51373596191405,454.11285583496095,69.45,0.007879772572192318
MSFT,2025-07-07,495.6360493014733,497.0012408266234,493.4935938943106,495.974853515625,13981600,-0.0022,483.0104705810547,456.5844805908203,73.44,0.007907855854182407
MSFT,2025-07-08,495.4965138505155,496.4531696907806,492.3774837277821,494.8786926269531,11846600,-0.0022,484.31786956787107,458.77735900878906,69.23,0.007968588001449362
MSFT,2025-07-09,498.54580110123976,505.003091421344,497.9877670451218,501.74456787109375,18659500,0.0139,485.85047760009763,461.01703979492186,74.85,0.008340951605435147
MSFT,2025-07-10,501.2861517097084,502.67129257213526,496.0047471787155,499.7216796875,16492100,-0.004,487.3731201171875,463.22998962402346,70.79,0.00834545416757881
MSFT,2025-07-11,496.72223609239006,503.259232597868,496.054571905536,501.5552368164063,16459500,0.0037,488.9027389526367,465.42231689453126,75.88,0.008345745843494826
MSFT,2025-07-14,499.7615155353931,502.2029372942231,499.273243347857,501.2562561035156,12058800,-0.0006,490.1060043334961,467.5843951416016,70.37,0.008039442243025817
MSFT,2025-07-15,501.2562471634966,506.51773265302506,501.027073076573,504.0464477539063,14927200,0.0056,491.6435943603516,469.20269165039065,69.41,0.007655813064868496
MSFT,2025-07-16,503.4086777923076,504.9432865983328,500.1302354297381,503.8471374511719,15154400,-0.0004,492.9629501342773,470.6204553222656,67.33,0.007576980373403906
MSFT,2025-07-17,503.9069415603956,511.5699807689203,503.84715436950415,509.9058532714844,17503100,0.012,494.64004974365236,472.14168823242187,68.08,0.0077500747025262585
MSFT,2025-07-18,512.6760872301095,512.8355602906365,505.6508184267905,508.2616271972656,21209700,-0.0032,496.12532501220704,473.68693176269534,67.84,0.007883992776839904
MSFT,2025-07-21,504.9333159392007,510.2944873398053,503.77737959397786,508.2715759277344,14066800,0.0,497.75259857177736,475.2315783691406,66.61,0.007637821403350194
MSFT,2025-07-22,509.1784090675831,509.4076135762761,503.4983825683594,503.4983825683594,13868600,-0.0094,498.7127212524414,476.5848748779297,67.62,0.00732261098099223
MSFT,2025-07-23,504.97320231513,505.0130705796572,498.9444273574923,504.0962829589844,16396600,0.0012,499.49795989990236,477.9389892578125,69.89,0.007160658232019603
MSFT,2025-07-24,506.9860970449216,511.86891017220256,505.5212500656798,509.0887145996094,16107000,0.0099,500.4251983642578,479.18347595214846,67.49,0.007375628429960577
MSFT,2025-07-25,510.6731406114392,516.4727417364818,508.5705533229623,511.9088439941406,19125700,0.0055,501.23535003662107,480.4867517089844,72.13,0.007149707391877957
MSFT,2025-07-28,512.2775105607909,513.1942677567645,508.3313735189307,510.7030334472656,14308000,-0.0024,502.06044616699216,481.69031677246096,71.91,0.00713044621029395
MSFT,2025-07-29,513.7224399565682,515.8050777848653,509.7663282358281,510.7727966308594,16469200,0.0001,502.81578826904297,482.87494873046876,65.4,0.007131462904474464
MSFT,2025-07-30,513.3636552782116,514.1409495778635,507.6537656967309,511.4404296875,26380400,0.0013,503.87157287597654,484.05021301269534,70.95,0.006517676369931121
MSFT,2025-07-31,553.2831833968122,553.5024436401114,530.0350289229713,531.62939453125,51617300,0.0395,505.98463745117186,485.5375799560547,82.47,0.01051432481502213
MSFT,2025-08-01,533.1241706958108,533.9213535531813,519.0337340919326,522.2723388671875,28977600,-0.0176,507.24370727539065,486.8517559814453,68.98,0.011205509688024981
MSFT,2025-08-04,526.4177481275262,536.3627358241171,526.2782244119826,533.7619018554688,25349000,0.022,509.1330596923828,488.5073309326172,73.19,0.011949211601387661
MSFT,2025-08-05,535.2964641743647,535.41603854948,525.3913146279989,525.8995361328125,19171600,-0.0147,510.6841018676758,489.96001892089845,65.37,0.012586442162731696
MSFT,2025-08-06,529.0385508551038,529.8357336828143,522.1926437275052,523.0994262695312,21355700,-0.0053,511.75184478759763,491.4499761962891,59.63,0.012452452728172433
MSFT,2025-08-07,524.9529190734887,526.2384349946553,515.7353514691818,519.0138549804688,16079100,-0.0078,512.7164535522461,492.648759765625,57.58,0.012579728890058366
MSFT,2025-08-08,520.7676288144971,522.8204035830947,517.5888112007746,520.2095947265625,15531000,0.0023,513.6491714477539,493.93782409667966,58.28,0.012573489236443
MSFT,2025-08-11,520.4686618064882,525.7401525514866,517.8976909591346,519.9405517578125,20194400,-0.0005,514.5833862304687,495.1952001953125,62.16,0.012572462598451996
MSFT,2025-08-12,521.9135974657331,529.1182277589118,520.8672912006765,527.3843383789062,18667000,0.0143,515.7502807617187,496.5679705810547,65.64,0.01285438282823168
MSFT,2025-08-13,530.2443026581628,530.8322607629538,517.5489813455309,518.7547607421875,19619200,-0.0164,516.4956619262696,497.7360614013672,56.19,0.013514802800516283
MSFT,2025-08-14,520.7277467800332,524.1058750288076,518.3162490497452,520.6480102539062,20269100,0.0036,517.0327697753906,498.9220874023438,55.66,0.01330146806302145
MSFT,2025-08-15,520.9370505811125,524.255330935539,517.2599862571353,518.3461303710938,25213300,-0.0044,517.536994934082,500.04413940429686,54.88,0.013324666481458585
MSFT,2025-08-18,519.7611730136332,520.9868407954262,512.2177084457264,515.286865234375,23760600,-0.0059,517.8877593994141,501.0290734863281,52.78,0.013414378577913312
MSFT,2025-08-19,513.1942782099028,513.3536904476517,506.7668813962475,507.9826049804688,21481000,-0.0142,518.1119705200196,501.814111328125,48.03,0.013646741465697209
MSFT,2025-08-20,508.0822507382742,509.2082935133009,502.6712971096552,503.9468078613281,27723000,-0.0079,518.1044967651367,502.4711993408203,30.7,0.01377415963622504
MSFT,2025-08-21,502.7490438063696,506.68168580920974,501.7808546744913,503.2980041503906,18443300,-0.0013,517.8149612426757,503.15178283691404,34.95,0.013579779860241926
MSFT,2025-08-22,503.3079962424447,509.77590173606455,501.471437254012,506.2824401855469,24324200,0.0059,517.5336410522461,503.85817443847657,24.8,0.01358935729087097
MSFT,2025-08-25,505.6835608535286,507.2406441544574,503.1782400793436,503.3179931640625,21638600,-0.0059,517.1643890380859,504.38071533203123,27.24,0.013637968478132178
MSFT,2025-08-26,503.4177851675948,504.0366525259624,497.5787379824689,501.1021423339844,30835700,-0.0044,516.6808563232422,504.936865234375,27.57,0.013662129756142885
MSFT,2025-08-27,501.0621996360583,506.3423257667597,498.96611661319633,505.7933349609375,17277900,0.0094,516.3985015869141,505.50353149414065,36.68,0.013848628090897692
MSFT,2025-08-28,506.1426727693108,510.1352001425548,504.5556467937143,508.68792724609375,18015600,0.0057,515.2514282226563,506.1500128173828,38.78,0.0103303067157808
MSFT,2025-08-29,507.7097597194238,508.64800611235046,503.5475364264987,505.7434387207031,20961600,-0.0058,514.4249832153321,506.6937591552734,36.86,0.009720746939028514
MSFT,2025-09-02,499.53505401941584,505.0547219959289,495.8818877505013,504.1763610839844,18128000,-0.0031,512.9457061767578,507.26276428222656,25.89,0.007983245613553201
MSFT,2025-09-03,502.8488615493355,506.8413890153064,501.3816064871684,504.4059448242188,16345100,0.0005,511.87102661132815,507.6649645996094,31.94,0.0075017471649154125
MSFT,2025-09-04,503.3578996917829,507.2007135584804,502.2100541109688,507.0210571289063,15509500,0.0052,511.0671081542969,508.03755554199216,33.16,0.007629394333414513
MSFT,2025-09-05,508.1190099054552,511.0135863020471,491.4501951138555,494.0752868652344,31994800,-0.0255,509.82017974853517,508.1081823730469,26.25,0.009249045469953308
MSFT,2025-09-08,497.1794589519428,500.2637132839748,494.10522614671714,497.2693176269531,16771000,0.0065,508.6731658935547,508.13945251464844,32.42,0.009408165546341597
MSFT,2025-09-09,500.4932596555404,501.3117351050236,496.7702472499717,497.4789123535156,14410500,0.0004,507.55008392333986,508.2050085449219,38.1,0.009418921326105716
MSFT,2025-09-10,502.04038173392,502.2899147028095,495.7920664455459,499.4352416992188,21611800,0.0039,506.15262908935546,508.2803942871094,44.64,0.008723487653576745
MSFT,2025-09-11,501.3117399538871,502.2300346920423,496.9499084839274,500.0740661621094,18881600,0.0013,505.2185943603516,508.475380859375,46.17,0.00813698508759787
MSFT,2025-09-12,505.70352006176233,511.5924921682234,502.9087629314118,508.9474487304688,23624900,0.0177,504.6335662841798,508.8669677734375,52.78,0.009174190054598573
MSFT,2025-09-15,507.8395136770829,514.5069966795595,506.0528491324495,514.397216796875,17143800,0.0107,504.4361206054688,509.21309326171877,60.99,0.00950331798013618
MSFT,2025-09-16,515.9144004162443,516.2637221986186,507.64986983793983,508.0890502929688,19711900,-0.0123,504.0762298583985,509.45537719726565,56.41,0.009803404349617836
MSFT,2025-09-17,509.6660849144807,510.3348466625888,504.9848440594251,509.0671997070313,15816600,0.0019,504.13045959472663,509.7391473388672,53.22,0.009280113145861997
MSFT,2025-09-18,510.5344514878828,512.1115168727503,506.71161989545686,507.5001525878906,18913700,-0.0031,504.3081268310548,509.8542590332031,48.8,0.009121823167258698
MSFT,2025-09-19,509.6061757592278,518.3298380532008,509.35664280609984,516.96240234375,52474100,0.0186,504.99134674072275,510.19907348632813,60.02,0.009973892235019894
MSFT,2025-09-22,514.6268375894382,516.772784556969,511.5824866494396,513.4889526367188,20009300,-0.0067,505.35167236328135,510.43774780273435,58.04,0.010070828116265767
MSFT,2025-09-23,512.8401566617626,513.6287198501773,506.3622903955001,508.2787170410156,19799600,-0.0101,505.599708557129,510.57819702148436,53.08,0.010258829316611573
MSFT,2025-09-24,509.4265417419943,511.5225942719762,505.9730140478167,509.1969604492188,13533700,0.0018,506.0044494628907,510.68120727539065,51.78,0.010195174297056872
MSFT,2025-09-25,507.3504106819217,509.0572380888419,504.09652154158834,506.0827941894531,15786500,-0.0061,506.0189224243165,510.7259204101563,61.69,0.010099706874329031
MSFT,2025-09-26,509.1071380786861,512.9798945996346,505.67356201643696,510.5045166015625,16213100,0.0087,506.10975189208995,510.73789367675784,62.59,0.010209328809321539
MSFT,2025-09-29,510.5444265624633,515.8844074376258,507.9293260645142,513.6386108398438,17617800,0.0061,506.50451049804695,510.8454333496094,64.56,0.01018645126988221
MSFT,2025-09-30,512.2811987663596,517.1919905812645,508.70790002171145,516.982421875,19728200,0.0065,507.14481353759777,511.0196502685547,65.42,0.010218146912028136
MSFT,2025-10-01,513.8382741479315,519.5376290534263,510.7340986553811,518.7391357421875,22632300,0.0034,507.8614730834962,511.32446533203125,66.09,0.010226769567633484
MSFT,2025-10-02,516.6730253227585,520.625588764222,509.7260051791023,514.7765502929688,21222900,-0.0076,508.2492477416993,511.53807067871094,55.49,0.010378797973196206
MSFT,2025-10-03,516.1339509263171,519.5176324904353,514.0378984273964,516.3834838867188,15112300,0.0031,509.36465759277354,511.6839660644531,52.02,0.008332199747460427
MSFT,2025-10-06,517.6411650074094,530.0380069481532,517.2319577376861,527.5825805664062,21388600,0.0217,510.8803207397462,511.99744079589846,68.0,0.009370248269473953
MSFT,2025-10-07,527.3030443984364,528.8102332144322,520.4658657072805,523.0010986328125,14615200,-0.0087,512.156430053711,512.2434020996094,62.06,0.009717396229118418
MSFT,2025-10-08,522.3024933531,525.9656203925812,522.1128458539913,523.8695068359375,13363400,0.0017,513.3781433105469,512.5053363037109,64.35,0.009713642061825411
MSFT,2025-10-09,521.3642478231245,523.3505205733983,516.4334737589328,521.4241333007812,18343600,-0.0047,514.4456466674804,512.7050103759766,54.46,0.009842180973533768
MSFT,2025-10-10,518.6692706129455,522.6019127014883,508.6779606337136,510.0054626464844,24133800,-0.0219,514.4985473632812,512.2725317382813,47.0,0.010505913121966906
MSFT,2025-10-13,515.4452371680482,515.4452371680482,510.7240930552238,513.0896606445312,14284200,0.006,514.4331695556641,512.0888781738281,54.31,0.010308212106961416
MSFT,2025-10-14,509.2768388871209,514.3174231454748,505.05473007895694,512.610595703125,14684300,-0.0009,514.6592468261719,511.66585205078127,53.08,0.009904505885813078
MSFT,2025-10-15,513.9979961583023,516.2238106749688,509.0472402819912,512.4708251953125,14694700,-0.0003,514.8294281005859,511.39727783203125,56.09,0.009900179424211442
MSFT,2025-10-16,511.6224554411716,515.884437136842,507.1807563967364,510.65423583984375,15559600,-0.0035,514.9871322631836,511.1483740234375,50.15,0.009907969944496869
MSFT,2025-10-17,508.0890780500653,514.5170195527368,506.3622988729776,512.62060546875,19867800,0.0039,514.7700424194336,511.0205090332031,48.95,0.00898557908979427
MSFT,2025-10-20,513.6486038577511,517.730989827423,512.4708156147512,515.8245239257812,14665600,0.0063,514.8868209838868,510.9328076171875,48.81,0.008974531214849969
MSFT,2025-10-21,516.533257830336,517.7210372272165,512.0815676283437,516.6929321289062,15586200,0.0017,515.3075317382812,510.8678552246094,47.85,0.008638494020798363
MSFT,2025-10-22,520.1764726871388,524.2488070435115,516.7428964573043,519.5675659179688,18962700,0.0056,515.8260620117187,510.7115197753906,55.15,0.008701814692773518
MSFT,2025-10-23,521.4839993377199,522.9712060783663,517.6411550810741,519.5875244140625,14023500,0.0,516.5012985229492,510.7281750488281,53.56,0.008543478584030637
MSFT,2025-10-24,521.8133604589415,524.3685757173844,519.7372899447384,522.6318359375,15532400,0.0059,517.1076644897461,510.7678515625,43.28,0.008439086692914523
MSFT,2025-10-27,530.7866236569336,533.5813808592218,528.0217787333662,530.527099609375,18734700,0.0151,517.9520889282227,511.01147094726565,59.38,0.008938460658713506
MSFT,2025-10-28,548.9725518014023,552.6855732732587,539.7598137450263,541.057373046875,29986700,0.0198,519.1558364868164,511.5268811035156,67.26,0.00977290023214036
MSFT,2025-10-29,543.9220119141725,545.2495444281135,535.7273269044096,540.538330078125,36023000,-0.001,520.2457962036133,512.1779956054687,69.97,0.009797040369417729
MSFT,2025-10-30,529.4889853080866,533.9705877450752,521.1446173319796,524.77783203125,41023100,-0.0292,520.7458602905274,512.5946160888672,64.15,0.01189064647881734
MSFT,2025-10-31,527.8919782690999,528.3311587204174,514.137692119172,516.8426513671875,34006400,-0.0151,520.7688186645507,512.8655090332031,53.29,0.012409020488083856
MSFT,2025-11-03,518.8389228578652,523.9793263365088,513.628703759196,516.0641479492188,22374700,-0.0015,520.1928970336915,513.0611431884765,53.01,0.011322330055900045
MSFT,2025-11-04,510.80399534425794,514.5868933466259,506.8913048594995,513.3692016601562,20958700,-0.0052,519.7113021850586,513.2621673583984,50.75,0.01122432860493578
MSFT,2025-11-05,512.3410686781482,513.8682396575209,505.6336213981725,506.2125549316406,23024300,-0.0139,518.8284545898438,513.3643756103515,46.6,0.011573312085638216
MSFT,2025-11-06,504.7153625290288,504.755296332589,494.8837575663175,496.1713562011719,27406500,-0.0198,517.5658157348632,513.1719360351562,38.78,0.012255525069814135
MSFT,2025-11-07,496.02163823572937,498.4470913363115,492.328538182722,495.8918762207031,24019800,-0.0006,516.8601364135742,512.9160150146485,35.84,0.011364917162270203
MSFT,2025-11-10,499.10586069795033,505.9031361854127,497.8681564860657,505.0547180175781,26101500,0.0185,516.4583892822266,512.902240600586,42.61,0.012108887558101177
MSFT,2025-11-11,503.85694933091565,508.64800052182136,501.411544557113,507.7297058105469,17980000,0.0053,516.2143447875976,512.9733074951172,42.46,0.012182904329212206
MSFT,2025-11-12,508.4084461357136,510.7141588310794,498.1875853040364,510.1851501464844,26574900,0.0048,516.1000610351563,513.0888916015625,44.19,0.012238355367665371
MSFT,2025-11-13,509.3566671737073,512.54071024479,500.3535287599438,502.3497924804688,25273100,-0.0154,515.6848388671875,512.9954663085938,38.17,0.012690958240126404
MSFT,2025-11-14,497.2992409027003,510.644258818196,496.51070821491913,509.2268981933594,28505700,0.0137,515.515153503418,513.2984985351562,37.43,0.013063267101625907
MSFT,2025-11-17,507.5001596757347,511.16328656765256,503.9667643395777,506.54193115234375,19092800,-0.0053,515.0510238647461,513.4839508056641,27.55,0.013014570781688484
MSFT,2025-11-18,494.44458869198826,502.0403882023454,485.87063942574486,492.8675537109375,33815100,-0.027,513.8597549438476,513.3917236328125,23.52,0.014245009283032599
MSFT,2025-11-19,489.1844353923468,494.264922953439,481.9279972054541,486.2099914550781,23245300,-0.0135,512.1918762207031,513.1272186279297,26.17,0.014329968597313836
MSFT,2025-11-20,492.7099914550781,493.5700073242188,475.5,478.4299926757813,26802500,-0.016,510.1339996337891,512.6943371582031,26.22,0.014585089718793774
MSFT,2025-11-21,478.5,478.9200134277344,468.2699890136719,472.1199951171875,31769200,-0.0132,507.60840759277346,511.9577880859375,24.54,0.014526559160814106
MSFT,2025-11-24,475.0,476.8999938964844,468.0199890136719,474.0,34421000,0.004,504.7820526123047,511.14984375,26.97,0.013918526086516966
MSFT,2025-11-25,474.0700073242188,479.1499938964844,464.8900146484375,476.989990234375,28019800,0.0063,501.5786834716797,510.5278625488281,32.03,0.012916756762560737
MSFT,2025-11-26,486.30999755859375,488.30999755859375,481.2000122070313,485.5,25709100,0.0178,498.82676696777344,510.0565185546875,43.31,0.013957615352050297
MSFT,2025-11-28,487.6000061035156,492.6300048828125,486.6499938964844,492.010009765625,14386700,0.0134,497.18837585449216,509.7467156982422,47.74,0.013350035481916206
MSFT,2025-12-01,488.4400024414063,489.8599853515625,484.6499938964844,486.739990234375,23964000,-0.0107,495.68324279785156,509.1422674560547,38.85,0.013177623577788804
MSFT,2025-12-02,486.7200012207031,493.5,486.3200073242188,490.0,19562700,0.0067,494.3800354003906,508.6724884033203,39.28,0.013350398180539336
MSFT,2025-12-03,476.3200073242188,484.239990234375,475.2000122070313,477.7300109863281,34615100,-0.025,492.5980758666992,508.06151428222654,32.46,0.014263662886768218
MSFT,2025-12-04,479.760009765625,481.3200073242188,476.489990234375,480.8399963378906,22318200,0.0065,491.3294479370117,507.494375,37.75,0.01420973998799121
MSFT,2025-12-05,482.5199890136719,483.3999938964844,478.8800048828125,483.1600036621094,22608700,0.0048,490.6788803100586,507.0359191894531,34.34,0.013686200310800988
MSFT,2025-12-08,484.8900146484375,492.2999877929688,484.3800048828125,491.0199890136719,21965900,0.0163,490.435285949707,506.6462286376953,41.22,0.014238679714074639
MSFT,2025-12-09,489.1000061035156,492.1199951171875,488.5,492.0199890136719,14696100,0.002,489.7835494995117,506.2138562011719,49.44,0.0135471836265154
MSFT,2025-12-10,484.0299987792969,484.25,475.0799865722656,478.55999755859375,35756200,-0.0274,488.32506408691404,505.4454077148437,45.37,0.014646875003509169
MSFT,2025-12-11,476.6300048828125,486.0299987792969,475.8599853515625,483.4700012207031,24669200,0.0103,486.989306640625,504.7400250244141,53.16,0.01484850781090568
MSFT,2025-12-12,479.8200073242188,482.4500122070313,476.3399963378906,478.5299987792969,21248100,-0.0102,485.7983169555664,504.0150939941406,54.09,0.014656590937006378
MSFT,2025-12-15,480.1000061035156,480.7200012207031,472.5199890136719,474.8200073242188,23727700,-0.0078,484.0779724121094,503.18382446289064,50.51,0.014200741270496395
MSFT,2025-12-16,471.9100036621094,477.8900146484375,470.8800048828125,476.3900146484375,20705600,0.0033,482.57037658691405,502.15997314453125,49.62,0.01427021557761408
MSFT,2025-12-17,476.9100036621094,480.0,475.0,476.1199951171875,24527200,-0.0006,481.7329986572266,501.22235107421875,43.34,0.013103776072889132
MSFT,2025-12-18,478.1900024414063,489.6000061035156,477.8900146484375,483.9800109863281,28573500,0.0165,481.6214996337891,500.42456115722655,44.41,0.013389842969088277
MSFT,2025-12-19,487.3599853515625,487.8500061035156,482.489990234375,485.9200134277344,70836100,0.004,481.9960006713867,499.7144787597656,49.4,0.012880973320530214
MSFT,2025-12-22,486.1199951171875,488.7300109863281,482.6900024414063,484.9200134277344,16963000,-0.0021,482.63600158691406,499.2127697753906,46.16,0.012476524271396162
MSFT,2025-12-23,484.9800109863281,487.8299865722656,484.739990234375,486.8500061035156,14683600,0.004,483.2785018920898,498.6879766845703,58.16,0.012476524271396162
MSFT,2025-12-24,485.6799926757813,489.1600036621094,484.8299865722656,488.0199890136719,5855900,0.0024,483.8300018310547,498.19616455078125,56.66,0.012426368398649223
MSFT,2025-12-26,486.7099914550781,488.1199951171875,485.9599914550781,487.7099914550781,8842200,-0.0006,483.9405014038086,497.70094787597657,54.38,0.011798746588203013
MSFT,2025-12-29,484.8599853515625,488.3500061035156,484.1799926757813,487.1000061035156,10893400,-0.0013,483.69500122070315,497.22986328125,45.61,0.011389860449216763
MSFT,2025-12-30,485.9299926757813,489.6799926757813,485.5,487.4800109863281,13944500,0.0008,483.7320022583008,496.72705139160155,44.85,0.011132271721630371
MSFT,2025-12-31,487.8399963378906,488.1400146484375,483.2999877929688,483.6199951171875,15601600,-0.0079,483.41300201416016,496.0829608154297,57.34,0.01115743792510773
MSFT,2026-01-02,484.3900146484375,484.6600036621094,470.1600036621094,472.9400024414063,25571600,-0.0221,483.1735015869141,495.20790222167966,36.91,0.010837919542052371
MSFT,2026-01-05,474.05999755859375,476.0700073242188,469.5,472.8500061035156,25250300,-0.0002,482.7740020751953,494.27355102539065,41.97,0.01071447127658863
MSFT,2026-01-06,473.7999877929688,478.739990234375,469.75,478.510009765625,23037700,0.012,482.54150238037107,493.4520007324219,54.94,0.011028532373611195
MSFT,2026-01-07,479.760009765625,489.7000122070313,477.9500122070313,483.4700012207031,25564200,0.0104,482.1640029907227,492.66876403808595,58.69,0.010629149344584183
MSFT,2026-01-08,481.239990234375,482.6600036621094,475.8599853515625,478.1099853515625,18162600,-0.0111,481.4685028076172,491.6204217529297,52.17,0.01085364842854821
MSFT,2026-01-09,474.05999755859375,479.8200073242188,472.2000122070313,479.2799987792969,18491000,0.0024,481.50450286865237,490.38487426757814,43.99,0.008976806371509839
MSFT,2026-01-12,476.6700134277344,480.989990234375,475.6799926757813,477.1799926757813,23519900,-0.0044,481.19000244140625,489.1177075195312,38.87,0.008695968515412952
MSFT,2026-01-13,474.6799926757813,475.7799987792969,465.9500122070313,470.6700134277344,28545800,-0.0136,480.7970031738281,488.0355511474609,34.09,0.008923267928641194
MSFT,2026-01-14,466.4599914550781,468.2000122070313,457.1700134277344,459.3800048828125,28184300,-0.024,480.02500305175784,486.88629821777346,24.64,0.010231914725376141
MSFT,2026-01-15,464.1199951171875,464.25,455.8999938964844,456.6600036621094,23225800,-0.0059,479.0385025024414,485.6982153320312,21.85,0.010206565224609658
MSFT,2026-01-16,457.8299865722656,463.1900024414063,456.4800109863281,459.8599853515625,34246700,0.007,478.22550201416016,484.6280310058594,26.23,0.01040355581924811
MSFT,2026-01-20,451.2200012207031,456.7999877929688,449.2799987792969,454.5199890136719,26130000,-0.0116,476.7525009155273,483.5941796875,24.27,0.009691499259388999
MSFT,2026-01-21,452.6000061035156,452.6900024414063,438.6799926757813,444.1099853515625,37980500,-0.0229,474.66199951171876,482.55295227050783,20.44,0.010489507288614438
MSFT,2026-01-22,447.6199951171875,452.8399963378906,444.7000122070313,451.1400146484375,25349400,0.0158,472.9729995727539,481.6579150390625,28.78,0.011421466400460266
MSFT,2026-01-23,451.8699951171875,471.1000061035156,450.5299987792969,465.9500122070313,38000200,0.0328,471.92799987792966,480.8758209228516,45.67,0.013956360557108027
MSFT,2026-01-26,465.30999755859375,474.25,462.0,470.2799987792969,29291200,0.0093,471.04100036621094,480.12682678222654,48.49,0.01415729215113654
MSFT,2026-01-27,473.7000122070313,482.8699951171875,473.1600036621094,480.5799865722656,29213900,0.0219,470.6845001220703,479.5347235107422,51.16,0.015115453925318345
MSFT,2026-01-28,483.2099914550781,483.739990234375,478.0,481.6300048828125,36875400,0.0022,470.41100006103517,479.1203277587891,48.93,0.015127544588040671
MSFT,2026-01-29,439.989990234375,442.5,421.0199890136719,433.5,128855300,-0.0999,467.7119995117188,477.60578979492186,32.63,0.02688055254757905
MSFT,2026-01-30,439.1700134277344,439.6000061035156,426.4500122070313,430.2900085449219,58566800,-0.0074,465.04550018310545,476.08075134277345,31.22,0.026878425607871743
MSFT,2026-02-02,430.239990234375,430.739990234375,422.25,423.3699951171875,42219900,-0.0161,462.5669998168945,474.69080017089846,30.11,0.026715977379995325
MSFT,2026-02-03,422.010009765625,422.0499877929688,408.55999755859375,411.2099914550781,61424100,-0.0287,459.48499908447263,473.19080017089846,28.9,0.02719303122802645
MSFT,2026-02-04,411.0,419.7999877929688,409.239990234375,414.1900024414063,45012400,0.0072,456.26899871826174,471.90600036621095,32.96,0.027041081806450692
MSFT,2026-02-05,407.4400024414063,408.2999877929688,392.3200073242188,393.6700134277344,66289200,-0.0495,451.7789993286133,470.33700073242187,29.06,0.028319267664483
MSFT,2026-02-06,399.1700134277344,401.7900085449219,392.9200134277344,401.1400146484375,53515300,0.019,447.93050079345704,468.87980102539063,31.02,0.029038624006838324
MSFT,2026-02-09,404.8500061035156,414.8900146484375,400.8699951171875,413.6000061035156,45480500,0.0311,444.646501159668,467.61200134277345,37.35,0.030278901374076527
MSFT,2026-02-10,419.6199951171875,423.6799926757813,412.7000122070313,413.2699890136719,44857900,-0.0008,441.4510009765625,466.1674011230469,39.84,0.030305140696449174
MSFT,2026-02-11,416.1799926757813,416.4599914550781,401.010009765625,404.3699951171875,42491000,-0.0215,438.13600006103513,464.41460083007814,34.77,0.030450875019836218
MSFT,2026-02-12,405.0,406.2000122070313,398.010009765625,401.8399963378906,40802400,-0.0063,435.2589996337891,462.71660095214844,27.31,0.03018994735094172
MSFT,2026-02-13,404.4500122070313,405.5400085449219,398.0499877929688,401.3200073242188,34091600,-0.0013,432.4919998168945,460.9430010986328,24.92,0.03020998919841618
MSFT,2026-02-17,399.2200012207031,400.5199890136719,394.5299987792969,396.8599853515625,32078800,-0.0111,429.34199981689454,459.3256005859375,18.2,0.030071316985844816
MSFT,2026-02-18,398.1300048828125,402.55999755859375,396.3200073242188,399.6000061035156,23223400,0.0069,426.5960006713867,457.70080078125,19.24,0.030203054481293793
MSFT,2026-02-19,400.6900024414063,404.4299926757813,396.6700134277344,398.4599914550781,28234000,-0.0029,424.3135009765625,456.00680053710937,29.71,0.02994280996201014
MSFT,2026-02-20,396.1099853515625,400.1199951171875,395.1600036621094,397.2300109863281,33960000,-0.0031,421.61800079345704,454.1310009765625,30.41,0.029548620058615634
NVDA,2025-02-21,140.0017008694862,141.42132600995674,133.99334973043614,134.3932342529297,228217600,,134.3932342529297,134.3932342529297,,
NVDA,2025-02-24,136.52266681200447,138.55211066034528,130.04444248958205,130.244384765625,251381100,-0.0309,132.31880950927734,132.31880950927734,,
NVDA,2025-02-25,129.94445760453814,130.16439867421266,124.40597902043103,126.59537506103516,271428700,-0.028,130.41099802652994,130.41099802652994,,0.0020506096654409876
NVDA,2025-02-26,129.95446947322534,133.69343728770713,128.4548795357506,131.24411010742188,322553800,0.0367,130.61927604675293,130.61927604675293,,0.038219235994457035
NVDA,2025-02-27,134.963087446703,134.9730792207777,119.97718824289691,120.11714935302734,443175800,-0.0848,128.51885070800782,128.51885070800782,,0.04971414956193726
NVDA,2025-02-28,117.98771929899918,125.05578541630098,116.36816723503377,124.88583374023438,389091100,0.0397,127.91334788004558,127.91334788004558,,0.05231388916912984
NVDA,2025-03-03,123.47622912906816,123.66617198823369,112.2492965435478,114.02880859375,411381400,-0.0869,125.92984226771763,125.92984226771763,,0.055572475201308064
NVDA,2025-03-04,110.61975353757568,119.27738221868556,110.07990024013375,115.95829010009766,398163300,0.0169,124.68339824676514,124.68339824676514,,0.05322438127310417
NVDA,2025-03-05,117.54785129486386,118.2476568391524,114.47869104666964,117.26792907714844,284337900,0.0113,123.85945722791884,123.85945722791884,,0.050473812163197206
NVDA,2025-03-06,113.49895407905146,115.31845609620828,110.18986163701832,110.53976440429688,321181900,-0.0574,122.52748794555664,122.52748794555664,,0.04921282296764172
NVDA,2025-03-07,111.21958617661252,113.44897988924724,107.5305925179708,112.65919494628906,341755500,0.0192,121.63037040016867,121.63037040016867,,0.04805665175371436
NVDA,2025-03-10,109.86995202425706,111.81941579292103,105.43116359430404,106.95075225830078,366487400,-0.0507,120.40706888834636,120.40706888834636,,0.04674747635385835
NVDA,2025-03-11,106.960734969355,112.20929903890595,104.74134094243276,108.73025512695312,354865700,0.0166,119.50885244516226,119.50885244516226,,0.04577641562281528
NVDA,2025-03-12,114.09929300935045,116.7388133095112,112.85951254411586,115.718994140625,323857500,0.0643,119.23814828055245,119.23814828055245,35.8,0.049227743897428095
NVDA,2025-03-13,117.00876245655115,117.73863334670654,113.76935252443204,115.55902862548828,299033100,-0.0014,118.99287363688151,118.99287363688151,35.71,0.04735636466965422
NVDA,2025-03-14,118.5884764406672,121.85787967708788,118.12856083227834,121.64791870117188,277593500,0.0527,119.15881395339966,119.15881395339966,43.67,0.0483919837911001
NVDA,2025-03-17,122.71772499646224,122.86769930249316,118.00858060635532,119.50830841064452,255501500,-0.0176,119.17937245088466,119.17937245088466,44.66,0.04684864592493576
NVDA,2025-03-18,117.97859103200136,118.998402615106,114.51921970184796,115.4090576171875,299686900,-0.0343,118.96991051567926,118.96991051567926,37.97,0.045867652480998486
NVDA,2025-03-19,117.24871784817984,120.42814113812436,115.65901001721268,117.49867248535156,273426200,0.0181,118.89247693513569,118.89247693513569,47.69,0.04491873453714274
NVDA,2025-03-20,116.5288475567653,120.17817892707568,116.44886024718888,118.50848388671876,248829700,0.0086,118.87327728271484,118.87327728271484,43.98,0.04378989709646847
NVDA,2025-03-21,116.91877807414131,117.96858292451893,115.39904967929496,117.67863464355467,266498500,-0.007,118.0375473022461,118.81638953799293,54.25,0.04262297965577773
NVDA,2025-03-24,119.85824123014484,122.19782052957932,119.31833831489072,121.38796997070312,228452500,0.0315,117.5947265625,118.93327955766158,56.07,0.04296717076045262
NVDA,2025-03-25,120.52812446850508,121.26798803028822,118.89841541478116,120.66809844970705,167447200,-0.0059,117.2983627319336,119.00870646601138,53.85,0.04256251872246285
NVDA,2025-03-26,118.70845626054094,118.8184292799946,112.68954449720724,113.7393569946289,293463300,-0.0574,116.42312507629394,118.78915023803711,53.61,0.04330969108762221
NVDA,2025-03-27,111.32979509417152,114.42923110356094,110.639925475043,111.40978240966795,236902100,-0.0205,115.98775672912598,118.49397552490234,48.6,0.03937797808286679
NVDA,2025-03-28,111.46977019973694,112.84952470784616,109.05021109179135,109.6501007080078,229872500,-0.0158,115.22597007751465,118.15382649348332,53.32,0.03814605277227597
NVDA,2025-03-31,105.11091847763528,110.93986229194256,103.63119133667838,108.3603286743164,299212700,-0.0118,114.94254608154297,117.79110435203269,49.54,0.03310417528126372
NVDA,2025-04-01,108.50030342775528,110.17999886185883,106.45068001979016,110.13001251220705,222614000,0.0163,114.65113220214843,117.51749392918178,42.0,0.03308638454266744
NVDA,2025-04-02,107.2705266243207,111.95967777974948,106.77061737970816,110.39995574951172,220601200,0.0025,114.3077335357666,117.27206157815867,42.64,0.03295762829995348
NVDA,2025-04-03,103.49122110695384,105.61083156865357,101.58156399912866,101.78153228759766,338769400,-0.0781,113.86982192993165,116.75571060180664,23.56,0.03503218482601693
NVDA,2025-04-04,98.8920562501484,100.1118284712542,92.09328707213024,94.29288482666016,532273800,-0.0736,112.95150642395019,116.0311033187374,20.62,0.037891435985623875
NVDA,2025-04-07,87.444123819458,101.73153089146868,86.60427995314998,97.62227630615234,611041300,0.0353,112.48508262634277,115.45582747459412,28.9,0.03769081802187232
NVDA,2025-04-08,103.79115551332612,105.83078615825814,94.44285411172834,96.28252410888672,476243400,-0.0137,111.86269607543946,114.87481828169389,24.37,0.03743257658074961
NVDA,2025-04-09,98.87205653888144,115.07911444025872,97.51230269046886,114.30925750732422,612918300,0.1872,111.79220924377441,114.85818414127125,46.41,0.055299067042667856
NVDA,2025-04-10,109.35015243101728,110.8398798648056,99.13200610877084,107.55047607421876,437812400,-0.0591,111.39178161621093,114.6493924822126,42.13,0.05689938580743344
NVDA,2025-04-11,108.4803070767672,111.52975654810145,107.46049556472003,110.9098663330078,313417300,0.0312,110.85487899780273,114.54551675584581,41.81,0.0560050324336549
NVDA,2025-04-14,114.08928762467488,114.26925525660798,109.05020155855787,110.68990325927734,264705000,-0.002,110.41395874023438,114.44131098566828,42.14,0.05590253619140708
NVDA,2025-04-15,110.94986159507806,113.59938217981929,110.4799456735416,112.17963409423828,228966900,0.0135,110.25248756408692,114.38179317273591,48.66,0.05548832285881607
NVDA,2025-04-16,104.53103311878802,106.77062454919468,100.4317709352981,104.47103881835938,397016900,-0.0687,109.60110588073731,114.12767126621344,44.53,0.05735825435022638
NVDA,2025-04-17,104.43103458781992,104.45103522860796,100.0318394876262,101.47157287597656,292517500,-0.0287,108.7492603302002,113.81126880645752,43.68,0.05752034331205649
NVDA,2025-04-21,98.75207336541833,99.42195758129024,95.02275450080649,96.89241790771484,288501100,-0.0451,107.7099494934082,113.39861390648818,41.56,0.058174035400140864
NVDA,2025-04-22,98.76206678289148,99.7918785816798,97.26233908492571,98.8720474243164,241004800,0.0204,106.58415336608887,113.05274327596028,41.74,0.05782782065844487
NVDA,2025-04-23,104.5010295750129,104.78098517141213,102.00148324580944,102.6913604736328,247526000,0.0386,105.68531646728516,112.81178088520848,44.63,0.05878932838176455
NVDA,2025-04-24,103.46121375263034,106.52065568558211,103.09127819009328,106.41067504882812,220815000,0.0362,105.31888236999512,112.66630120710893,53.46,0.05824506733124319
NVDA,2025-04-25,106.83061166162848,111.89969145813896,105.71081975581804,110.98986053466795,251064700,0.043,105.29788627624512,112.62904696994357,63.06,0.058898830298455974
NVDA,2025-04-28,109.67009093365704,110.3499678015911,106.00075133412535,108.71026611328124,207708500,-0.0205,105.25089454650879,112.54385608175527,58.82,0.05898030425043333
NVDA,2025-04-29,107.65045258784288,110.17999209067304,107.42049861195444,109.00020599365234,170444300,0.0027,105.28288841247559,112.4684592713701,60.29,0.05890187290383004
NVDA,2025-04-30,104.45104108413872,108.90023040771484,104.06111247501676,108.90023040771484,235044600,-0.0009,105.22139930725098,112.39412117004395,43.84,0.05880558423178963
NVDA,2025-05-01,113.05947899879722,114.9191420385801,111.27980327057725,111.5897445678711,236121500,0.0247,105.28088874816895,112.37770532102002,55.07,0.05904422606469618
NVDA,2025-05-02,114.15928352450368,115.37906338859756,113.34943293159324,114.4792251586914,190194800,0.0259,105.91577339172363,112.41973571777343,54.54,0.05611437192771657
NVDA,2025-05-05,112.889508442552,114.64918347836972,112.63955382209964,113.7993392944336,133163200,-0.0059,106.8910961151123,112.00785781860351,53.91,0.052927552023099414
NVDA,2025-05-06,111.45977773347964,114.71918078517233,110.79989381468876,113.51940155029295,158525600,-0.0025,107.68595237731934,111.67335815429688,51.74,0.05267737230188669
NVDA,2025-05-07,113.02949042053456,117.65864757290292,112.25962586336117,117.03875732421876,206758800,0.031,108.72376403808593,111.48222579956055,68.27,0.0526200632138691
NVDA,2025-05-08,118.22854670795566,118.658469001105,115.82898059800608,117.34870910644533,198428100,0.0026,108.875736618042,111.20431777954101,75.03,0.03240148794504091
NVDA,2025-05-09,117.32869985728382,118.20854502226882,115.18908887008638,116.62882995605467,132972200,-0.0061,109.32965431213378,111.13455139160156,85.43,0.029162252096990405
NVDA,2025-05-12,121.94786454961688,122.97767639160156,120.25816883140328,122.97767639160156,225023300,0.0544,109.93304481506348,111.09638824462891,87.4,0.03070222176085359
NVDA,2025-05-13,124.95732666651304,131.19619232916256,124.44741706637032,129.9064178466797,330430100,0.0563,110.8938705444336,111.4139404296875,88.51,0.03264577791674559
NVDA,2025-05-14,133.17581874633882,135.4154176381041,131.65609038206884,135.3154296875,281180800,0.0416,112.05066032409668,111.80108322143555,89.04,0.03346466321675039
NVDA,2025-05-15,134.2656162138544,136.2752611112406,132.6359224746836,134.80552673339844,226632600,-0.0038,113.56738471984863,112.15183517456055,86.13,0.028163460369777012
NVDA,2025-05-16,136.19528579014883,136.32526708518697,133.43579205010155,135.37542724609375,226542500,0.0042,115.2625774383545,112.64854843139648,92.67,0.026499283009168387
NVDA,2025-05-19,132.36596428610483,135.84532822832756,132.36596428610483,135.54539489746094,193154600,0.0013,117.19522628784179,113.10627243041992,92.64,0.02273984215100518
NVDA,2025-05-20,134.26562607401144,134.55558199625042,132.59593092987555,134.35562133789062,161514200,-0.0088,118.9694049835205,113.65436981201172,89.51,0.02344725323381241
NVDA,2025-05-21,133.0358430493297,137.3750515435132,130.5662902103225,131.7760772705078,270608700,-0.0192,120.42364082336425,114.11528625488282,81.44,0.024030964673893037
NVDA,2025-05-22,132.20599574301846,134.22563338103308,131.5261264871436,132.80589294433594,187344000,0.0078,121.74340171813965,114.45702423095703,80.3,0.023407081699438972
NVDA,2025-05-23,129.97641506418768,132.65592152877483,129.13657112060253,131.26617431640625,198821300,-0.0116,122.75721740722656,114.77116714477539,78.08,0.02269967307902775
NVDA,2025-05-27,134.1256417936587,135.63537744884945,133.2857979393918,135.47540283203125,192953600,0.0321,124.09547424316406,115.04771682739258,81.34,0.022184653301443848
NVDA,2025-05-28,136.00531758419635,137.22509744866613,134.76553707682788,134.78553771972656,304021100,-0.0051,125.38474082946777,115.35326141357422,77.55,0.022411017027581023
NVDA,2025-05-29,142.22419152756274,143.46397204605128,137.88498259688382,139.1647491455078,369241900,0.0325,126.89796676635743,115.82837524414063,80.07,0.02272763446602072
NVDA,2025-05-30,138.6948289010735,139.59465948344436,132.8958783257386,135.10548400878906,333170900,-0.0292,128.07375373840333,116.18051147460938,73.32,0.024351264421942624
NVDA,2025-06-02,135.46541564458173,138.09492795630163,135.37542038395227,137.35507202148438,197663100,0.0167,129.21754608154296,116.55744323730468,70.24,0.024118398196790507
NVDA,2025-06-03,138.75480693174418,141.97422364617418,137.9249557656252,141.19436645507812,225578800,0.028,130.5872974395752,117.02775787353515,67.41,0.0241765850185235
NVDA,2025-06-04,142.1641966028205,142.36415725393297,139.5146683935161,141.8942413330078,167120800,0.005,132.00603942871095,117.43788330078125,61.87,0.02401197672653773
NVDA,2025-06-05,142.14419665233672,143.97386636815438,138.80480646885346,139.964599609375,231397900,-0.0136,133.15233154296874,117.8238133239746,58.85,0.02417468173197127
NVDA,2025-06-06,142.4841247816278,143.24399658328852,141.4843063108272,141.69427490234375,153986200,0.0124,134.36960983276367,118.3829116821289,60.43,0.024131972131331676
NVDA,2025-06-09,143.16402192873528,144.97369107987248,141.91424872977086,142.6041259765625,185114500,0.0064,135.66837463378906,119.0067985534668,61.37,0.02386034146312333
NVDA,2025-06-10,142.66410985007164,144.26381035974757,141.50431668274294,143.9338836669922,155881900,0.0093,136.7161849975586,119.69247421264649,65.36,0.02149394712838698
NVDA,2025-06-11,144.59379466225064,144.97375695921582,141.85409623212945,142.81399536132812,167694000,-0.0078,137.361563873291,120.38154754638671,68.57,0.018501576035286127
NVDA,2025-06-12,141.9540901919345,144.98374938964844,141.83410852298076,144.98374938964844,162365000,0.0152,137.84497985839843,121.07862228393554,69.73,0.016589054730216112
NVDA,2025-06-13,142.4640236398758,143.5639064320885,140.83421673860605,141.95408630371094,180820600,-0.0209,138.20240783691406,121.70970489501953,66.52,0.01741031983744427
NVDA,2025-06-16,143.33393622751285,146.16360555156524,143.18394388862183,144.6737823486328,183133700,0.0192,138.667325592041,122.56754989624024,64.91,0.017795572335186142
NVDA,2025-06-17,144.4738049491523,145.20371882793046,143.7638778428329,144.1038360595703,139108000,-0.0039,139.0952476501465,123.56376892089844,65.16,0.017867019749718816
NVDA,2025-06-18,143.9938476821936,145.63366319028128,143.10394808189747,145.46368408203125,161494100,0.0094,139.65065078735353,124.52059707641601,61.36,0.01768488129210342
NVDA,2025-06-20,145.4336890163692,146.1836049259659,142.6339999024593,143.83387756347656,242956200,-0.0112,140.25354080200196,125.47162414550782,67.26,0.017213497610886645
NVDA,2025-06-23,142.4840281213866,144.76377135076248,142.01407957999888,144.15383911132812,154308900,0.0022,140.82093811035156,126.06851577758789,64.55,0.0172031354241328
NVDA,2025-06-24,145.54367367470394,147.94341367999496,145.4836828445603,147.88340759277344,187566100,0.0259,141.65179977416992,126.87517440795898,64.39,0.01742626873731905
NVDA,2025-06-25,149.25328072295656,154.43269305532343,149.24327207878133,154.29270935058594,269146500,0.0433,142.59266510009766,127.74283126831055,71.41,0.01845437902675563
NVDA,2025-06-26,155.9625083392563,156.70243086817015,153.98273459501658,155.00262451171875,198145700,0.0046,143.60351943969727,128.62908569335937,77.11,0.01825459927626028
NVDA,2025-06-27,156.02250005395288,158.69221415352254,155.24258871826237,157.73231506347656,263234500,0.0176,144.5318977355957,129.54013931274415,77.91,0.017453098051032304
NVDA,2025-06-30,158.38224776867892,158.6422284044636,155.94253394670602,157.97230529785156,194580300,0.0015,145.67523880004882,130.61016464233398,77.38,0.0153816115437951
NVDA,2025-07-01,156.27249233706732,157.18239409932116,151.4730420343122,153.2828369140625,213143600,-0.0297,146.47162704467775,131.6463899230957,64.87,0.017366012632059273
NVDA,2025-07-02,152.962850389823,157.58234297497486,152.95285700312823,157.2323760986328,171224100,0.0258,147.27352752685547,132.85318908691406,71.04,0.01722334019197267
NVDA,2025-07-03,158.35225101493015,160.96195919540767,157.7523273944205,159.3221435546875,143716100,0.0133,148.14492263793946,134.06219100952148,70.98,0.017309550147701403
NVDA,2025-07-07,158.18227071828886,159.29214695363126,157.3223664705724,158.22227478027344,140139000,-0.0069,149.05780639648438,135.1728092956543,75.22,0.016972835107280915
NVDA,2025-07-08,159.31214783171163,160.20204749093682,158.3722507239072,159.98207092285156,138133000,0.0111,149.97219619750976,136.24423721313477,74.46,0.01695065904633986
NVDA,2025-07-09,161.20193770023792,164.40157611225678,161.14194686393122,162.86175537109375,183656400,0.018,150.98507766723634,137.28167510986327,77.92,0.017154376455556394
NVDA,2025-07-10,164.30159583301895,164.48156834124046,161.5918927660757,164.0816192626953,167704100,0.0075,151.9924644470215,138.38910217285155,77.82,0.017145289363799648
NVDA,2025-07-11,163.70165728031435,167.87118822352508,163.4516852914618,164.90151977539062,193633300,0.005,153.09684066772462,139.50712844848633,82.27,0.016810789142064318
NVDA,2025-07-14,165.35146259057728,165.4714595173457,162.00184716942397,164.05162048339844,136975800,-0.0052,154.05023422241212,140.61015625,79.99,0.01692789973604772
NVDA,2025-07-15,171.17081299302788,172.38066881478494,169.18103056842588,170.6808624267578,230627400,0.0404,155.48657302856446,141.79197860717773,81.6,0.01728389804352443
NVDA,2025-07-16,171.04083672550954,171.73076187811773,168.88107501049606,171.35079956054688,158831500,0.0039,156.82042388916017,142.92941009521485,78.11,0.01716526787011003
NVDA,2025-07-17,172.00073538495317,174.1404950617398,170.81086624213197,172.98062133789062,160841100,0.0095,158.26426315307617,144.113035736084,78.76,0.016910071741887724
NVDA,2025-07-18,173.62054394819432,174.23047621121117,171.24080573231237,172.39068603515625,146456400,-0.0034,159.61061325073243,145.29046142578125,75.17,0.0171466553436431
NVDA,2025-07-21,172.73065099594356,173.36058531454748,170.9808470061149,171.36080932617188,123126100,-0.006,160.9869598388672,146.3769024658203,72.38,0.016866803272451457
NVDA,2025-07-22,171.32080634495316,171.37080379639443,164.5615689540832,167.01129150390625,193114300,-0.0254,162.12983245849608,147.37015411376953,73.22,0.01849595688394174
NVDA,2025-07-23,169.511004310231,171.24080620570157,167.95118153678197,170.7608642578125,154082200,0.0225,163.27370529174806,148.45279479980468,73.03,0.018333234130513108
NVDA,2025-07-24,172.42067791171223,173.81052153075,171.28080627636527,173.7205352783203,128984600,0.0173,164.24509658813477,149.46765197753905,73.81,0.016479464094505788
NVDA,2025-07-25,173.59054858813744,174.70042482917586,172.9406275198062,173.48056030273438,122316800,-0.0014,165.16899337768555,150.33913482666014,75.97,0.01656203966589674
NVDA,2025-07-28,174.00050427681666,176.98016607778243,173.9505068282037,176.73019409179688,140023500,0.0187,166.11888732910157,151.16743011474608,77.13,0.016605163274368045
NVDA,2025-07-29,177.94006357342778,179.35990260986108,175.00039060425894,175.49032592773438,154077500,-0.007,166.9947883605957,151.9811260986328,71.6,0.01682895374675819
NVDA,2025-07-30,176.49022309733303,179.869849375745,176.0202745228646,179.2499237060547,174312200,0.0214,168.29314270019532,152.85861602783203,73.87,0.01499910435922584
NVDA,2025-07-31,182.87950237318685,183.2794667127293,175.9102820488597,177.85006713867188,221685400,-0.0078,169.32402725219725,153.70470947265625,70.02,0.014775188127754128
NVDA,2025-08-01,174.07048465468185,176.52020701181988,170.8708463561498,173.70053100585938,204529000,-0.0233,170.04294662475587,154.49160766601562,63.53,0.016069208050442974
NVDA,2025-08-04,175.14037394842856,180.17980241597783,174.500446281802,179.97982788085938,148174600,0.0362,171.13082427978514,155.45568267822264,63.17,0.017309808597561406
NVDA,2025-08-05,179.59986897635343,180.23979665506656,175.8802845759961,178.24002075195312,156407600,-0.0097,172.04372177124023,156.364365234375,59.47,0.01764677993587678
NVDA,2025-08-06,176.31023710297544,179.87982901005608,176.23024423927978,179.39988708496094,137192300,0.0065,172.8706283569336,157.32703948974608,58.94,0.01740581496905107
NVDA,2025-08-07,181.5496539748588,183.85939259097617,178.77996020998395,180.74974060058597,151878400,0.0075,173.70403442382812,158.23252624511719,61.4,0.01740581496905107
NVDA,2025-08-08,181.52965464990967,183.27945850723472,180.3797743894202,182.6795196533203,123396700,0.0107,174.59293441772462,159.19040588378905,65.07,0.01745267586179387
NVDA,2025-08-11,182.02960317073044,183.8193958765311,180.22980182096376,182.0395965576172,138323200,-0.0035,175.49233322143556,160.04790283203124,72.2,0.0174030691485575
NVDA,2025-08-12,182.9395060522284,184.4593247511904,179.43989822709233,183.1394805908203,145485700,0.006,176.11526412963866,161.00858276367188,69.84,0.015334113157133988
NVDA,2025-08-13,182.5995244354664,183.9493792108361,179.32990196930365,181.56964111328125,179871700,-0.0086,176.6262062072754,161.89287414550782,63.17,0.015575584807809413
NVDA,2025-08-14,179.7298534235828,182.99949119039164,179.43989264021437,181.9996032714844,129554000,0.0024,177.07715530395507,162.70897888183595,64.2,0.01550061034451972
NVDA,2025-08-15,181.85962676701385,181.87961354108583,178.02004541114613,180.4297790527344,156602200,-0.0086,177.47910995483397,163.47968963623046,56.53,0.015650406922572507
NVDA,2025-08-18,180.5797631442712,182.9194971983916,180.56975450061333,181.98959350585935,132008000,0.0086,178.01054916381835,164.32018951416015,61.35,0.01557855729419195
NVDA,2025-08-19,182.4095478886331,182.4795473671856,175.47033846497254,175.6203155517578,185229200,-0.035,178.44100036621094,164.99871032714844,44.19,0.016617000647719673
NVDA,2025-08-20,175.1503706193276,175.9802794498554,168.7810892510499,175.38034057617188,215142700,-0.0014,178.6719741821289,165.65423461914062,45.9,0.01596039506172438
NVDA,2025-08-21,174.83041312567687,176.88017120538285,173.79052111986658,174.96038818359375,140040900,-0.0024,178.73396682739258,166.27476470947266,52.39,0.015532894636527792
NVDA,2025-08-22,172.59066018618677,178.56998587344157,171.18081451068767,177.97006225585938,172789400,0.0172,178.95844192504882,166.97788604736328,45.65,0.015966131093826812
NVDA,2025-08-25,178.33002804439553,181.88962682620624,176.5502286534902,179.78985595703125,163012800,0.0102,179.11142501831054,167.67400817871095,53.34,0.015589946152974094
NVDA,2025-08-26,180.0398187111229,182.36955942503775,178.78995879531527,181.7496337890625,168688200,0.0109,179.42439041137695,168.46991912841796,54.9,0.015622092150473794
NVDA,2025-08-27,181.95959791056248,182.46955051009172,179.07993109949993,181.57965087890625,235518900,-0.0009,179.54087677001954,169.20803649902345,51.82,0.014935140476494746
NVDA,2025-08-28,180.79974711518173,184.44933204343067,176.39023757757425,180.1498107910156,281787800,-0.0079,179.6558639526367,169.92895599365235,44.32,0.01493816993652943
NVDA,2025-08-29,178.09004428153852,178.130033086625,173.13059331145078,174.1604766845703,243257900,-0.0332,179.67886123657226,170.50289184570312,35.75,0.01590933191888532
NVDA,2025-09-02,169.980952871088,172.36069109354864,167.20126556823303,170.7608642578125,231164900,-0.0195,179.21791305541993,171.04143157958984,29.33,0.01405171931791529
NVDA,2025-09-03,171.0408442884315,172.3906992342715,168.86109570238054,170.60089111328125,164424900,-0.0009,178.83595657348633,171.5703726196289,30.77,0.013952984023422904
NVDA,2025-09-04,170.55090333056648,171.8407521362954,169.39102958990665,171.64077758789062,141670100,0.0061,178.4480010986328,172.04552001953124,32.22,0.013940296568619073
NVDA,2025-09-05,168.01117837826322,169.0110663720669,164.05163046676552,167.0012969970703,224441400,-0.027,177.76057891845704,172.29969177246093,29.15,0.01479617304718032
NVDA,2025-09-08,167.5312283491485,170.940849905597,167.33125381142952,168.2911376953125,163769100,0.0077,177.04115982055663,172.5654620361328,28.55,0.014655550412548035
NVDA,2025-09-09,169.0710489481518,170.96083655380465,166.7213214317911,170.74085998535156,157548400,0.0146,176.47622299194336,172.8256329345703,41.29,0.015234803472382088
NVDA,2025-09-10,176.62020974984335,179.26990675759993,175.45034266016896,177.3101348876953,226852000,0.0385,176.18475570678712,173.2123895263672,52.81,0.017776163815626814
NVDA,2025-09-11,179.66999584989978,180.26996857097555,176.4701769393558,177.16014099121094,151159300,-0.0008,175.9642807006836,173.68993560791014,53.23,0.017696657430445063
NVDA,2025-09-12,177.76010410307373,178.59005971058946,176.44017029123495,177.8101043701172,124911000,0.0037,175.75480575561522,174.10149017333984,49.75,0.017712453989094497
NVDA,2025-09-15,175.66021109761542,178.84004186496986,174.50027206258352,177.74009704589844,147061600,-0.0004,175.62032165527344,174.46984924316405,46.58,0.017622069745216174
NVDA,2025-09-16,176.99014687805604,177.49011904437822,174.37029760906842,174.87026977539062,140737800,-0.0161,175.26435546875,174.8028091430664,38.86,0.01780828015573832
NVDA,2025-09-17,172.63039291663662,173.1903593144249,168.40063256525568,170.280517578125,211843800,-0.0262,174.99736557006835,175.00877807617186,33.99,0.01703763326781103
NVDA,2025-09-18,173.9703101424577,177.09014682532762,172.95037791227023,176.23019409179688,191763300,0.0349,175.03985824584962,175.27614685058595,45.08,0.018871333732465904
NVDA,2025-09-19,175.7602124903078,178.07008136373162,175.17023376194967,176.66015625,237182100,0.0024,175.1248466491699,175.52771759033203,53.65,0.018864036376689184
NVDA,2025-09-22,175.29024236301854,184.53972732383275,174.70027887607205,183.5997772216797,269637000,0.0393,175.40633239746094,175.9016827392578,66.98,0.02046308872091406
NVDA,2025-09-23,181.9598706713119,182.409842567533,176.20019683221489,178.42005920410156,192559600,-0.0282,175.33784255981445,176.18905151367187,59.13,0.021410068954386373
NVDA,2025-09-24,179.75999113536878,179.76998508551358,175.39022416770254,176.96014404296875,143564100,-0.0082,175.09836807250977,176.3146371459961,56.15,0.02131701754097194
NVDA,2025-09-25,174.47028665549124,180.24996380236053,173.12037093203185,177.68011474609375,191586700,0.0041,174.90339126586915,176.44122344970702,63.58,0.021348843799581924
NVDA,2025-09-26,178.16008106951017,179.7599981152731,174.920255917913,178.18008422851562,148573700,0.0028,174.80490493774414,176.54521270751954,62.83,0.021297012392401556
NVDA,2025-09-29,180.4199550960203,183.9897638156017,180.30997586310093,181.8398895263672,193063500,0.0205,175.188875579834,176.73419677734375,63.97,0.020295041525612015
NVDA,2025-09-30,182.06986121505477,187.3395719841704,181.4698885277926,186.56961059570312,236981000,0.026,175.97931289672852,177.0383728027344,62.22,0.02026522559511867
NVDA,2025-10-01,185.22969505995903,188.1295275431824,183.88975804814035,187.2295837402344,173844900,0.0035,176.81074752807618,177.44273864746094,63.11,0.02022576262305604
NVDA,2025-10-02,189.5894532800495,191.0393695238543,188.049530449462,188.8794860839844,136805800,0.0088,177.67268295288085,177.80511108398437,64.04,0.02024347783205352
NVDA,2025-10-03,189.1794627061203,190.34939569471345,185.36967740169,187.6095428466797,137596900,-0.0067,178.70309524536134,178.08289123535155,62.15,0.019027207666364173
NVDA,2025-10-06,185.4896720264872,187.21957143407985,183.3197946752433,185.5296630859375,157678100,-0.0111,179.56502151489258,178.32387329101562,63.39,0.019400056972244076
NVDA,2025-10-07,186.21962980709276,189.0494741147918,183.9897582054133,185.0296936035156,140088000,-0.0027,180.2794631958008,178.48986328125,70.64,0.019338357710709783
NVDA,2025-10-08,186.55962017208088,189.58945025835604,186.52960780500516,189.09947204589844,130168900,0.022,180.86893005371093,178.7620462036133,69.01,0.01811131080146792
NVDA,2025-10-09,192.21928773885008,195.28912405123697,191.04935474353755,192.5592803955078,182997200,0.0183,181.63888702392578,179.02823333740236,71.56,0.018380861757473957
NVDA,2025-10-10,193.49922565779727,195.6091088464203,182.0398719523004,183.1498107910156,268774400,-0.0489,181.9058723449707,179.1342282104492,49.43,0.021902282385272333
NVDA,2025-10-13,187.9595379156231,190.09941818271824,185.94965529464977,188.3095245361328,153482800,0.0282,182.43434371948243,179.4264080810547,62.57,0.022677539897208294
NVDA,2025-10-14,184.75971529942103,184.78971240822688,179.68999030007896,180.0199737548828,205641400,-0.044,182.69182891845702,179.42721099853514,53.31,0.024691728851666313
NVDA,2025-10-15,184.7897166440438,184.85970481354863,177.2801249034248,179.8199920654297,214450500,-0.0011,183.16880264282227,179.45881042480468,52.34,0.023819352481366473
NVDA,2025-10-16,182.21985578014733,183.26980040587236,179.76000120804414,181.7998809814453,179723300,0.011,183.4472869873047,179.50681030273438,53.84,0.022708055607508194
NVDA,2025-10-17,180.1699689260444,184.0897642761056,179.74000017155936,183.20980834960935,173135200,0.0078,183.77476959228517,179.55601165771483,51.53,0.022747633769367382
NVDA,2025-10-20,183.1198152646831,185.18969215276272,181.71988400794237,182.6298370361328,128544700,-0.0032,183.7262725830078,179.5550180053711,45.16,0.021005048891810953
NVDA,2025-10-21,182.77981647710283,182.77981647710283,179.78999271004406,181.14991760253903,124240200,-0.0081,183.86276550292968,179.53722442626952,42.68,0.020046537960718466
NVDA,2025-10-22,181.1299112106735,183.42978616900905,176.7501502622395,180.26995849609372,162249600,-0.0049,184.02825622558595,179.479833984375,39.44,0.019980734800249336
NVDA,2025-10-23,180.40994799999945,183.01980322210497,179.7799782111653,182.1498565673828,111363700,0.0104,184.2517433166504,179.49143829345704,43.4,0.020079685990415395
NVDA,2025-10-24,183.8297551720498,187.45955783835475,183.48977777431884,186.24961853027344,131296700,0.0225,184.65522003173828,179.57643859863282,50.83,0.020626178435233837
NVDA,2025-10-27,189.979423148828,191.98930570001696,188.41949722334647,191.47933959960935,153452700,0.0281,185.1371925354004,179.7974298095703,56.7,0.02104270032201441
NVDA,2025-10-28,193.03926234185508,203.1386912540773,191.8993263782752,201.0188140869141,297986200,0.0498,185.85965270996093,180.1780142211914,61.12,0.023005474748873423
NVDA,2025-10-29,207.96842303697136,212.1781954922272,204.76860414707735,207.02847290039065,308829600,0.0299,186.84959716796874,180.80617736816407,62.89,0.023722396146834926
NVDA,2025-10-30,205.1385766163601,206.1485301715792,201.3987945248924,202.8787078857422,178864400,-0.02,187.54955825805663,181.35614471435548,69.38,0.024364496927421174
NVDA,2025-10-31,206.4385001794789,207.95841980607932,202.05875446792163,202.47872924804688,179802200,-0.002,188.293017578125,181.90651153564454,65.36,0.024279751147601857
NVDA,2025-11-03,208.06841462190084,211.32822759164597,205.5485506791992,206.8684844970703,180267300,0.0217,189.35995864868164,182.48447998046876,81.79,0.024306754530160412
NVDA,2025-11-04,202.9886974067508,203.9586446199207,197.9189723693821,198.67893981933597,188919300,-0.0396,190.04242095947265,182.86226165771484,68.78,0.026299839403151854
NVDA,2025-11-05,198.75894188581304,202.90870481768465,194.63916080574023,195.1991424560547,171350300,-0.0175,190.34740447998047,183.1312518310547,62.95,0.026351762150206435
NVDA,2025-11-06,196.40906647995496,197.60899664277025,186.3696319662745,188.0695343017578,223029800,-0.0365,190.12291717529297,183.26104949951173,54.23,0.02738759996018175
NVDA,2025-11-07,184.8897071775586,188.3095303364016,178.90005019006267,188.1395263671875,264942300,0.0004,190.37240295410157,183.42084381103516,54.84,0.024941837078332967
NVDA,2025-11-10,195.09914200543773,199.9288750287355,193.7792081445882,199.03892517089844,198897100,0.0579,190.90887298583985,183.9184127807617,63.48,0.027371866078723585
NVDA,2025-11-11,195.149134832034,195.4091148592836,191.28934919242403,193.1492462158203,176483300,-0.0296,191.56533660888672,184.36618041992188,59.02,0.02623257316270827
NVDA,2025-11-12,195.7091063792789,195.8790950852001,191.1193655455878,193.78921508789065,154935300,0.0033,192.26379776000977,184.82994689941407,58.3,0.02620731316174733
NVDA,2025-11-13,191.03936321053533,191.42934088057365,183.8397672401686,186.8495941162109,207423100,-0.0358,192.51628341674805,185.13412322998047,50.41,0.027607895514450972
NVDA,2025-11-14,182.8498180673128,190.9993581321044,180.56994624954729,190.15940856933597,186591900,0.0177,192.86376342773437,185.59728546142577,49.07,0.027810465182808622
NVDA,2025-11-17,185.9596450685713,188.98947511566345,184.30974305565783,186.5896148681641,173628900,-0.0188,193.06175231933594,185.96325500488283,38.91,0.028186847903531927
NVDA,2025-11-18,183.36979105504545,184.7897101334883,179.63998782140993,181.3498992919922,213598900,-0.0281,193.0717514038086,186.17543579101562,30.03,0.0288893255646259
NVDA,2025-11-19,184.7796984316032,187.8495347223247,182.8198161698128,186.50961303710935,247246400,0.0285,193.38373413085938,186.35942535400392,37.47,0.02952252084158982
NVDA,2025-11-20,195.9390891568929,195.9890894251709,179.83999453744622,180.62994384765625,343504800,-0.0315,193.30773849487304,186.42882141113282,34.57,0.03037792827557188
NVDA,2025-11-21,181.22991004695135,184.5497171819005,172.92036011460985,178.8700408935547,346926200,-0.0097,192.93875961303712,186.45002014160156,29.46,0.02997440838273104
NVDA,2025-11-24,179.48001348627363,183.4897847612219,176.47017128450955,182.5398406982422,256618300,0.0205,192.49178466796874,186.54601501464845,37.32,0.02962433388102991
NVDA,2025-11-25,174.90026276869568,178.15008177330986,169.54056066153746,177.8101043701172,320600300,-0.0259,191.33134918212892,186.60481170654296,36.6,0.027415333300910276
NVDA,2025-11-26,181.61988829154,182.8998157763143,178.2300777211247,180.2499542236328,183852000,0.0137,189.992423248291,186.80420043945313,43.5,0.02653151601596228
NVDA,2025-11-28,179.0000253919654,179.28000857805475,176.49017066740046,176.99014282226562,121332800,-0.0181,188.6979949951172,186.8193994140625,41.21,0.026484237616085215
NVDA,2025-12-01,174.75027181562072,180.28997214473748,173.67033006996684,179.9099884033203,188131000,0.0165,187.56955795288087,186.8843960571289,32.74,0.026967240847876304
NVDA,2025-12-02,181.74987648908228,185.6496685428864,179.98997995570696,181.4499053955078,182632200,0.0086,186.29862899780272,186.84139862060547,38.54,0.02642429105756173
NVDA,2025-12-03,181.06992440272876,182.43984327721984,179.1000328161426,179.5800018310547,165138000,-0.0103,185.34368209838868,186.86459747314453,36.41,0.025261730469542054
NVDA,2025-12-04,181.6199951171875,184.5200042724609,179.9600067138672,183.3800048828125,167364900,0.0212,184.75272521972656,186.9929946899414,46.47,0.025710677691737745
NVDA,2025-12-05,183.88999938964844,184.66000366210935,180.91000366210935,182.41000366210935,143971100,-0.0053,184.46974868774413,187.08759246826173,41.72,0.024475151738683434
NVDA,2025-12-08,182.63999938964844,188.0,182.3999938964844,185.5500030517578,204378100,0.0172,184.34027252197265,187.23499084472655,48.88,0.02482025912753319
NVDA,2025-12-09,185.55999755859372,185.72000122070312,183.32000732421875,184.97000122070312,144719700,-0.0031,183.6368263244629,187.2975930786133,54.34,0.020682066984149382
NVDA,2025-12-10,184.97000122070312,185.47999572753903,182.0399932861328,183.77999877929688,162785400,-0.0064,183.16836395263672,187.24180084228516,46.38,0.019768632782902897
NVDA,2025-12-11,180.27999877929688,181.32000732421875,176.6199951171875,180.92999267578125,182136600,-0.0155,182.52540283203126,187.1158090209961,50.43,0.01993510788322424
NVDA,2025-12-12,181.1100006103516,182.82000732421875,174.6199951171875,175.02000427246094,204274900,-0.0327,181.93392333984374,186.83861938476562,45.05,0.019678946136737898
NVDA,2025-12-15,177.94000244140625,178.4199981689453,175.02999877929688,176.2899932861328,164775600,0.0073,181.2404525756836,186.6122283935547,41.43,0.019233454270044543
NVDA,2025-12-16,176.25999450683594,178.49000549316406,174.89999389648438,177.72000122070312,148588100,0.0081,180.79697189331054,186.45603515625,49.86,0.019053926242723774
NVDA,2025-12-17,176.10000610351562,176.1300048828125,170.30999755859375,170.94000244140625,222775500,-0.0381,180.27647705078124,186.1742413330078,37.59,0.01988121303087282
NVDA,2025-12-18,174.52999877929688,176.14999389648438,171.82000732421875,174.13999938964844,176096000,0.0187,179.6579963684082,185.87505187988282,46.19,0.01917883702088539
NVDA,2025-12-19,176.6699981689453,181.4499969482422,176.33999633789062,180.9900054931641,324925900,0.0393,179.6759994506836,185.64366638183594,51.31,0.02019525739010601
NVDA,2025-12-22,183.9199981689453,184.16000366210935,182.3500061035156,183.69000244140625,129064400,0.0149,179.91699752807617,185.65447021484374,52.63,0.020302996926821575
NVDA,2025-12-23,182.97000122070312,189.3300018310547,182.8999938964844,189.2100067138672,174873600,0.0301,180.25050582885743,185.67247985839845,60.42,0.020880358436124905
NVDA,2025-12-24,187.94000244140625,188.91000366210935,186.58999633789065,188.6100006103516,65528500,-0.0032,180.79050064086914,185.8442803955078,56.08,0.01987620833797877
NVDA,2025-12-26,189.9199981689453,192.69000244140625,188.0,190.52999877929688,139740300,0.0102,181.30450286865235,186.05848052978516,59.24,0.019793622045603743
NVDA,2025-12-29,187.7100067138672,188.75999450683597,185.91000366210935,188.22000122070312,120006100,-0.0121,181.86599578857422,186.18688293457032,53.1,0.019500771914546303
NVDA,2025-12-30,188.2400054931641,188.9900054931641,186.92999267578125,187.5399932861328,97687300,-0.0036,182.24749603271485,186.2734866333008,52.97,0.019299966593917094
NVDA,2025-12-31,189.57000732421875,190.55999755859372,186.4900054931641,186.5,120100500,-0.0055,182.50000076293946,186.35088989257812,53.16,0.01931390009402827
NVDA,2026-01-02,189.83999633789065,192.92999267578125,188.25999450683597,188.8500061035156,148240500,0.0126,182.9635009765625,186.50489166259766,59.3,0.019252490611264873
NVDA,2026-01-05,191.75999450683597,193.6300048828125,186.1499938964844,188.1199951171875,183529700,-0.0039,183.20050048828125,186.66189239501952,67.52,0.018796094219138634
NVDA,2026-01-06,190.5200042724609,192.1699981689453,186.82000732421875,187.2400054931641,176862600,-0.0047,183.44200057983397,186.76369537353514,64.8,0.018785229359932317
NVDA,2026-01-07,188.57000732421875,191.3699951171875,186.55999755859372,189.1100006103516,153543200,0.01,183.62000045776367,186.8209030151367,65.22,0.018535445417958134
NVDA,2026-01-08,189.1100006103516,189.5500030517578,183.7100067138672,185.0399932861328,172457000,-0.0215,183.62350006103514,186.69211608886718,70.31,0.019200630472104706
NVDA,2026-01-09,185.0800018310547,186.33999633789065,183.6699981689453,184.8600006103516,131327500,-0.001,183.6775001525879,186.36893981933594,66.91,0.01914081063014175
NVDA,2026-01-12,183.22000122070312,187.1199951171875,183.0200042724609,184.94000244140625,137968500,0.0004,183.87800064086915,185.92717041015624,57.92,0.018769187375505685
NVDA,2026-01-13,185.0,188.1100006103516,183.3999938964844,185.80999755859372,160128900,0.0047,184.4175003051758,185.58579620361328,54.59,0.016985451204827588
NVDA,2026-01-14,184.32000732421875,184.4600067138672,180.8000030517578,183.13999938964844,159586100,-0.0144,184.76000061035157,185.1990216064453,35.01,0.017393571105137486
NVDA,2026-01-15,186.5,189.6999969482422,186.3300018310547,187.0500030517578,206188600,0.0213,185.22650070190429,184.80265197753906,46.69,0.01787888787310182
NVDA,2026-01-16,189.0800018310547,190.44000244140625,186.0800018310547,186.22999572753903,187967200,-0.0044,185.99100036621093,184.55367309570312,40.43,0.01522074329051605
NVDA,2026-01-20,181.8999938964844,182.3800048828125,177.61000061035156,178.07000732421875,223345300,-0.0438,186.18750076293946,184.2110903930664,32.07,0.018244771421164097
NVDA,2026-01-21,179.0500030517578,185.3800048828125,178.39999389648438,183.32000732421875,200381000,0.0295,186.3040008544922,184.11609985351564,43.58,0.01727549527053002
NVDA,2026-01-22,184.75,186.1699981689453,183.92999267578125,184.83999633789065,139636600,0.0083,186.36150054931642,184.0501092529297,47.51,0.01705318306450672
NVDA,2026-01-23,187.5,189.6000061035156,186.82000732421875,187.6699981689453,142748100,0.0153,186.2845001220703,183.82273071289063,48.26,0.015986602943846774
NVDA,2026-01-26,187.16000366210935,189.1199951171875,185.9900054931641,186.47000122070312,124799600,-0.0064,186.1775001525879,183.68914581298827,47.6,0.01603320567480272
NVDA,2026-01-27,187.2400054931641,190.0,185.6999969482422,188.5200042724609,143711600,0.011,186.0770004272461,183.5837615966797,51.8,0.01606214575689653
NVDA,2026-01-28,191.2700042724609,192.3500061035156,189.83999633789065,191.5200042724609,148552700,0.0159,186.24200057983398,183.6771697998047,53.29,0.016209188427360702
NVDA,2026-01-29,191.33999633789065,193.47999572753903,186.05999755859372,192.50999450683597,171764400,0.0052,186.49050064086913,183.7241815185547,61.14,0.016197468938077945
NVDA,2026-01-30,191.2100067138672,194.4900054931641,189.47000122070312,191.1300048828125,179489500,-0.0072,186.72200088500978,183.81498931884767,59.03,0.01624015410219859
NVDA,2026-02-02,187.1999969482422,190.3000030517578,184.8800048828125,185.6100006103516,165794100,-0.0289,186.56000061035155,183.90019134521484,50.83,0.017340372727129866
NVDA,2026-02-03,186.2400054931641,186.2700042724609,176.22999572753906,180.33999633789065,204019600,-0.0284,186.1710006713867,183.77679901123048,43.86,0.01840859281622808
NVDA,2026-02-04,179.4600067138672,179.5800018310547,171.91000366210938,174.19000244140625,207014100,-0.0341,185.51850051879882,183.64800018310547,40.69,0.019763333274153503
NVDA,2026-02-05,174.92999267578125,176.82000732421875,171.02999877929688,171.8800048828125,206312900,-0.0133,184.65700073242186,183.50819946289062,33.67,0.019616504866002367
NVDA,2026-02-06,176.69000244140625,187.0,174.60000610351562,185.41000366210935,231346200,0.0787,184.6755012512207,183.56560272216797,49.31,0.02661678536483876
NVDA,2026-02-09,184.25999450683597,193.66000366210935,183.9499969482422,190.0399932861328,196387400,0.025,184.93450088500975,183.8102005004883,60.76,0.027172908334744388
NVDA,2026-02-10,191.3800048828125,192.47999572753903,188.1199951171875,188.5399932861328,136764800,-0.0079,185.1145004272461,183.9760012817383,55.03,0.027257379010578325
NVDA,2026-02-11,192.4499969482422,193.25999450683597,188.7700042724609,190.0500030517578,144192700,0.008,185.3265007019043,184.2371984863281,55.02,0.027288981774990975
NVDA,2026-02-12,193.02999877929688,193.6100006103516,186.50999450683597,186.94000244140625,189932500,-0.0164,185.5165008544922,184.37779876708984,49.3,0.02735378545918953
NVDA,2026-02-13,187.47999572753903,187.5,181.58999633789065,182.80999755859372,161888000,-0.0221,185.30450057983398,184.40500061035155,46.68,0.027410927517477788
NVDA,2026-02-17,181.75,187.1499938964844,179.17999267578125,184.97000122070312,162276900,0.0118,185.2415008544922,184.51280059814454,46.78,0.02753801009513941
NVDA,2026-02-18,188.75,190.3699951171875,186.75999450683597,187.97999572753903,164749100,0.0163,185.73700027465821,184.60480041503905,46.79,0.0257252134153083
NVDA,2026-02-19,187.05999755859372,188.42999267578125,185.66000366210935,187.8999938964844,126554500,-0.0004,185.96599960327148,184.71460021972655,45.75,0.024962553007086014
NVDA,2026-02-20,186.57000732421875,190.3300018310547,185.94000244140625,189.82000732421875,178143900,0.0102,186.2150001525879,184.8000003051758,48.81,0.02499331015755174
QQQ,2025-02-21,535.6633370402143,535.6832555528226,523.057286918843,523.4254150390625,47093800,,523.4254150390625,523.4254150390625,,
QQQ,2025-02-24,525.2162949415896,526.400292568826,516.908453766449,517.2467041015625,39268400,-0.0118,520.3360595703125,520.3360595703125,,
QQQ,2025-02-25,516.6199080719186,516.6995213959628,506.86937096397327,510.7297973632813,48940000,-0.0126,517.1339721679688,517.1339721679688,,0.0005656854249492389
QQQ,2025-02-26,512.9286073089962,517.0377109996812,508.78956512544937,511.9634704589844,34457600,0.0024,515.8413467407227,515.8413467407227,,0.008438799282678391
QQQ,2025-02-27,515.5155305487389,516.4507897553704,497.5267448876785,497.7456359863281,52448000,-0.0278,512.2222045898437,512.2222045898437,,0.012336801314225121
QQQ,2025-02-28,497.6063054446295,506.21265072070776,494.4224407770984,505.6057434082031,47654000,0.0158,511.1194610595703,511.1194610595703,,0.016545694303957147
QQQ,2025-03-03,508.93885561166286,510.4511747502602,491.08937854664106,494.5418701171875,44587200,-0.0219,508.75123378208707,508.75123378208707,,0.016031521034096132
QQQ,2025-03-04,491.68635636601033,501.19811409825184,485.2788502299198,493.0494384765625,67875400,-0.003,506.7885093688965,506.7885093688965,,0.014828174597864766
QQQ,2025-03-05,493.6961873600139,501.08868829896096,488.7811121667995,499.4768676757813,46323700,0.013,505.9761047363281,505.9761047363281,,0.015677548778883953
QQQ,2025-03-06,491.1988293432897,496.0641384820351,483.74663380211234,485.7365417480469,57574300,-0.0275,503.9521484375,503.9521484375,,0.016361090360296218
QQQ,2025-03-07,484.7017992368597,490.7909129209113,478.1052492912749,489.3084411621094,54714700,0.0074,502.6209023215554,502.6209023215554,,0.016190738093119782
QQQ,2025-03-10,481.0105123404904,481.527877477655,466.2951345184157,470.3446044921875,76668000,-0.0388,499.9312108357747,499.9312108357747,,0.018170970855135447
QQQ,2025-03-11,469.96649132071,476.3938851576426,464.65344101869744,469.2202758789063,68760800,-0.0024,497.56883122370795,497.56883122370795,,0.01744708015859978
QQQ,2025-03-12,476.74214541675576,478.6325518771569,469.4093395543602,474.5134582519531,46971100,0.0113,495.9220188685826,495.9220188685826,24.96,0.017621726828272434
QQQ,2025-03-13,473.846835269,473.876682674001,464.0763798508384,465.9767456054688,46563300,-0.018,493.92566731770836,493.92566731770836,22.96,0.017166810874603228
QQQ,2025-03-14,471.3395844196507,478.135107096926,470.7326466711819,477.2396545410156,43563000,0.0242,492.88279151916504,492.88279151916504,32.03,0.01852986778150346
QQQ,2025-03-17,477.1898651106022,483.3884393542646,475.3890008308422,480.33392333984375,41744400,0.0065,492.1446228027344,492.1446228027344,35.91,0.018171406109599775
QQQ,2025-03-18,476.9908983924578,477.1898709733085,470.0262204273719,472.1454772949219,39072300,-0.017,491.03355916341144,491.03355916341144,32.66,0.017825630093640285
QQQ,2025-03-19,474.40401064913135,482.8810077328089,472.4737974749432,478.4634399414063,40430300,0.0134,490.3719739412007,490.3719739412007,40.98,0.017881359191514155
QQQ,2025-03-20,474.4736793716476,482.10495972485467,473.77719941007575,476.8416748046875,36780500,-0.0034,489.695458984375,489.695458984375,35.72,0.017380620383412117
QQQ,2025-03-21,471.687797271606,479.17979996791263,470.5237180500232,478.4136962890625,42234900,0.0033,487.444873046875,489.1582321893601,41.16,0.017012486900107104
QQQ,2025-03-24,486.0025586791713,489.75914861467663,482.6744601047364,488.91217041015625,34567200,0.0219,486.0281463623047,489.1470475630327,47.94,0.017881934429679818
QQQ,2025-03-25,489.63957585890734,491.8616126491208,488.67302999487,491.7021789550781,26035200,0.0057,485.0767654418945,489.25814023225206,45.97,0.01781461478674181
QQQ,2025-03-26,490.546311274139,491.4032635851384,481.1001004977701,482.654541015625,34627100,-0.0184,483.61131896972654,488.9829902648926,48.32,0.018163621103154167
QQQ,2025-03-27,480.69152170184447,484.84664994408064,478.5392125885613,479.9043273925781,33469800,-0.0057,482.71925354003906,488.61984375,44.84,0.017208859407446597
QQQ,2025-03-28,478.10080496658304,478.8082672702437,466.3826870366339,467.26953125,46363800,-0.0263,480.8024429321289,487.79867788461536,48.19,0.017530012609957336
QQQ,2025-03-31,460.2745089570581,468.1861962018987,455.7008332218952,467.2495727539063,53000300,-0.0,479.43782806396484,487.03759991681136,48.82,0.017015346014700967
QQQ,2025-04-01,465.6353253704141,471.94279304476703,462.7656103358645,471.01611328125,41156200,0.0081,478.3361618041992,486.46540396554127,47.87,0.017184885494925018
QQQ,2025-04-02,464.459587398197,477.8517140049883,464.2005038366104,474.453857421875,49894500,0.0073,477.0850112915039,486.05121270541486,55.5,0.016966549132740115
QQQ,2025-04-03,454.8140043600852,458.4310779026491,448.5364593153614,449.0545959472656,70456300,-0.0535,475.2509140014648,484.8179921468099,34.54,0.019756107649880943
QQQ,2025-04-04,436.57926126906654,438.8012980453069,421.1643676757813,421.1643676757813,117088400,-0.0621,471.8437103271484,482.76464942193803,24.48,0.02346198436889591
QQQ,2025-04-07,407.2042370577914,441.5614201479207,400.9565835810788,422.1806945800781,161557000,0.0024,469.43551483154295,480.8714008331299,27.03,0.022321980552573593
QQQ,2025-04-08,436.5991608457656,441.5614317044957,408.3302272191484,414.577880859375,101248100,-0.018,466.7033950805664,478.8625062884706,20.97,0.022493280283114266
QQQ,2025-04-09,414.0896473799676,466.1634640594877,413.9501314972579,464.3399963378906,142876900,0.12,466.1947219848633,478.43537364286533,46.05,0.035968152579747545
QQQ,2025-04-10,451.9442914367033,453.96705879904806,431.0888571820337,444.590576171875,108384100,-0.0425,465.1254135131836,477.46837942940846,40.41,0.03699869805675244
QQQ,2025-04-11,443.06604289719394,454.1663741146707,439.75786224337,452.78131103515625,52483800,0.0184,463.9024963378906,476.7826275295681,39.62,0.036807200025052306
QQQ,2025-04-14,462.8054576620582,463.3933522712816,451.0176127444343,455.850341796875,43941200,0.0068,462.6783172607422,476.2168900773332,39.72,0.036810905134784515
QQQ,2025-04-15,456.9065795217768,460.7328968756089,454.52507867632215,456.3585205078125,35404200,0.0011,461.8889694213867,475.6943014044511,42.07,0.03664431994471348
QQQ,2025-04-16,447.43044650671294,451.00765441884926,436.2006038899139,442.59771728515625,48980600,-0.0302,460.0956832885742,474.84567104241785,39.45,0.03703270922619055
QQQ,2025-04-17,445.5770765238,446.1549970317344,439.78774529191,442.51800537109375,44837000,-0.0002,458.3794998168945,474.03747940063477,42.47,0.03703896206059662
QQQ,2025-04-21,436.6688946094812,437.51584230875216,426.40556828000206,431.5671081542969,44149300,-0.0247,456.03717041015625,473.0016166873095,39.82,0.037312682689317374
QQQ,2025-04-22,437.2568260974721,445.9856002161295,436.06108861931057,442.8966674804688,52304400,0.0263,453.73639526367185,472.28483218238466,42.31,0.037489056297875294
QQQ,2025-04-23,456.53789090300927,461.729322993314,451.2667267648559,452.9407348632813,55801100,0.0227,451.798323059082,471.83496945403346,44.32,0.037917401573753215
QQQ,2025-04-24,454.8539073702654,465.99407392862616,454.2061985166322,465.6851806640625,45956100,0.0281,450.9498550415039,471.6952015269886,54.71,0.038373730049276376
QQQ,2025-04-25,465.3065340969529,471.4047282191122,463.7321758428064,470.8766174316406,38697100,0.0111,450.498469543457,471.6770107693142,66.14,0.03845153340313792
QQQ,2025-04-28,471.34492884890216,473.1185867567387,464.3698648773637,470.7271423339844,33550800,-0.0003,450.6713500976563,471.6563614555027,65.85,0.037961204572979225
QQQ,2025-04-29,468.4951374553907,474.722873222181,467.91718654726753,473.8360290527344,30613100,0.0066,451.0006729125977,471.7027373618268,69.93,0.03798037027618068
QQQ,2025-04-30,465.4659581608863,475.5000933242452,460.7826887017505,473.7762451171875,46810600,-0.0001,451.13867950439453,471.7459354400635,54.77,0.03794814190028558
QQQ,2025-05-01,481.6879595225004,485.4445187613678,479.0274574431888,479.964111328125,43316500,0.0131,451.41419219970703,471.91365331533007,70.72,0.0380212336796995
QQQ,2025-05-02,484.8068330037864,489.1612611202772,483.1029025512637,487.0886535644531,39218100,0.0148,453.3158950805664,472.2171533203125,70.35,0.035850174704118096
QQQ,2025-05-05,482.87372581995743,487.2879376271539,482.37550695931134,484.198974609375,28309500,-0.0059,456.4676254272461,471.43262451171876,66.85,0.03237575237898361
QQQ,2025-05-06,477.851682965364,483.3221164592232,476.48656811897325,479.6950988769531,32786300,-0.0093,459.34334564208984,470.68159240722656,63.24,0.032577355713181474
QQQ,2025-05-07,480.3626833864985,484.0694329267226,475.0815756262524,481.5783386230469,38006300,0.0039,462.69336853027346,470.0985632324219,75.56,0.03206067069265953
QQQ,2025-05-08,486.7897029414521,490.9448614840613,482.44524921410783,486.5505676269531,39577600,0.0103,463.80389709472655,469.5903051757812,77.13,0.01833337480059106
QQQ,2025-05-09,488.46373075344206,489.789009962343,484.4680361370782,486.2317199707031,27767400,-0.0007,465.88595428466795,469.36002685546873,88.76,0.015015812717896666
QQQ,2025-05-12,505.1839413174901,506.08075957729017,499.69359025194126,506.0408935546875,45090600,0.0407,468.5489334106445,469.3687298583984,89.97,0.016815358737585235
QQQ,2025-05-13,507.34623920694446,515.5469326874095,506.60888501619945,513.7533569335938,53269600,0.0152,471.44408416748047,469.7529595947266,89.67,0.016948525009569414
QQQ,2025-05-14,514.9291062301362,517.3803039371103,513.9127203607696,516.832275390625,47014500,0.006,474.46777191162107,470.22861633300784,88.17,0.016907429074070866
QQQ,2025-05-15,514.6800738473207,520.0707756057274,513.334846321635,517.4003295898438,50153300,0.0011,478.2079025268555,470.58708557128904,87.3,0.0146409402559722
QQQ,2025-05-16,518.8052741008747,519.8416083280616,515.2579579935311,519.6522827148438,48394600,0.0044,482.06461639404296,471.265400390625,87.94,0.014542217126262705
QQQ,2025-05-19,512.4081112969848,520.6686187239894,512.4081112969848,520.1504516601562,52536200,0.001,486.49378356933596,471.88224060058593,87.44,0.012473656451223827
QQQ,2025-05-20,517.6194881585196,519.0743091661009,514.819500517199,518.4166870117188,42517600,-0.0033,490.26978454589846,472.84368225097654,85.13,0.012120191938726831
QQQ,2025-05-21,514.4309376384672,521.1369442471234,509.418826553865,511.21240234375,71292800,-0.0139,493.18336791992186,473.68352478027344,74.21,0.012535062404060226
QQQ,2025-05-22,511.8301907509696,515.8658123150946,510.4750499996911,512.1690063476562,55607200,0.0019,495.50755920410154,474.4366357421875,71.48,0.011440560346968652
QQQ,2025-05-23,504.37683685319297,510.0166779867416,503.77896814055566,507.4259338378906,58368100,-0.0093,497.33502502441405,475.26561950683595,69.28,0.01175714340529329
QQQ,2025-05-27,514.3113346789697,519.8515257666644,512.7568943253785,519.3632202148438,47226300,0.0235,499.766828918457,476.1080908203125,79.31,0.01250023157680225
QQQ,2025-05-28,520.3198331572289,521.8144897137478,516.543356152141,517.0614624023438,46637200,-0.0044,501.9281005859375,476.8426416015625,76.06,0.012667010613982161
QQQ,2025-05-29,524.4551068947912,524.6045360691892,515.4771928839561,518.077880859375,58513300,0.002,504.1431823730469,477.76128967285155,74.58,0.012635975167000468
QQQ,2025-05-30,517.5895836462355,518.8251566212066,510.10632704393424,517.2607421875,67662800,-0.0016,506.0080139160156,478.53723571777346,74.01,0.012539940401100708
QQQ,2025-06-02,515.3974870451045,521.5853877867925,514.1319915550752,521.3462524414062,44762800,0.0079,507.7208938598633,479.4273272705078,65.65,0.012314855171488486
QQQ,2025-06-03,521.6949026792081,526.8564424978958,520.8280067740416,525.4215698242188,44070300,0.0078,509.78202362060546,480.36748474121094,62.89,0.01214579849382623
QQQ,2025-06-04,526.1290501987006,527.9525481163902,524.0962784813655,526.8863525390625,41359300,0.0028,512.1415863037109,481.12696838378906,61.52,0.011734442107699338
QQQ,2025-06-05,528.2913461648635,531.1511175724819,520.7981150051966,522.9205322265625,61031200,-0.0075,514.2086959838867,481.75133544921874,55.87,0.012051270952847557
QQQ,2025-06-06,528.1119586040834,529.9055342244761,526.3283570911045,528.0322265625,42467000,0.0098,516.2827789306641,482.65888916015626,58.39,0.012038451552814987
QQQ,2025-06-09,528.251567558544,530.4536562468535,527.1255879414605,528.8095703125,33688700,0.0015,518.4116714477539,483.6369940185547,58.63,0.012001605155802677
QQQ,2025-06-10,529.2777972976213,532.9945512832284,527.0059509616149,532.3070068359375,40664800,0.0066,519.7249771118164,484.93774353027345,63.37,0.008452833533013767
QQQ,2025-06-11,533.7119535961438,534.8678553808483,528.221572163124,530.5133666992188,53701000,-0.0034,520.5629776000976,486.20301940917966,70.73,0.008001873135973253
QQQ,2025-06-12,529.1981197879245,532.735461425523,528.9490103653087,531.7589111328125,34104900,0.0023,521.309309387207,487.4178753662109,70.91,0.007938407635632827
QQQ,2025-06-13,525.8002917667119,529.9753685874628,523.8572258903529,525.0828857421875,55814400,-0.0126,521.6934371948242,488.4304559326172,68.1,0.008539436379774161
QQQ,2025-06-16,528.6102414640853,533.4628885796845,528.5604317387102,532.38671875,37622100,0.0139,522.330158996582,490.0970983886719,64.76,0.009003303487287898
QQQ,2025-06-17,529.8158873625565,531.4301114980193,526.0293756198878,527.1952514648438,42180900,-0.0098,522.6823989868165,492.2177160644531,60.78,0.009336791965687477
QQQ,2025-06-18,528.2116221164397,530.6529067451564,525.5212888702348,527.1055908203125,43983500,-0.0002,523.1168441772461,494.3162139892578,59.79,0.009292344047372373
QQQ,2025-06-20,530.3639576995934,531.6593145894406,523.0102423618315,524.9533081054688,61643500,-0.0041,523.8038894653321,496.5237225341797,58.11,0.008713116247178274
QQQ,2025-06-23,525.5229332044729,530.8698234247422,522.3706802794006,530.3511352539062,50666100,0.0103,524.7129959106445,497.8439453125,59.24,0.008940262270967454
QQQ,2025-06-24,535.5782888900031,539.3789778904177,534.9598085403529,538.4612426757812,45442000,0.0153,526.264761352539,499.72135864257814,62.35,0.009028170823652627
QQQ,2025-06-25,540.7355939583459,541.9825398600767,538.0621492513585,539.8377685546875,44804200,0.0026,527.2884887695312,501.4624877929688,62.29,0.007632782482231008
QQQ,2025-06-26,542.0225146286602,545.3344108269034,540.197029348474,544.885498046875,43811400,0.0094,528.6796905517579,503.2431909179688,70.42,0.007651315676336147
QQQ,2025-06-27,545.9229263621712,548.646236854107,543.2095402936434,546.7509155273438,57577100,0.0034,530.1133422851562,505.05103881835936,68.52,0.007651460128972971
QQQ,2025-06-30,549.9131598811205,551.4493754022211,547.6686571277671,550.292236328125,45548700,0.0065,531.7649169921875,507.2049291992187,70.16,0.0076250884377960125
QQQ,2025-07-01,548.386860243991,549.3645072749528,543.3292401455354,545.653564453125,56166700,-0.0084,532.9802825927734,509.26764038085935,62.26,0.007951954410543883
QQQ,2025-07-02,544.8256064072416,549.6538082093174,544.7857260533864,549.4542846679688,36538300,0.007,534.181918334961,511.6253839111328,66.78,0.00792485098647884
QQQ,2025-07-03,551.8284721476665,555.8386700313663,551.8284721476665,554.8610229492188,26443500,0.0098,535.5806518554688,513.8646710205078,69.06,0.008102085501504172
QQQ,2025-07-07,552.1676854094138,552.9856893302406,548.2373089969742,550.6813354492188,45349300,-0.0075,536.9686920166016,515.8194830322266,72.03,0.008102085501504172
QQQ,2025-07-08,552.0280378347724,552.6565035476941,549.7535788954287,550.9906005859375,36153300,0.0006,538.1166107177735,517.525591430664,68.2,0.007932372048497812
QQQ,2025-07-09,553.1252961239118,556.2676245184426,551.7486628164066,554.8909912109375,43045500,0.0071,539.4206817626953,519.20587890625,77.8,0.008006339593360404
QQQ,2025-07-10,555.5294408217566,555.9384123345195,551.399540909487,554.0929565429688,34710900,-0.0014,540.5099792480469,520.8731951904297,76.71,0.007987384790372478
QQQ,2025-07-11,551.948121861809,554.432028356728,550.7011759598594,552.845947265625,39618600,-0.0023,541.6266082763672,522.4533935546875,78.11,0.00795166152779603
QQQ,2025-07-14,552.6364665235913,555.5892564884584,550.2822471537012,554.85107421875,36453300,0.0036,542.781216430664,524.0748901367188,76.5,0.007958735683776063
QQQ,2025-07-15,558.881207037374,559.4298511098242,555.2999512724816,555.3598022460938,43277700,0.0009,544.2950622558594,525.5828039550781,71.87,0.00717490326360608
QQQ,2025-07-16,555.9184813380132,558.841315448374,550.2124247955553,555.9284057617188,52314700,0.001,545.4721466064453,526.9595989990235,71.27,0.0066913848775083384
QQQ,2025-07-17,556.6566353219689,560.9361318466856,555.848616792518,560.4273681640625,40423800,0.0081,547.1337524414063,528.4841668701172,70.85,0.006180893735409222
QQQ,2025-07-18,561.7441739242998,563.350225741294,558.6118309954545,559.8887329101562,50484700,-0.001,548.7729095458984,530.0880395507812,68.28,0.006205810095980083
QQQ,2025-07-21,560.7167515850907,564.6770230188278,560.6867956545606,562.7916259765625,39595200,0.0052,550.6648254394531,531.7123052978516,67.7,0.005986818854784226
QQQ,2025-07-22,562.9213204064853,562.9711860719661,557.2452194730795,559.8787841796875,43270600,-0.0052,552.1412078857422,533.1788696289062,71.18,0.006064328400356327
QQQ,2025-07-23,560.9661158513218,562.4723754700833,558.2128493506386,562.4324951171875,40215300,0.0046,553.3397705078125,534.702885131836,70.07,0.005324323530048816
QQQ,2025-07-24,563.7492795819054,564.8565530178993,561.9137482789852,563.6295776367188,42275500,0.0021,554.5293609619141,535.8546588134766,65.59,0.005323520303431983
QQQ,2025-07-25,563.5497827933865,566.313034745678,562.8914220636111,564.9862670898438,30630800,0.0024,555.5343994140625,536.8793170166016,78.27,0.0050464030963178344
QQQ,2025-07-28,566.3528450456176,567.6496566103068,565.4849755661548,566.7518920898438,31498700,0.0031,556.5344482421875,537.877709350586,79.46,0.005041919016448099
QQQ,2025-07-29,569.3655332995753,570.7122106355441,565.1458874865731,565.8740844726562,45463300,-0.0015,557.3135406494141,538.8471844482422,73.14,0.00496703872384849
QQQ,2025-07-30,566.7918454902335,569.2258866472484,563.6694876691353,566.6322631835938,43433800,0.0013,558.3624755859375,539.7867840576172,76.46,0.0043999372005087715
QQQ,2025-07-31,573.1362622854951,573.2260691874027,562.4923482714106,563.6295776367188,64613600,-0.0053,559.071240234375,540.6563665771484,71.19,0.004507140533583749
QQQ,2025-08-01,557.4646514509443,557.6541896674577,550.3320963877643,552.5267333984375,69400800,-0.0197,558.9545257568359,541.3385675048828,46.64,0.00611309853382149
QQQ,2025-08-04,557.6841517796104,562.9412959282934,557.5844204477802,562.7218017578125,47669800,0.0185,559.5565490722656,542.368755493164,58.32,0.007153834084269992
QQQ,2025-08-05,564.0086085828399,565.1757328972536,558.3624034509684,558.901123046875,48666600,-0.0068,559.9520751953125,543.3033978271484,53.13,0.007369444383826754
QQQ,2025-08-06,559.7391099978526,566.3728874107766,559.2603021929511,565.9339599609375,41823700,0.0126,560.5042236328125,544.4735583496093,55.5,0.007714026868394723
QQQ,2025-08-07,570.2732376717248,571.9192306274066,563.72926797121,567.8491821289062,44463000,0.0034,561.1920349121094,545.4432775878906,57.74,0.007709768240082797
QQQ,2025-08-08,569.0562817589437,573.3657343884216,568.7570268998204,573.146240234375,35255500,0.0093,562.2070495605469,546.5649731445312,59.63,0.007863446411954756
QQQ,2025-08-11,573.285909687358,575.39073988548,570.1735373972913,571.4503784179688,33112900,-0.003,563.0370147705078,547.6324230957031,61.01,0.007923515965981126
QQQ,2025-08-12,573.754745111433,578.9320673642603,571.0912854904631,578.6328125,42143300,0.0126,564.2006652832031,548.8598645019531,64.16,0.00829985890812228
QQQ,2025-08-13,581.336189461128,581.8948188134602,577.5255153167782,578.922119140625,41209300,0.0005,565.3503509521485,550.0113818359375,63.58,0.008304051008868784
QQQ,2025-08-14,576.867214657275,580.4583950264449,576.4980626010837,578.4732666015625,45425000,-0.0008,566.2526458740234,551.0724157714844,62.18,0.008201172894294156
QQQ,2025-08-15,578.383394008071,578.4233352453067,574.163748420605,575.929443359375,49480200,-0.0044,567.0546813964844,552.0532775878906,58.17,0.008292956745271694
QQQ,2025-08-18,575.0316052093148,576.3583727113783,573.8345249533343,575.699951171875,29831000,-0.0004,567.70009765625,553.1088659667969,58.85,0.008253948018659724
QQQ,2025-08-19,574.9817743394825,575.1513419461467,566.8616474345037,567.88916015625,53752600,-0.0136,568.1006164550781,553.9060046386719,51.0,0.008791112437839524
QQQ,2025-08-20,566.9415119380282,567.061213891326,557.474707000813,564.5174560546875,76781100,-0.0059,568.2048645019531,554.6201623535156,50.71,0.008862018304035067
QQQ,2025-08-21,562.9711407616691,565.1059268695744,559.6093793059084,561.90380859375,46436900,-0.0046,568.1185760498047,555.2120983886718,58.61,0.008913695848760516
QQQ,2025-08-22,563.2904178641013,572.5876551514443,561.8938747848422,570.5725708007812,51502100,0.0154,568.3978912353516,556.0132824707031,57.42,0.009557486731959344
QQQ,2025-08-25,569.0063962953644,571.8892890383006,567.7693747773127,568.9265747070312,34044700,-0.0029,568.506625366211,556.7566357421875,59.88,0.00956689879906644
QQQ,2025-08-26,568.4378222244122,571.5202387152399,567.410309470112,571.2109985351562,34103000,0.004,568.773471069336,557.6791979980469,55.74,0.009593413310567223
QQQ,2025-08-27,570.1935457073605,573.0066024398417,568.9764946916996,572.0888671875,36927100,0.0015,569.0463012695312,558.4732409667969,54.71,0.00959438432242089
QQQ,2025-08-28,572.707329573353,576.5878402039835,571.0613973569876,575.6701049804688,46787900,0.0063,569.6483276367187,559.4427380371094,52.92,0.009574637549825385
QQQ,2025-08-29,573.2559494077193,573.6251014295405,567.1509068169219,569.0064086914062,56030400,-0.0116,570.4723114013672,560.2807543945313,47.47,0.008787459665251443
QQQ,2025-09-02,559.9386305753824,564.5872186860805,558.1729354751159,564.2380981445312,65876800,-0.0084,570.5481262207031,561.0664501953125,34.28,0.008079434581571577
QQQ,2025-09-03,567.8392715420716,570.30326864531,565.3453793937941,568.67724609375,54230200,0.0079,571.0369323730469,561.8329724121094,39.74,0.008081588887549798
QQQ,2025-09-04,569.3455646209001,574.1936761101587,567.6397814409955,573.8245849609375,47526300,0.0091,571.4314636230469,562.5402392578125,45.75,0.007849344592150082
QQQ,2025-09-05,579.0716958584857,579.7001614686197,570.1336265339671,574.6525268554688,68342500,0.0014,571.771630859375,563.2365344238282,48.79,0.007826110144893181
QQQ,2025-09-08,576.9569100864685,579.4209069942706,576.3584003727692,577.4556884765625,46371400,0.0049,571.9871032714843,563.8879382324219,51.58,0.0076286164848997475
QQQ,2025-09-09,578.2537612972826,579.5206779783559,575.6301819149563,579.0917358398438,44007600,0.0028,572.3691711425781,564.5347546386719,61.35,0.007602762655771911
QQQ,2025-09-10,582.3138007742962,582.3437567038031,577.1364785105435,579.28125,49308000,0.0003,572.4015930175781,565.1145349121093,66.0,0.007067261436407052
QQQ,2025-09-11,581.814979655352,583.4509873113628,580.1989426175462,582.6529541015625,44745800,0.0058,572.588134765625,565.8545227050781,72.12,0.007182464025227288
QQQ,2025-09-12,583.6105864506874,586.423703827438,582.6728806584372,585.2266235351562,50745900,0.0044,572.9258026123047,566.5699694824219,67.95,0.007232965468857442
QQQ,2025-09-15,587.0023008473079,590.3440916306826,586.8526429792626,590.234375,44360300,0.0086,573.6410491943359,567.2774365234375,74.12,0.007343274760658644
QQQ,2025-09-16,591.1621557406676,591.4115449554772,589.0473400699651,589.7356567382812,36942100,-0.0008,574.3428344726562,568.0585229492187,71.85,0.007348548012685008
QQQ,2025-09-17,589.6558208790498,590.3042571762861,582.942282862292,588.5585327148438,69384800,-0.002,575.3763031005859,568.8098815917969,69.29,0.006528472054655745
QQQ,2025-09-18,593.4564461610391,596.6785957944177,591.5112592506033,593.865478515625,61069300,0.009,576.8437042236328,569.5893713378906,70.49,0.006452047818532619
QQQ,2025-09-19,595.8705968632576,598.583922026821,594.3941714550525,597.8856201171875,58196100,0.0068,578.6427947998047,570.465224609375,84.57,0.00628815720641839
QQQ,2025-09-22,596.9708269829692,602.0942306490323,596.9508332125652,601.4251098632812,57154800,0.0059,580.1854217529296,571.4368078613281,95.87,0.005637235231266434
QQQ,2025-09-23,601.5949151722127,601.7946700200599,596.2118359493293,597.4302978515625,64635500,-0.0066,581.6106079101562,572.2883923339843,85.86,0.00588425866188766
QQQ,2025-09-24,598.8085103543956,599.1281059107118,592.5964822123717,595.3329467773438,49850300,-0.0035,582.8167053222656,573.0878552246094,79.03,0.006018733911275427
QQQ,2025-09-25,591.4379907146171,594.354216296693,587.7427395490681,592.7662963867188,70920200,-0.0043,583.8505767822265,573.8246130371094,73.35,0.006186062432683053
QQQ,2025-09-26,593.585214360816,595.5327174506845,590.2994696097071,595.203125,54337400,0.0041,584.8272277832032,574.5201281738281,73.1,0.006121050821378197
QQQ,2025-09-29,598.3391106571707,601.275330198043,596.6412858554952,597.9595947265625,48332900,0.0046,586.2748870849609,575.2815454101562,73.86,0.005284535532047603
QQQ,2025-09-30,597.659966987958,599.9370624727763,595.3329480316206,599.5974731445312,46533800,0.0027,588.042855834961,576.0176623535157,74.78,0.004620717078093987
QQQ,2025-10-01,596.4015613877941,603.0130380816322,595.5726732971928,602.4737548828125,46899600,0.0048,589.7326812744141,576.8695617675781,74.48,0.004500058479152179
QQQ,2025-10-02,606.2788672228089,606.378714165839,602.1541765957764,604.9505615234375,43765400,0.0041,591.2889801025391,577.7199230957032,74.41,0.004270523202261356
QQQ,2025-10-03,605.7296019230981,606.5485541284623,600.6161947999731,602.4038696289062,46482100,-0.0042,592.676547241211,578.4954089355468,66.04,0.004532351544873339
QQQ,2025-10-06,607.6670775886568,608.5758798079479,605.1902273252953,606.9280395507812,41962100,0.0075,594.1501647949219,579.3342443847656,70.49,0.004644634708881563
QQQ,2025-10-07,608.2363844032766,608.9254990082667,602.2541015785323,603.732177734375,58209500,-0.0053,595.3821868896484,580.0738500976563,67.25,0.004959570758166791
QQQ,2025-10-08,604.6309888518371,610.9628579603992,604.481218431623,610.6532592773438,50629800,0.0115,596.9507873535156,580.96943359375,68.41,0.005362194660672747
QQQ,2025-10-09,610.6931491958702,610.8229867928995,606.6982962574127,609.9141845703125,45551000,-0.0012,598.3138488769531,581.8350720214844,64.21,0.0053745477165892475
QQQ,2025-10-10,610.6132994204178,612.3909772904724,588.2920219287263,588.741455078125,97614800,-0.0347,598.4895904541015,582.3373095703125,39.42,0.009833803140724667
QQQ,2025-10-13,598.9083327066105,602.1741444216893,596.4614731416003,601.2353515625,65872600,0.0212,599.0396392822265,583.3114819335938,52.78,0.010750990162477323
QQQ,2025-10-14,594.5439886761187,601.9144974152143,589.3706613014698,597.2305297851562,69203200,-0.0067,599.4143829345703,584.0016564941407,51.35,0.010882543965355469
QQQ,2025-10-15,603.232804101606,605.9193452011472,595.1631839173533,601.445068359375,62805500,0.0071,600.0587097167969,584.8525354003906,56.03,0.010954374276492184
QQQ,2025-10-16,604.3313635356964,607.5272581453062,594.7337437778706,599.2179565429688,70982000,-0.0037,600.3263336181641,585.5182153320312,52.8,0.010842289280502768
QQQ,2025-10-17,597.1806072651552,604.7308770883808,595.6026232431807,603.1528930664062,72024900,0.0066,600.589697265625,586.2242895507812,53.56,0.010836268293389371
QQQ,2025-10-20,606.3587502275053,612.0114401498232,606.2888329883251,610.7530517578125,45761700,0.0126,601.0560943603516,586.97642578125,57.07,0.011112207606715094
QQQ,2025-10-21,610.8529979566828,611.9315643975107,608.5359758597962,610.5933227539062,44538200,-0.0003,601.7142456054687,587.7592846679687,55.33,0.010978997893106732
QQQ,2025-10-22,610.034035159382,610.6232418416384,598.9682752728291,604.7108764648438,61478800,-0.0096,602.1831420898437,588.2808459472657,49.85,0.011197386913213748
QQQ,2025-10-23,604.1316243630486,610.5833341066889,603.7421725102494,609.7943725585938,42844300,0.0084,603.0345458984375,588.898291015625,54.5,0.01125053799883178
QQQ,2025-10-24,615.1973511503762,617.6242169779957,614.3384724044602,616.305908203125,47632500,0.0107,604.0896850585938,589.6549438476562,55.57,0.011426998270485742
QQQ,2025-10-27,623.7164465731967,627.7412294550786,623.2270868116484,627.2818603515625,54098600,0.0178,605.5557983398437,590.6819921875,62.81,0.011965444764865723
QQQ,2025-10-28,629.5488872669928,633.8633359425862,628.4403301580431,632.1055908203125,61195700,0.0077,607.1812042236328,591.8101049804687,61.94,0.012022709870556592
QQQ,2025-10-29,634.77220425535,636.190360053584,629.4390484873167,634.9519653320312,67422800,0.0045,608.8051147460938,593.1513610839844,63.62,0.012020158506705132
QQQ,2025-10-30,631.3565662863019,632.6848720357782,625.1346019679808,625.2444458007812,61628600,-0.0153,609.8198089599609,594.3659008789062,72.68,0.012666620036848611
QQQ,2025-10-31,633.3539723359148,633.3839629929544,625.883616641787,628.2605590820312,66305100,0.0048,611.1126434326172,595.6930358886718,69.03,0.012604577280537915
QQQ,2025-11-03,634.2927319253315,635.001840248536,629.0394906897283,631.2666625976562,37154300,0.0048,612.3295745849609,596.9069177246093,74.32,0.012558975611930003
QQQ,2025-11-04,622.478029730703,626.1432903257465,617.6642245044198,618.4531860351562,63830800,-0.0203,613.065625,597.8974499511719,60.82,0.013437828576154156
QQQ,2025-11-05,617.6941518361581,625.7937017112316,616.4158305661566,622.47802734375,48688500,0.0065,613.6568634033204,598.9227905273438,64.47,0.01328360584369042
QQQ,2025-11-06,620.9899080817669,621.2395864016282,609.5147022540025,610.8829345703125,72115100,-0.0186,613.7053009033203,599.698671875,54.39,0.013989427398838324
QQQ,2025-11-07,607.5272307243642,609.1651350193971,597.899620744235,608.9553833007812,81835400,-0.0032,614.7159973144531,600.3643774414063,48.91,0.011387643349377936
QQQ,2025-11-10,618.1235878797521,623.5066669290842,616.0962316788492,622.4280395507812,55919900,0.0221,615.7756317138671,601.4328100585938,56.18,0.01147002844946685
QQQ,2025-11-11,619.7714893858831,621.9186863012081,616.7254261621581,620.7702026367188,44868800,-0.0027,616.9526153564453,602.5634521484375,58.78,0.011348335143373047
QQQ,2025-11-12,624.0359942081623,624.0559270220305,617.0150110236092,620.2808227539062,47444400,-0.0008,617.8944030761719,603.5955236816407,56.04,0.011298672488394376
QQQ,2025-11-13,616.74538060573,617.324651379383,605.3001653620098,607.6171875,71333600,-0.0204,618.3143646240235,604.2713757324219,45.33,0.01228500476618805
QQQ,2025-11-14,598.7785201159286,612.5607508498654,596.4015776914192,608.0765380859375,80087300,0.0008,618.560546875,604.9398559570312,38.36,0.0122082316922899
QQQ,2025-11-17,605.5198574697043,611.6918983068232,599.098138309288,602.8832397460938,63850400,-0.0085,618.1670562744141,605.4484069824218,32.37,0.012015454959956231
QQQ,2025-11-18,598.8484631892511,601.5350044005672,590.5791487748494,595.542724609375,83327300,-0.0122,617.4145263671875,605.7774267578125,27.45,0.012292311460934902
QQQ,2025-11-19,596.3017594726007,605.3800292662713,593.824969985886,599.09814453125,73111500,0.006,617.1338897705078,606.1737646484376,33.9,0.012224327556578572
QQQ,2025-11-20,610.8330032979317,613.239936406368,583.997582698434,584.9163818359375,117743200,-0.0237,615.889990234375,606.219033203125,26.54,0.01308574958132942
QQQ,2025-11-21,586.7140389774793,596.2118116612933,579.992718365408,589.3107299804688,103344200,0.0075,614.5402313232422,606.3007153320312,27.63,0.012941056655792099
QQQ,2025-11-24,594.5140557410294,605.8993502749281,594.3941540703303,604.3812866210938,60168100,0.0256,613.3952026367188,606.5836535644531,42.67,0.01367117982819101
QQQ,2025-11-25,602.7334243546638,609.4747385807095,596.5513870928105,608.1065063476562,57560900,0.0062,612.1952484130859,606.9510705566406,42.49,0.01362051374716982
QQQ,2025-11-26,611.7218691656304,615.3971266508202,609.6046019291258,613.4796142578125,42393600,0.0088,611.121630859375,607.4494921875,51.45,0.013759173016764601
QQQ,2025-11-28,615.3172117702823,618.5231032781257,614.6280971828623,618.4531860351562,23034400,0.0081,610.7820678710938,607.9412463378907,55.13,0.01352854292539335
QQQ,2025-12-01,612.8404314452031,618.642953131189,611.7318743402105,616.3758544921875,40957600,-0.0034,610.1878326416015,608.3110510253906,46.27,0.013484927258161042
QQQ,2025-12-02,618.6629362671166,622.9473941962435,616.7953473526289,621.1996459960938,54541800,0.0078,609.6844818115235,608.7065417480469,50.25,0.013567748135696068
QQQ,2025-12-03,618.8227062993094,623.4167629201941,617.2347863490129,622.7177124023438,47841600,0.0024,609.8977081298829,609.2122900390625,51.43,0.01276958866748816
QQQ,2025-12-04,624.125857327544,624.1358542129962,618.7427783380717,622.138427734375,47067800,-0.0009,609.880728149414,609.7483996582031,59.91,0.012690961350504537
QQQ,2025-12-05,623.576610658964,628.1107470640665,622.9074898206164,624.6751708984375,53614200,0.0041,610.5703399658203,610.3865771484375,61.02,0.011927835644319328
QQQ,2025-12-08,626.4029681537079,628.0308756502869,620.8900514312259,623.4767456054688,43462400,-0.0019,611.2964080810547,610.9520495605469,64.43,0.0119062334403808
QQQ,2025-12-09,622.2083743789747,625.0646797487918,620.2009509200387,624.2457275390625,37156000,0.0012,611.3872924804688,611.4777722167969,72.16,0.010849787773815765
QQQ,2025-12-10,623.0472575003708,628.4004070267185,620.1909521392804,626.8024291992188,55031400,0.0041,611.6889038085938,612.0218713378906,71.72,0.010860667809262826
QQQ,2025-12-11,623.0173402820615,624.9748403012362,616.9251525569541,624.7750854492188,58272800,-0.0032,611.9136169433593,612.4678979492187,88.61,0.010889473429828794
QQQ,2025-12-12,621.2795807165155,622.7376631081598,610.5733425467316,612.8304443359375,75158700,-0.0191,612.1742797851563,612.6254956054687,69.87,0.010761787906633746
QQQ,2025-12-15,617.5743367162205,617.6242601897563,608.5359935678383,609.75439453125,49538200,-0.005,612.2581726074219,612.7725061035156,55.69,0.01083077851116413
QQQ,2025-12-16,607.4773301066649,612.7205746597449,606.1290306476157,610.9628295898438,55152800,0.002,612.6621520996093,612.8532019042968,53.2,0.010639924811764411
QQQ,2025-12-17,612.2711370165166,612.8604046495489,599.5076134954934,599.6373901367188,70654300,-0.0185,612.8668853759766,612.7713061523438,36.33,0.011124769660536793
QQQ,2025-12-18,609.015347513387,612.1413249643276,606.1390483830863,608.3262329101562,78875800,0.0145,613.3282897949218,612.724765625,40.68,0.011505609615816923
QQQ,2025-12-19,611.1625683957468,616.825255296648,611.0826542701337,616.2559814453125,60369800,0.013,614.8952697753906,612.8516015625,49.9,0.010245012907443509
QQQ,2025-12-22,621.3499755859375,621.6500244140625,617.77001953125,619.2100219726562,43703100,0.0048,616.390234375,613.4609729003906,48.29,0.010195618253884717
QQQ,2025-12-23,618.2000122070312,622.4099731445312,617.780029296875,622.1099853515625,41120400,0.0047,617.2766693115234,613.8784655761718,49.49,0.008662397565278751
QQQ,2025-12-24,621.989990234375,624.280029296875,621.719970703125,623.9299926757812,18468700,0.0029,618.0678436279297,614.4124548339844,51.47,0.008599057475891419
QQQ,2025-12-26,624.6599731445312,625.52001953125,623.1400146484375,623.8900146484375,28959800,-0.0001,618.5883636474609,614.8613537597656,49.33,0.008420018439784778
QQQ,2025-12-29,620.0999755859375,622.780029296875,618.72998046875,620.8699951171875,32458300,-0.0048,618.7092041015625,615.29439453125,47.84,0.008331051617450912
QQQ,2025-12-30,619.8400268554688,622.1799926757812,619.219970703125,619.4299926757812,31226800,-0.0023,618.8619110107422,615.6199365234374,46.05,0.008309428696556568
QQQ,2025-12-31,619.6500244140625,619.9600219726562,614.0499877929688,614.3099975585938,40746500,-0.0083,618.5174285888672,615.6910754394531,40.16,0.008322929646148449
QQQ,2026-01-02,620.0599975585938,622.8499755859375,610.1500244140625,613.1199951171875,61859200,-0.0019,618.0375427246094,615.7416088867187,40.7,0.00829903450313411
QQQ,2026-01-05,619.3200073242188,620.8099975585938,616.719970703125,617.989990234375,46828400,0.0079,617.8301208496093,616.0071911621094,54.64,0.008520160302420799
QQQ,2026-01-06,619.22998046875,624.02001953125,618.5399780273438,623.4199829101562,43137500,0.0088,617.7673614501953,616.2797033691406,61.79,0.008710453489916578
QQQ,2026-01-07,623.0399780273438,627.9400024414062,622.5599975585938,624.02001953125,44880300,0.001,617.7945251464844,616.4339855957031,61.39,0.008702345418878384
QQQ,2026-01-08,623.030029296875,623.4199829101562,617.7999877929688,620.469970703125,50435900,-0.0057,617.6057373046875,616.2977478027344,71.02,0.008792125663581613
QQQ,2026-01-09,621.4099731445312,627.8900146484375,619.0599975585938,626.6500244140625,49688700,0.01,617.5981170654297,616.1886364746093,69.48,0.009041557562604722
QQQ,2026-01-12,622.3099975585938,628.8499755859375,622.260009765625,627.1699829101562,37388700,0.0008,617.7178619384765,616.0329968261718,63.77,0.009010419407260504
QQQ,2026-01-13,627.27001953125,629.469970703125,623.7000122070312,626.239990234375,44481400,-0.0015,618.3883392333985,616.0529077148437,59.35,0.0078009631659038976
QQQ,2026-01-14,622.239990234375,623.4500122070312,614.5599975585938,619.5499877929688,72598700,-0.0107,618.8781188964844,615.8786962890625,46.91,0.008133174430429324
QQQ,2026-01-15,626.5999755859375,630.0,620.75,621.780029296875,53934900,0.0036,619.418978881836,615.6889636230469,47.43,0.00815313307553411
QQQ,2026-01-16,625.5,626.0800170898438,618.8800048828125,621.260009765625,61058100,-0.0008,620.5001098632813,615.7451000976563,46.89,0.0067804265507802825
QQQ,2026-01-20,610.530029296875,615.0599975585938,607.0499877929688,608.0599975585938,81988900,-0.0212,620.4867980957031,615.4567395019532,37.79,0.007871126449177859
QQQ,2026-01-21,609.469970703125,620.4199829101562,607.8599853515625,616.280029296875,79837900,0.0135,620.4880004882813,615.5646813964844,47.34,0.007915226831207907
QQQ,2026-01-22,622.3499755859375,622.4600219726562,617.780029296875,620.760009765625,42254800,0.0073,620.5654998779297,615.8007739257813,55.5,0.008013567442649661
QQQ,2026-01-23,619.72998046875,625.4000244140625,618.6500244140625,622.719970703125,43645800,0.0032,620.5959991455078,615.8066125488281,58.08,0.00797577087513373
QQQ,2026-01-26,623.2100219726562,627.6099853515625,622.1199951171875,625.4600219726562,35983000,0.0044,620.6725006103516,615.9004089355469,56.52,0.008010611383461439
QQQ,2026-01-27,628.9099731445312,632.0399780273438,627.3400268554688,631.1300048828125,38997200,0.0091,621.0345001220703,616.117392578125,56.71,0.00825530770251223
QQQ,2026-01-28,635.4600219726562,636.5999755859375,631.8099975585938,633.219970703125,50691700,0.0033,621.6519989013672,616.6294482421876,57.8,0.008173698190247975
QQQ,2026-01-29,632.6500244140625,633.6699829101562,618.27001953125,629.4299926757812,79944000,-0.006,622.1519989013672,617.0565173339844,57.57,0.008293903912227524
QQQ,2026-01-30,625.7100219726562,628.260009765625,619.2999877929688,621.8699951171875,65650700,-0.012,622.5299987792969,617.4362524414063,46.06,0.008545942404378072
QQQ,2026-02-02,618.7000122070312,628.489990234375,618.6599731445312,626.1400146484375,49020300,0.0069,623.1809997558594,618.0481982421875,49.2,0.00863356211171507
QQQ,2026-02-03,628.2999877929688,629.97998046875,610.9600219726562,616.52001953125,81234000,-0.0154,623.1075012207032,618.3966357421875,43.35,0.009219150548836109
QQQ,2026-02-04,615.02001953125,615.0999755859375,600.469970703125,605.75,81850700,-0.0175,622.2240020751954,618.8133081054688,41.05,0.00974788911022602
QQQ,2026-02-05,600.2100219726562,604.8099975585938,594.760009765625,597.030029296875,89354500,-0.0144,620.8745025634765,618.9676940917968,35.2,0.010149538490933824
QQQ,2026-02-06,600.1900024414062,611.4099731445312,598.77001953125,609.6500244140625,78019300,0.0211,620.3335052490235,619.0730688476563,43.93,0.01135449250296991
QQQ,2026-02-09,607.5399780273438,616.4600219726562,605.0700073242188,614.3200073242188,56797600,0.0077,619.7170043945313,619.1973388671875,53.59,0.011250361397703953
QQQ,2026-02-10,615.3099975585938,617.02001953125,611.010009765625,611.469970703125,53938900,-0.0046,618.9320037841796,619.1571459960937,47.06,0.01127143571857173
QQQ,2026-02-11,616.3800048828125,617.52001953125,607.6900024414062,613.1099853515625,58575100,0.0027,618.275503540039,619.0502819824219,45.16,0.01130462876785201
QQQ,2026-02-12,614.7100219726562,615.8099975585938,599.5700073242188,600.6400146484375,81378900,-0.0203,617.3300048828125,618.7355651855469,37.66,0.011925386455174653
QQQ,2026-02-13,600.4299926757812,606.47998046875,596.4199829101562,601.9199829101562,69237500,0.0021,616.3370025634765,618.3499719238281,36.63,0.011896504351677158
QQQ,2026-02-17,598.3800048828125,603.9500122070312,593.3400268554688,601.2999877929688,69013800,-0.001,615.3390014648437,617.9216174316406,32.02,0.011895929201997937
QQQ,2026-02-18,602.1099853515625,609.77001953125,600.719970703125,605.7899780273438,64250700,0.0075,615.2255004882812,617.5946484375,33.93,0.011106261865793497
QQQ,2026-02-19,602.8099975585938,605.8200073242188,600.75,603.469970703125,60960800,-0.0038,614.5849975585937,617.1705444335937,34.53,0.010654145474390407
QQQ,2026-02-20,600.1199951171875,610.3499755859375,599.22998046875,608.8099975585938,74063400,0.0088,613.9874969482422,616.8772094726562,42.01,0.010720609762705217
SPY,2025-02-21,603.0779731626286,603.2163626901448,592.5120473575615,592.9766235351562,76519800,,592.9766235351562,592.9766235351562,,
SPY,2025-02-24,595.0323661026961,596.0306526731238,589.5665239207386,590.2781982421875,50737200,-0.0046,591.6274108886719,591.6274108886719,,
SPY,2025-02-25,590.2190314712642,590.9504327968516,582.7171004383193,587.3427734375,58266500,-0.005,590.1991984049479,590.1991984049479,,0.0002828427124746188
SPY,2025-02-26,589.0130409225576,592.620699550235,584.9902741209554,587.63916015625,43321600,0.0005,589.5591888427734,589.5591888427734,,0.00306648550189518
SPY,2025-02-27,589.9224264999975,591.0788899188873,577.8640783507352,578.2593994140625,74196700,-0.016,587.2992309570312,587.2992309570312,,0.0069500000000000004
SPY,2025-02-28,578.7635029554216,587.8171578604871,575.6797210871997,587.283447265625,88744100,0.0156,587.2966003417969,587.2966003417969,,0.011486078530116359
SPY,2025-03-03,589.2601945949107,590.4067643806418,573.1691862018861,576.9942626953125,74249200,-0.0175,585.8248378208706,585.8248378208706,,0.012087348758102415
SPY,2025-03-04,572.9814465763258,578.5955127414016,565.608011549554,570.1644897460938,109648200,-0.0118,583.8672943115234,583.8672943115234,,0.011373925904286104
SPY,2025-03-05,569.9964212260836,578.0913631561872,566.4283366011412,576.29248046875,71230500,0.0107,583.025648328993,583.025648328993,,0.011994336461132694
SPY,2025-03-06,568.800429877349,573.4359958315716,563.5026574515875,566.0626220703125,80094900,-0.0178,581.329345703125,581.329345703125,,0.012188621743248905
SPY,2025-03-07,564.2736590980126,570.6883208259039,559.0648080255879,569.2353515625,81158800,0.0056,580.2298916903409,580.2298916903409,,0.011979338694416964
SPY,2025-03-10,561.0021324297065,562.9294509409499,549.1414138289008,554.073486328125,99326600,-0.0266,578.0501912434896,578.0501912434896,,0.013246268771379974
SPY,2025-03-11,552.907117228081,557.473488465779,545.612771416854,549.4674682617188,88102100,-0.0083,575.8515202448918,575.8515202448918,,0.012646043817827938
SPY,2025-03-12,555.6449862636414,556.5740782812179,547.2634312637055,552.38330078125,69588200,0.0053,574.1752188546317,574.1752188546317,25.74,0.012525451012914586
SPY,2025-03-13,552.00772273254,552.6205217060727,543.2999808309211,545.019775390625,74079400,-0.0133,572.231522623698,572.231522623698,23.66,0.012218945836799397
SPY,2025-03-14,549.655280917059,557.2857071377122,545.0889095501292,556.2775268554688,62660300,0.0207,571.2343978881836,571.2343978881836,32.93,0.013636750066674697
SPY,2025-03-17,556.2577597204585,563.097483760462,555.8228643209595,560.5671997070312,49008700,0.0077,570.6069156422335,570.6069156422335,36.74,0.013504246245780126
SPY,2025-03-18,558.2443952250169,558.4618730708418,552.5710286417288,554.50830078125,66041400,-0.0108,569.7125481499565,569.7125481499565,34.48,0.013197208929520353
SPY,2025-03-19,556.2972851708735,564.3230320254004,555.1112014285828,560.54736328125,66556000,0.0109,569.2301699989721,569.2301699989721,41.43,0.013267347750770282
SPY,2025-03-20,556.7915499004863,563.9475069089323,556.0699818531248,558.9264526367188,62958200,-0.0029,568.7149841308594,568.7149841308594,35.23,0.012893583789000504
SPY,2025-03-21,554.4514053360011,560.0129560782987,553.2121973894178,559.1107788085938,83763000,0.0003,567.0216918945313,568.2576410202753,39.59,0.01257178440627641
SPY,2025-03-24,565.8719462913679,570.1844265679264,565.2771506364932,569.1236572265625,58766800,0.0179,565.96396484375,568.2970053932884,49.42,0.0133885418411259
SPY,2025-03-25,570.3331077369899,571.4335099767462,568.7370222712309,570.4917602539062,38355700,0.0024,565.1214141845703,568.392429517663,46.56,0.013395957756372864
SPY,2025-03-26,570.2240858480267,571.3542581528293,562.293154038674,563.6810913085938,51848300,-0.0119,563.9235107421875,568.1961237589518,48.53,0.013590395215197502
SPY,2025-03-27,562.2831944691987,565.971108987233,560.062543386952,562.18408203125,42164200,-0.0027,563.1197448730469,567.9556420898438,45.55,0.013188227405730581
SPY,2025-03-28,560.6475137101825,561.3811152230641,550.2777985606353,550.8626708984375,71662700,-0.0201,561.2987060546875,567.2982201209435,47.87,0.013192856918962267
SPY,2025-03-31,545.0829651282622,555.8690356187795,542.1484990140983,554.5604248046875,95328200,0.0067,560.1770141601562,566.8264499240452,53.42,0.012910338574385382
SPY,2025-04-01,552.6372621541935,558.0798545049701,548.8997911229003,556.1268310546875,54609600,0.0028,559.475131225586,566.4443206787109,52.56,0.01273263936751363
SPY,2025-04-02,550.2579079318416,562.5211054527999,550.019989677278,559.6461791992188,76014500,0.0063,558.6428161621094,566.2099020070043,60.56,0.012553502342080938
SPY,2025-04-03,540.4037097995117,543.2390031081819,532.0663452148438,532.0663452148438,125986000,-0.0493,556.943002319336,565.0717834472656,35.85,0.016174517807829372
SPY,2025-04-04,519.1488461365848,521.3298644038904,500.69953122991006,500.9176330566406,217965100,-0.0585,553.527116394043,563.0022947249875,23.47,0.020230282148044145
SPY,2025-04-07,484.966562158496,518.6531751879934,477.64034947944,500.0254211425781,256611400,-0.0018,550.8247131347656,561.0342674255371,24.6,0.019664263605787397
SPY,2025-04-08,517.3544574544211,520.4475157965463,484.93679417196097,492.193603515625,165816600,-0.0157,547.9610198974609,558.9481867009944,18.66,0.01980015948899083
SPY,2025-04-09,489.17988772825765,543.8834838867188,488.7932402716448,543.8834838867188,241867300,0.105,547.5360290527344,558.5051072064568,45.27,0.03162744103331456
SPY,2025-04-10,527.5754628052078,528.8939971161361,504.92276379554966,520.051025390625,162331200,-0.0438,546.2875915527344,557.4064191545759,39.31,0.032992365943143816
SPY,2025-04-11,518.4945722506925,531.7986929533369,515.5799524923516,529.3302001953125,97866300,0.0178,544.9402252197266,556.6265241834852,39.07,0.032894316818371044
SPY,2025-04-14,539.3528832417228,539.580938661594,529.2508571038156,534.4654541015625,68034000,0.0097,543.6351379394531,556.0275763434332,40.31,0.032928331666147156
SPY,2025-04-15,535.0106570692674,538.5399188279399,532.175363851926,532.9684448242188,56892900,-0.0028,542.5581451416016,555.4207570929276,41.49,0.032862861377164605
SPY,2025-04-16,527.0896882471153,533.2460954669957,515.7980102587055,521.1216430664062,83484800,-0.0222,540.5868591308594,554.5412926307091,39.24,0.033039313106151526
SPY,2025-04-17,523.0845951885916,526.5840872057769,519.3867572764926,521.8651733398438,79868100,0.0014,538.7337951660156,553.7243896484375,41.96,0.033054944291365296
SPY,2025-04-21,516.6605060954281,517.1958826970866,504.070170487947,509.4433898925781,69368100,-0.0238,536.2504257202148,552.6443652641483,38.06,0.03336897550593649
SPY,2025-04-22,515.6493363944684,524.7302260402327,514.7075262081219,522.6979370117188,75948100,0.026,533.9291397094727,551.9313550676618,41.67,0.03369795987890068
SPY,2025-04-23,535.7641184612734,540.7209502963145,529.2706808590098,530.79736328125,90590700,0.0155,531.9444198608398,551.4398668865825,42.97,0.03394965467617571
SPY,2025-04-24,532.086138426331,542.7036942188355,530.8271442598516,541.9700927734375,64150400,0.021,530.858869934082,551.2246447476474,52.62,0.03429460407150158
SPY,2025-04-25,541.9305048307399,546.2924809922215,538.9960382976576,545.8860473632812,61119600,0.0072,530.0439682006836,551.106009250217,63.91,0.034346640071636216
SPY,2025-04-28,546.6295538469604,548.770878725811,540.3145544882295,546.0941772460938,47613800,0.0004,529.8055435180664,550.9970563805622,64.31,0.034049043189277185
SPY,2025-04-29,544.1709145104755,550.6544896169489,543.8140371215516,549.5342407226562,47775100,0.0063,529.5542343139648,550.9659326431599,68.32,0.034045076543343315
SPY,2025-04-30,542.8425243498715,551.7152660165827,536.8447695388113,549.7523193359375,93101500,0.0004,529.2355087280273,550.9406490325928,52.79,0.03403919528704335
SPY,2025-05-01,555.5319968692943,559.2000647311057,553.0436574695955,553.6483764648438,63186100,0.0071,528.9356185913086,550.9959087761081,69.73,0.034047512854523565
SPY,2025-05-02,559.8543793028188,563.4728911995644,557.5246922514075,561.8668823242188,60717300,0.0148,530.4256454467774,551.2133282470703,69.35,0.03212572342007504
SPY,2025-05-05,557.7130106117388,561.7578025218996,556.850526672483,558.6448974609375,38659200,-0.0057,533.3120086669921,550.5266937255859,64.72,0.028784231794508605
SPY,2025-05-06,553.1130409863903,558.486229861133,552.151444635027,553.9755249023438,48264700,-0.0084,536.0095138549805,549.800640258789,62.31,0.028913972218871698
SPY,2025-05-07,555.3139314189718,558.9522292842823,551.239369394788,556.3052978515625,55588000,0.0042,539.2150985717774,549.1798907470703,73.21,0.028484889345978363
SPY,2025-05-08,560.3598961984284,565.3861307660613,556.8504811637198,560.1814575195312,65130800,0.007,540.029997253418,548.630736694336,74.27,0.016599254104992352
SPY,2025-05-09,561.5892516710271,562.6004648206437,557.9013974918248,559.4677734375,37603400,-0.0013,542.0008346557618,548.2549041748047,87.2,0.012756179101249638
SPY,2025-05-12,576.4498296839446,577.9666494201874,572.0580835025086,577.9567260742188,78993600,0.033,544.432160949707,548.0683697509766,88.13,0.014027975807762074
SPY,2025-05-13,578.3730584556538,583.9941496422729,577.8080328415324,581.7734985351562,67947200,0.0066,546.7975631713867,548.1639544677735,87.38,0.013984437779188699
SPY,2025-05-14,582.7351003798474,583.8949821637985,580.4846792150129,582.5170288085938,66283500,0.0013,549.2749923706054,548.4110052490234,85.1,0.01390416067982985
SPY,2025-05-15,580.5045239452851,585.8677897044162,580.0484736048338,585.3622436523438,71268100,0.0049,552.4870223999023,548.5924005126953,84.82,0.012400274827175156
SPY,2025-05-16,586.1454032115668,589.3673441171694,584.1924403834937,589.0699462890625,76052100,0.0063,555.8472610473633,549.0525469970703,85.7,0.012355114006162116
SPY,2025-05-19,583.0225710566098,590.3983396880136,583.0225710566098,589.7142944335938,68168500,0.0011,559.860806274414,549.4621258544922,85.01,0.01025548761960101
SPY,2025-05-20,587.9695461543464,588.9212192076606,584.5096264657933,587.7315673828125,60614500,-0.0034,563.1124877929688,550.135287475586,82.1,0.009528090049952306
SPY,2025-05-21,583.359599797301,587.4638708843231,576.7967595991499,577.8277587890625,95197700,-0.0169,565.4640075683594,550.7024932861328,68.55,0.010515826418458895
SPY,2025-05-22,577.629506378804,581.5553390131786,576.3902984080268,578.0558471679688,70860400,0.0004,567.2682952880859,551.2159442138671,64.16,0.009776355741223184
SPY,2025-05-23,571.0072475595028,576.7869310981343,570.6305234552773,574.1102294921875,76029000,-0.0068,568.6795043945312,551.7977532958985,63.36,0.009978886922424086
SPY,2025-05-27,581.0101064535629,586.2048566469568,573.4360527249615,586.0462646484375,72588500,0.0208,570.6771087646484,552.3931280517578,74.61,0.010758119332808477
SPY,2025-05-28,586.4527734503207,587.6523487169525,581.9222212137981,582.6558227539062,68445500,-0.0058,572.3331878662109,552.8349005126953,69.9,0.010936159241130707
SPY,2025-05-29,587.9397721452495,588.0785779673218,581.0101304856973,584.9557495117188,69973300,0.0039,574.093359375,553.4438494873046,69.16,0.010920693779773293
SPY,2025-05-30,583.8454633007033,586.0264816938155,578.2045855174352,584.301513671875,90601200,-0.0011,575.6260162353516,553.9189324951171,69.22,0.010918717632434783
SPY,2025-06-02,582.6856189346104,587.6721612666921,580.0089171212081,587.5928955078125,61630500,0.0056,576.9123168945313,554.4922613525391,59.76,0.010572420675860783
SPY,2025-06-03,587.2259796444896,591.9250465362925,586.740159298439,590.943603515625,63606200,0.0057,578.5272521972656,555.1289178466797,59.37,0.010425549335520338
SPY,2025-06-04,591.8061095833268,592.7875526407612,590.3487695069823,590.7849731445312,57314200,-0.0003,580.367724609375,555.5621441650391,58.55,0.010118112992367497
SPY,2025-06-05,592.4702844558809,593.8284515327539,585.9470768439928,587.9298095703125,92278700,-0.0048,581.9489501953125,555.9109051513672,52.66,0.010273056225414443
SPY,2025-06-06,593.4913881340742,595.6426968087642,591.7069406984755,593.96728515625,66588700,0.0103,583.6382415771484,556.5166290283203,54.83,0.010369940110470119
SPY,2025-06-09,594.5422573867003,596.0590770966814,593.322896017802,594.5026245117188,53016400,0.0009,585.3899841308594,557.1629998779297,54.73,0.010333811392450367
SPY,2025-06-10,595.0379370041686,598.2598779419187,593.9177485918233,597.873291015625,66247000,0.0057,586.3858123779297,558.1032122802734,59.76,0.007621410285297746
SPY,2025-06-11,598.9736747077318,599.8361586452579,594.0961689044454,596.1680908203125,73658200,-0.0029,587.1055419921875,558.9353656005859,70.96,0.007597262318548851
SPY,2025-06-12,594.8297748594797,598.5374755859375,594.3440149953893,598.5374755859375,64129000,0.004,587.9065643310547,559.783578491211,72.31,0.007622238930641682
SPY,2025-06-13,593.332875007361,596.6539287176514,590.3389286898089,591.8458251953125,89506000,-0.0112,588.2307434082031,560.4275714111328,68.23,0.00806805755009092
SPY,2025-06-16,595.2164006808653,599.2314224312138,595.0379014846701,597.4766845703125,79984100,0.0095,588.6510803222657,561.7357781982422,63.5,0.008217905675061662
SPY,2025-06-17,595.0280706090336,596.5547531382241,591.6078443016146,592.3712158203125,82209400,-0.0085,588.7839263916015,563.5648498535156,61.03,0.008471902476949763
SPY,2025-06-18,593.2732877481382,596.0292547686196,591.3202645518776,592.2819213867188,76605000,-0.0002,589.0114440917969,565.4099798583984,58.75,0.008429351913653309
SPY,2025-06-20,594.9675856083323,596.0414436168163,589.4790454395113,590.8909912109375,94051400,-0.0023,589.6646057128906,567.3839276123047,57.74,0.007423042006588614
SPY,2025-06-23,591.6465733053511,597.1152078061239,588.5145735944315,596.7274780273438,87426000,0.0099,590.5981872558593,568.4408074951172,60.12,0.007672617065355152
SPY,2025-06-24,600.8836010096178,604.3834856367664,599.9688039561656,603.3196411132812,67735300,0.011,592.0586578369141,570.1061798095703,62.79,0.007676889446836365
SPY,2025-06-25,604.4431877891288,605.1392079707367,602.086708265907,603.65771484375,62114800,0.0006,592.9392303466797,571.592730102539,63.26,0.006359741802107524
SPY,2025-06-26,605.517034479532,608.8181084243395,604.9005750782753,608.380615234375,78548400,0.0078,594.2254699707031,573.0710333251953,70.28,0.006264486369502641
SPY,2025-06-27,609.3848675360332,612.8748603878714,607.3465704310272,611.4032592773438,86258400,0.005,595.5478454589844,574.6397296142578,68.39,0.006285176796910427
SPY,2025-06-30,613.8591865146053,615.6886593072754,611.5325044540273,614.3264770507812,92502500,0.0048,597.0490936279297,576.5038262939453,69.91,0.006258812734225672
SPY,2025-07-01,612.8450033281383,615.3009489521946,612.0098276707645,614.127685546875,70030100,-0.0003,598.3758331298828,578.3490765380859,67.43,0.0062455268203057196
SPY,2025-07-02,613.7200271324969,616.9514932068568,613.0936150077308,616.9117431640625,66510400,0.0045,599.6742401123047,580.4984436035156,71.75,0.0062161821926832025
SPY,2025-07-03,618.9003311484321,622.7085065821568,618.8804257837007,621.7738647460938,51065800,0.0079,601.2236846923828,582.4799621582031,73.15,0.006314000733541141
SPY,2025-07-07,619.8050287830624,620.4712515380828,614.3463473867639,617.1403198242188,74814500,-0.0075,602.6842102050781,584.2068212890625,76.28,0.006506150935845261
SPY,2025-07-08,617.8065573856337,618.5622329876766,615.9870371559156,616.8023681640625,59024600,-0.0005,603.8259643554687,585.703466796875,72.56,0.00626400746117726
SPY,2025-07-09,619.2184771119485,621.1573080723725,617.3690382262929,620.5010986328125,66113300,0.006,605.1258880615235,587.1957678222657,83.95,0.006324245326311164
SPY,2025-07-10,620.6402811009391,623.2950374474425,619.4570650879599,622.2510375976562,57529000,0.0028,606.344775390625,588.7189050292968,84.77,0.006271959317805776
SPY,2025-07-11,619.1886732139827,621.2965785748338,617.9856123550688,620.0636596679688,63670200,-0.0035,607.5395538330079,590.1294934082031,83.24,0.006298111663531853
SPY,2025-07-14,619.6062115300674,621.5948059142781,618.2539819137044,621.246826171875,51898500,0.0019,608.6750213623047,591.5593835449218,81.25,0.0062803180442428455
SPY,2025-07-15,623.9413645164026,624.2793915612978,618.5124802515571,618.592041015625,74317300,-0.0043,610.0123321533204,592.8582568359375,71.63,0.00568498484004831
SPY,2025-07-16,620.1829130237127,621.1672575214722,614.5253596449445,620.66015625,88987500,0.0033,611.1715057373046,594.0341223144532,72.96,0.005431060766796092
SPY,2025-07-17,620.8391784397268,624.8163671275224,620.6204015046147,624.4583740234375,68885700,0.0061,612.7758636474609,595.3503918457031,72.27,0.004913300959211601
SPY,2025-07-18,625.7111996075373,625.8802131347736,622.8874296174818,624.0010375976562,65621600,-0.0007,614.3618194580079,596.7509020996093,68.78,0.00492980996751291
SPY,2025-07-21,625.1842651367188,627.9384270926762,624.7567246264017,625.1842651367188,63375000,0.0019,616.0764831542969,598.1284814453124,67.07,0.004796629847584344
SPY,2025-07-22,625.5123643014988,626.1387764125508,622.6189860590433,625.2737426757812,60046300,0.0001,617.5037963867187,599.4303271484375,67.59,0.004530072033817908
SPY,2025-07-23,627.9483363497261,630.5932006835938,626.138708302101,630.5932006835938,70511000,0.0085,618.8674743652343,600.8528356933593,69.99,0.004307716454530375
SPY,2025-07-24,630.9809681636451,632.5221773472229,630.3744614468128,630.802001953125,71307100,0.0003,620.2246887207032,601.9097412109375,65.27,0.0043141718727200224
SPY,2025-07-25,631.4682494008442,633.9440397736063,631.2196750953526,633.4667358398438,56865400,0.0042,621.4789947509765,602.9436059570312,79.58,0.004140032417874624
SPY,2025-07-28,633.8445768779104,634.4013808975731,631.9156378299562,633.3076782226562,54917100,-0.0003,622.5742156982421,603.9594189453124,80.09,0.004109091332514712
SPY,2025-07-29,634.7096125224674,635.0277949185313,630.722531607152,631.6372680664062,60556300,-0.0026,623.4397552490234,604.8849194335937,71.93,0.004153869470619838
SPY,2025-07-30,632.2934318863223,634.0434045947875,627.9384054781906,630.841796875,80418900,-0.0013,624.2754608154297,605.7203564453125,67.58,0.004181211106341037
SPY,2025-07-31,635.8132594113927,636.200989166749,627.1728149946817,628.475341796875,103385200,-0.0038,624.8536407470704,606.4955773925781,67.08,0.0042621806872217985
SPY,2025-08-01,622.7282752516747,622.7680859762785,615.7582427178595,618.1743774414062,140103600,-0.0164,624.6736663818359,607.10443359375,45.45,0.005463457551867022
SPY,2025-08-04,622.1019219542782,627.6202593639928,622.0124691896333,627.570556640625,73218000,0.0152,625.1951782226563,608.0992895507812,61.09,0.006195624517181049
SPY,2025-08-05,628.187016594973,629.0023475949919,623.464104816374,624.3887939453125,68051400,-0.0051,625.5744995117187,609.0259484863282,54.48,0.006332063353740994
SPY,2025-08-06,625.462617040701,629.8275961427472,624.5478806448895,629.17138671875,64357500,0.0077,626.0080139160157,610.1271716308594,55.53,0.006418968600541447
SPY,2025-08-07,632.6116453260242,633.3474155493337,625.5223013845391,628.6444091796875,74205800,-0.0008,626.3276824951172,610.9791345214844,55.44,0.006407446326037606
SPY,2025-08-08,630.4440623273716,634.0136158764692,630.125879949944,633.5462646484375,64051600,0.0078,627.0018127441406,611.996943359375,59.02,0.006531323312356118
SPY,2025-08-11,633.824713555593,635.3062066703783,631.0406328520911,632.29345703125,58742300,-0.002,627.5541442871094,612.9436975097656,57.38,0.006563848357721107
SPY,2025-08-12,634.6499095494731,639.1839021511607,633.1584638161933,639.0248413085938,64730800,0.0106,628.5757843017578,614.0381640625,58.61,0.006785609773631266
SPY,2025-08-13,641.2321859855442,642.5049155421342,639.0149226306152,641.2123413085938,60092800,0.0034,629.6033935546875,615.1105529785157,60.22,0.006786937918957978
SPY,2025-08-14,639.1242567818475,641.9381347685223,638.6768716045066,641.27197265625,59327500,0.0001,630.4440734863281,616.1171203613281,58.08,0.0067116081687272604
SPY,2025-08-15,642.3060144753327,642.4054806038605,638.8558324502803,639.7705688476562,68592500,-0.0023,631.2325500488281,617.0968322753906,56.51,0.006746648290662179
SPY,2025-08-18,639.1939154739885,640.3274289037191,638.5178006265407,639.6314086914062,43804900,-0.0002,631.9549072265625,618.1308642578125,58.31,0.00675250246010206
SPY,2025-08-19,639.4523760102862,640.4367204754008,634.8388226855677,636.1612548828125,69750700,-0.0054,632.4992828369141,618.9747436523437,55.24,0.006907935939726757
SPY,2025-08-20,635.7536294439067,636.0120957287904,629.3404006137462,634.470947265625,88890300,-0.0027,632.6931701660156,619.7741101074218,55.98,0.00670880019079419
SPY,2025-08-21,632.6514763962614,634.3317804706619,630.195530658508,631.9255981445312,54805800,-0.004,632.7493499755859,620.45515625,66.23,0.006778019816405019
SPY,2025-08-22,634.1230118894028,642.8131599802851,633.6159105915494,641.6299438476562,84083200,0.0154,633.1575103759766,621.3643933105469,66.47,0.007552571886798783
SPY,2025-08-25,640.3671451910226,641.6100166878209,638.686780499868,638.8060913085938,51274300,-0.0044,633.4324310302734,622.169765625,67.03,0.007635333377755935
SPY,2025-08-26,638.5376929659955,641.8288143683822,637.9112808564007,641.4807739257812,51581600,0.0042,633.9246063232422,623.1624645996094,65.31,0.007643297717608557
SPY,2025-08-27,640.8941330732226,643.6781530071313,640.7449642231398,642.9423828125,48341100,0.0023,634.5296356201172,624.0717785644531,67.38,0.007633623682519067
SPY,2025-08-28,643.548887361664,645.7761033013204,641.6597591604225,645.2192993164062,61519500,0.0035,635.3668334960937,625.128740234375,65.15,0.007567275460476977
SPY,2025-08-29,643.777581165663,644.1455269630451,639.472317969575,641.3713989257812,74522200,-0.006,636.5266845703125,626.1105297851562,61.04,0.006576135083130451
SPY,2025-09-02,633.8644906037873,636.8374296419402,631.2991867317828,636.6187133789062,81983500,-0.0074,636.9790924072265,627.0250842285157,46.93,0.006087716277364149
SPY,2025-09-03,639.0049424066366,640.5361988813526,636.8075845104526,640.06884765625,70820900,0.0054,637.7630950927735,627.8919116210938,48.58,0.006010289422928701
SPY,2025-09-04,640.7450037735979,645.4480709373178,639.8402199968853,645.418212890625,65219200,0.0084,638.5754364013671,628.7338830566406,54.54,0.006051661363886622
SPY,2025-09-05,647.7646994415851,648.4905776412766,639.6612139364762,643.5488891601562,85178900,-0.0029,639.3206604003906,629.5317065429688,54.1,0.006107881017694761
SPY,2025-09-08,644.9210585487652,646.1341327155172,643.5389708468488,645.1298828125,63133100,0.0025,639.8998413085938,630.2666918945313,55.79,0.005918025542002135
SPY,2025-09-09,645.2689866211995,647.148222783044,643.5289666240282,646.6212768554688,66133900,0.0023,640.6162322998047,630.9710522460938,61.49,0.0058841803972489335
SPY,2025-09-10,649.8924717726807,650.817160801947,646.9195331255914,648.4905395507812,78034500,0.0029,641.0895172119141,631.6543334960937,65.34,0.00546996343680652
SPY,2025-09-11,650.4493620868353,654.5757199134183,649.8627606991871,653.8796997070312,69934400,0.0083,641.7228851318359,632.4493737792968,72.61,0.005699584472388749
SPY,2025-09-12,653.8497465125743,655.351144838518,653.1537870945498,653.6608276367188,72780100,-0.0003,642.3423278808593,633.18435546875,65.4,0.005703609198984188
SPY,2025-09-15,655.8782140097094,657.2701936656516,655.5799369896564,657.1409301757812,63772400,0.0053,643.2108459472656,633.8916967773438,73.08,0.005726705675581472
SPY,2025-09-16,657.6977327581834,658.0060231465056,655.450672087237,656.2361450195312,61169000,-0.0014,644.0410827636719,634.67361328125,69.44,0.005750148739495004
SPY,2025-09-17,656.2461210913638,657.9463305061431,650.5686620900484,655.4208374023438,101952200,-0.0012,645.0040618896485,635.4459826660157,66.73,0.005566336790309952
SPY,2025-09-18,658.1153302554297,661.098221592467,656.504573788396,658.4832153320312,90459200,0.0047,646.2046752929688,636.205625,67.42,0.005517493710200807
SPY,2025-09-19,660.3786700487054,662.5921003065068,658.4244226642126,661.74462890625,97945600,0.005,647.6956268310547,636.9954968261719,77.17,0.005377937385867931
SPY,2025-09-22,660.2490220888672,665.3239917254978,660.2190812650523,664.8753662109375,69452200,0.0047,648.8578979492188,637.8917309570312,89.38,0.004463828307394331
SPY,2025-09-23,664.7557113987294,665.3739407705357,660.0296859026699,661.256103515625,81708900,-0.0054,649.9803985595703,638.6919165039062,79.39,0.004541791322931166
SPY,2025-09-24,662.5522091075384,662.6518901422049,657.7264420940938,659.1522216796875,68082200,-0.0032,650.8639709472657,639.5031201171874,70.94,0.004631797991231822
SPY,2025-09-25,656.0016057727498,657.4672457066506,652.4819765077987,656.1112670898438,89622100,-0.0046,651.5224151611328,640.2121423339844,68.49,0.004812713426572995
SPY,2025-09-26,657.5669862915963,660.4185456623683,655.9417836675868,659.8701782226562,69179200,0.0057,652.2549591064453,640.9203784179688,70.39,0.004896550880601158
SPY,2025-09-29,662.4026597035332,663.3199930316334,659.9100251593522,661.7246704101562,73499000,0.0028,653.2726226806641,641.6748510742187,70.68,0.0046080707231415064
SPY,2025-09-30,660.976860345401,664.6859320813617,659.6607420426623,664.21728515625,86288000,0.0038,654.6525512695313,642.4555114746094,71.18,0.004113315988476065
SPY,2025-10-01,661.2161783670498,667.3979243492374,661.1065170498754,666.4806518554688,72545400,0.0034,655.9731414794921,643.2796496582031,68.53,0.0040537701749826845
SPY,2025-10-02,668.4747085274895,668.5943501107935,664.8155382515555,667.248291015625,56896000,0.0012,657.0646453857422,644.0127514648437,69.66,0.0037689311621815743
SPY,2025-10-03,668.0160736487628,670.6981508367895,666.1914481336265,667.2384033203125,70494400,-0.0,658.24912109375,644.7414794921875,66.24,0.003636926840356492
SPY,2025-10-06,669.6412668959266,670.5286593813627,667.4876574687494,669.6312866210938,54623300,0.0036,659.4741912841797,645.4647705078125,70.56,0.0036559396516958947
SPY,2025-10-07,670.5585274945992,671.0072138668005,665.7028804529681,667.1486206054688,72020100,-0.0037,660.5005584716797,646.1415893554688,67.13,0.0038601336219032055
SPY,2025-10-08,668.2753327277967,671.2266339865188,667.4477610054765,671.1268920898438,60702200,0.006,661.6323760986328,646.9313818359375,67.98,0.0039764140152973035
SPY,2025-10-09,671.5456907353398,671.9544560264949,667.2384109165724,669.1826171875,66501900,-0.0029,662.3975219726562,647.6981982421875,60.99,0.00378735777916064
SPY,2025-10-10,670.1497521868876,671.9643973425017,650.9166069608107,651.0960693359375,159422600,-0.027,662.2692840576171,648.1506127929688,35.88,0.007357588277632698
SPY,2025-10-13,658.7036354539871,663.170417127303,657.8262232173948,661.0865478515625,79560500,0.0153,662.4665649414062,649.0088562011719,49.85,0.008054903704217123
SPY,2025-10-14,655.2338407773344,663.8683609233883,651.2456255038628,660.2789306640625,88779600,-0.0012,662.6687042236329,649.6630236816407,51.05,0.008052753697044468
SPY,2025-10-15,664.855429242796,668.2553559603689,656.988660072404,663.2102661132812,81702600,0.0044,663.0581756591797,650.439453125,56.6,0.008093278562778933
SPY,2025-10-16,664.8554499895176,666.7398963555108,655.1740352792065,658.6936645507812,110563300,-0.0068,663.0686981201172,651.0298986816406,48.92,0.008196756418820427
SPY,2025-10-17,657.5570092911896,663.7985760836355,656.2010306703355,662.4326171875,96500900,0.0057,663.1030975341797,651.7056628417969,50.63,0.008220443066558305
SPY,2025-10-20,665.3539499346838,670.2295576279439,665.3041094156895,669.3222045898438,60493400,0.0104,663.325439453125,652.421181640625,54.2,0.008483288525714925
SPY,2025-10-21,669.4617772299453,671.0071983826805,668.0060568363804,669.3121948242188,56249000,-0.0,663.7282440185547,653.1615563964843,52.42,0.008375055380806691
SPY,2025-10-22,670.0201576878661,670.0201576878661,661.3457774038759,665.83251953125,80564000,-0.0052,664.0622589111329,653.6977099609375,48.84,0.008435106775600986
SPY,2025-10-23,666.1515932793667,670.7280970890292,665.8325287543602,669.7808837890625,65604500,0.0059,664.7457397460937,654.2690808105468,51.95,0.008424781740105866
SPY,2025-10-24,674.4670490970213,676.4710761570719,673.6594379369009,675.2546997070312,74356500,0.0082,665.5149658203125,654.9487353515625,54.12,0.008515155220021114
SPY,2025-10-27,680.7185156175003,683.5202343374859,680.1103274099472,683.2211303710938,63339800,0.0118,666.5897888183594,655.8177465820313,60.89,0.008836197979721952
SPY,2025-10-28,685.0257863269245,686.8802917495992,682.8123561492805,685.0357666015625,61738100,0.0027,667.630712890625,656.7258337402344,59.71,0.008825495364060468
SPY,2025-10-29,686.6908448301914,687.6679989086465,680.8581046045199,685.3648071289062,85657100,0.0005,668.5749206542969,657.7099047851563,61.56,0.0088180123670396
SPY,2025-10-30,681.8851035842282,683.919071384824,677.8270874023438,677.8270874023438,76335800,-0.011,669.1038604736328,658.5770275878906,72.49,0.009247376583886411
SPY,2025-10-31,683.0217380676526,683.0616591685175,677.2388379885472,680.050537109375,87164100,0.0033,669.7444671630859,659.5395263671875,68.35,0.009261124178663828
SPY,2025-11-03,683.6498738048132,683.7794956694769,677.9367749059246,681.3267822265625,57315000,0.0019,670.3292419433594,660.3334631347657,70.19,0.009243790234245746
SPY,2025-11-04,674.1180423048241,677.9567360174515,672.5925816080086,673.2506103515625,78427000,-0.0119,670.6343414306641,661.022353515625,58.76,0.009632919161860935
SPY,2025-11-05,672.9913638051393,678.8540450990596,672.1837526501265,675.583740234375,74402400,0.0035,670.8571838378906,661.7044128417969,65.33,0.009573900926339723
SPY,2025-11-06,674.4769688014325,675.384321857154,666.7498016918889,668.3351440429688,85035300,-0.0107,670.814810180664,662.2122680664063,55.04,0.009868871849352768
SPY,2025-11-07,665.9421818455136,669.1028862313885,659.2619700189845,668.9931640625,100592400,0.001,671.7096649169922,662.6877453613281,49.69,0.007552824497811202
SPY,2025-11-10,675.2447347362015,680.1701831536659,673.0412846911101,679.432373046875,75842900,0.0156,672.6269561767579,663.44896484375,58.06,0.007582144884703257
SPY,2025-11-11,677.9467300747958,681.5560598909952,676.7302928180768,680.9877319335938,58953400,0.0023,673.6623962402343,664.3363452148437,62.45,0.0075592118776051315
SPY,2025-11-12,682.7724572806613,682.9420002443612,678.9438047256676,681.3666381835938,62312500,0.0006,674.57021484375,665.1623010253907,60.11,0.007532309354409609
SPY,2025-11-13,678.4950944095032,678.8540191634994,668.5445172010542,670.0599975585938,103457800,-0.0166,675.1385314941406,665.65513671875,45.89,0.008365782437373917
SPY,2025-11-14,663.4196879466924,673.669369761962,661.3159189526839,669.9503784179688,96846700,-0.0002,675.5144195556641,666.1831665039062,38.0,0.00829130648076013
SPY,2025-11-17,667.7269573864955,671.7251529532939,660.2191128892804,663.7088012695312,90456100,-0.0093,675.2337493896484,666.5547448730468,32.14,0.008236414651763816
SPY,2025-11-18,660.1493223141129,663.1604443809363,653.9277160969795,658.1353149414062,114467500,-0.0084,674.6749053955078,666.7850256347656,29.04,0.008427960982099386
SPY,2025-11-19,658.8332701356088,665.3739409367662,656.8092216159307,660.6777954101562,94703000,0.0039,674.4171691894531,667.0287707519532,35.7,0.008423555631304657
SPY,2025-11-20,670.9274443593279,673.5696612658603,649.969414909385,650.6075439453125,165293500,-0.0152,673.4585021972656,666.9633276367188,28.29,0.008907654898427186
SPY,2025-11-21,653.1200634979649,662.5920743656175,648.9324254696204,657.08837890625,123956200,0.01,672.5501861572266,667.0318786621094,33.4,0.00901816295915609
SPY,2025-11-24,660.7375826041805,668.0858642133718,659.6408477705503,666.759765625,80437900,0.0147,671.7271179199219,667.2242553710937,45.65,0.009260116800445603
SPY,2025-11-25,666.6600618545837,674.2177464111714,662.5222643995295,673.03125,81077100,0.0094,671.1268920898438,667.5601574707031,48.38,0.009524710245627321
SPY,2025-11-26,675.6336030547216,679.6916195137131,674.7262499751725,677.6775512695312,71879600,0.0069,670.742529296875,668.0052917480468,56.15,0.009678021763932858
SPY,2025-11-28,678.8540116786253,681.6557303234264,678.4950869285864,681.3765869140625,49212000,0.0055,670.9200042724609,668.4631591796875,57.84,0.00943700861390661
SPY,2025-12-01,676.8100876493213,680.9777652313311,676.7402865806703,678.2658081054688,61201200,-0.0046,670.8307678222657,668.7935827636719,49.19,0.009470763877378255
SPY,2025-12-02,679.91089945233,681.8053259843603,677.3285642303521,679.5220947265625,62953800,0.0019,670.7405334472656,669.0865173339844,48.97,0.009470763877378255
SPY,2025-12-03,678.5648962284573,682.8920755410956,677.6874840363832,681.8751220703125,57238500,0.0035,671.1717590332031,669.4988977050781,50.35,0.009077032902649943
SPY,2025-12-04,683.2809493981625,683.3507504660292,679.3326553413237,682.3736572265625,61970300,0.0007,671.5112548828125,669.9633264160157,59.85,0.009052972759788568
SPY,2025-12-05,683.4504163312143,686.3618571461667,682.5630847287977,683.6697998046875,79241000,0.0019,672.2779876708985,670.5144970703125,60.77,0.008658710247946568
SPY,2025-12-08,684.5672069678625,684.6170474876437,679.5619773329797,681.6159057617188,55231500,-0.003,672.9091247558594,670.9494116210938,65.04,0.00870913615874612
SPY,2025-12-09,681.1373100558188,683.3707007727439,680.5789623765876,681.027587890625,58310100,-0.0009,672.9888854980469,671.3354699707031,70.99,0.008004306406718308
SPY,2025-12-10,680.5490620813229,686.9401503769751,679.3027447895911,685.5443115234375,85671300,0.0066,673.2167144775391,671.7620104980468,72.0,0.008121841896360324
SPY,2025-12-11,683.1214313379483,687.2193077079016,680.1601500103427,687.1395263671875,86173700,0.0023,673.5053588867188,672.1751879882812,88.02,0.008133263409247896
SPY,2025-12-12,686.1424918468441,686.8504219479569,677.1690077077839,679.7514038085938,113160300,-0.0108,673.9899291992188,672.4252502441407,73.15,0.00757756209927845
SPY,2025-12-15,683.7196756361553,683.7396361862291,677.2488060921288,678.7244262695312,90811000,-0.0015,674.4286315917968,672.654970703125,64.84,0.007591657471059591
SPY,2025-12-16,677.2288588584025,679.0734449717613,672.9913800472318,676.8699340820312,122030600,-0.0027,675.0866882324219,672.7997436523438,55.35,0.0072717115917564
SPY,2025-12-17,677.8869129385677,678.4352803496147,669.2225131069573,669.4219360351562,110625200,-0.011,675.6510192871094,672.8452099609375,39.33,0.007469347889524026
SPY,2025-12-18,675.603604329658,678.7343677454887,672.9116078583543,674.4769287109375,108650100,0.0076,676.3409759521485,672.9122106933594,41.38,0.007592882747748236
SPY,2025-12-19,676.5900268554688,681.0900268554688,676.469970703125,680.5900268554688,103599500,0.0091,677.8401000976562,673.1403588867188,52.7,0.006750719259924528
SPY,2025-12-22,683.9400024414062,685.3599853515625,680.5900268554688,684.8300170898438,69556700,0.0062,679.227182006836,673.8150378417969,55.77,0.006573143123827137
SPY,2025-12-23,683.9199829101562,688.2000122070312,683.8699951171875,687.9600219726562,64840000,0.0046,680.2871948242188,674.3525073242188,56.5,0.005907646695062628
SPY,2025-12-24,687.9500122070312,690.8300170898438,687.7999877929688,690.3800048828125,39445600,0.0035,681.1546325683594,674.9545288085938,58.22,0.005638019435750015
SPY,2025-12-26,690.6400146484375,691.6599731445312,689.27001953125,690.3099975585938,41613300,-0.0001,681.7862548828125,675.4965234375,56.99,0.005486672848582153
SPY,2025-12-29,687.5399780273438,689.2000122070312,686.0700073242188,687.8499755859375,62559500,-0.0036,682.1099243164062,676.0796496582032,56.51,0.0054659014761856625
SPY,2025-12-30,687.4500122070312,688.5599975585938,686.5800170898438,687.010009765625,47160700,-0.0012,682.5471343994141,676.5711975097656,56.21,0.0053510918708733176
SPY,2025-12-31,687.1400146484375,687.3599853515625,681.7100219726562,681.9199829101562,74144800,-0.0074,682.6670288085937,676.8231530761718,46.28,0.005633817066327437
SPY,2026-01-02,685.7100219726562,686.8699951171875,679.8200073242188,683.1699829101562,89377200,0.0018,682.7317718505859,677.1003088378907,45.9,0.005593932333105988
SPY,2026-01-05,686.5399780273438,689.4299926757812,686.3800048828125,687.719970703125,71927200,0.0067,682.9990875244141,677.5380578613281,58.75,0.005785142039833838
SPY,2026-01-06,687.9299926757812,692.3200073242188,687.780029296875,691.8099975585938,69273800,0.0059,683.4060974121094,677.9786401367187,63.46,0.005907397236115356
SPY,2026-01-07,692.1900024414062,693.9600219726562,689.3200073242188,689.5800170898438,75588300,-0.0032,683.8043029785156,678.265146484375,62.97,0.005913986543957084
SPY,2026-01-08,688.8200073242188,690.6199951171875,687.489990234375,689.510009765625,64019200,-0.0001,684.2284240722656,678.3909240722656,74.14,0.0059060428465482154
SPY,2026-01-09,690.6300048828125,695.3099975585938,689.1799926757812,694.0700073242188,80125500,0.0066,684.6547088623047,678.5716088867188,73.83,0.0059060428465482154
SPY,2026-01-12,690.6799926757812,696.0900268554688,690.6300048828125,695.1599731445312,63976000,0.0016,685.0557312011719,678.7675122070312,70.19,0.005897724806629844
SPY,2026-01-13,695.489990234375,696.0900268554688,691.3499755859375,693.77001953125,78309700,-0.002,685.7566619873047,679.0863708496094,63.45,0.005300486571508037
SPY,2026-01-14,691.0,691.719970703125,686.0399780273438,690.3599853515625,94676700,-0.0049,686.3384399414062,679.2925598144532,53.58,0.005438953072634105
SPY,2026-01-15,694.5700073242188,695.4500122070312,691.25,692.239990234375,77862000,0.0027,687.1069427490235,679.5108239746094,52.82,0.0053861811488680215
SPY,2026-01-16,693.6599731445312,694.25,690.0999755859375,691.6599731445312,79289200,-0.0008,688.2188446044922,679.8790112304688,52.02,0.004602001852741019
SPY,2026-01-20,681.489990234375,684.77001953125,676.5700073242188,677.5800170898438,111623300,-0.0204,688.3739990234375,679.9189367675781,38.62,0.006545347885893354
SPY,2026-01-21,679.6500244140625,688.739990234375,678.1300048828125,685.4000244140625,127844500,0.0115,688.6144989013671,680.260234375,48.45,0.00673538183186765
SPY,2026-01-22,689.8499755859375,691.1300048828125,686.9199829101562,688.97998046875,77112200,0.0052,688.8219970703125,680.659970703125,56.98,0.006693406024628008
SPY,2026-01-23,688.1500244140625,690.9600219726562,687.1599731445312,689.22998046875,63059600,0.0004,688.8854949951171,680.8559228515625,56.11,0.006617512650853847
SPY,2026-01-26,690.489990234375,694.1300048828125,689.9199829101562,692.72998046875,60473800,0.0051,689.0029937744141,681.0907678222657,55.16,0.006670114020961843
SPY,2026-01-27,694.1799926757812,696.530029296875,693.5700073242188,695.489990234375,55506100,0.004,689.2619934082031,681.3732348632813,53.9,0.006723523120945962
SPY,2026-01-28,697.0499877929688,697.8400268554688,693.9400024414062,695.4199829101562,61172200,-0.0001,689.640493774414,681.8804345703124,56.48,0.006659310854182418
SPY,2026-01-29,696.3900146484375,697.0599975585938,684.8300170898438,694.0399780273438,97486200,-0.002,689.9919921875,682.3622265625,54.89,0.00667289095401766
SPY,2026-01-30,691.7899780273438,694.2100219726562,687.1199951171875,691.969970703125,101835100,-0.003,690.4944915771484,682.9274499511719,47.61,0.006467041949682062
SPY,2026-02-02,689.5800170898438,696.9299926757812,689.4199829101562,695.4099731445312,79286500,0.005,691.1064910888672,683.6729431152344,50.27,0.0065336296030211165
SPY,2026-02-03,696.2100219726562,696.9600219726562,684.030029296875,689.530029296875,107904600,-0.0085,691.1969940185547,684.2499877929688,45.82,0.0067064383833353655
SPY,2026-02-04,690.3499755859375,691.4500122070312,681.760009765625,686.1900024414062,105204600,-0.0048,690.9159942626953,684.9616369628907,45.88,0.006650150374239682
SPY,2026-02-05,680.9400024414062,683.6900024414062,675.7899780273438,677.6199951171875,113610800,-0.0125,690.3179931640625,685.3722692871094,37.25,0.007162732498293194
SPY,2026-02-06,681.4600219726562,692.3099975585938,680.8499755859375,690.6199951171875,89127600,0.0192,690.3734924316407,685.8494738769531,49.25,0.008452982967723984
SPY,2026-02-09,689.4199829101562,695.8699951171875,688.3400268554688,693.9500122070312,73885200,0.0048,690.3674926757812,686.2678491210937,63.88,0.008389647442564348
SPY,2026-02-10,694.9500122070312,696.5399780273438,691.6599731445312,692.1199951171875,65185700,-0.0026,690.2154937744141,686.5566979980468,56.34,0.008400706423929646
SPY,2026-02-11,696.3900146484375,697.1400146484375,689.1799926757812,691.9600219726562,76353900,-0.0002,690.1249938964844,686.7683666992187,53.01,0.008389873281773135
SPY,2026-02-12,694.239990234375,695.3499755859375,680.3699951171875,681.27001953125,118829000,-0.0154,689.6704956054688,686.8284509277344,43.37,0.009011840164910545
SPY,2026-02-13,681.6900024414062,686.280029296875,677.52001953125,681.75,96267500,0.0007,689.14599609375,686.8730090332032,40.37,0.008984114635815478
SPY,2026-02-17,680.1400146484375,684.9400024414062,675.780029296875,682.8499755859375,81354700,0.0016,688.7054962158203,686.8925061035156,38.58,0.008999005793039479
SPY,2026-02-18,684.02001953125,689.1500244140625,682.8300170898438,686.2899780273438,73570300,0.005,689.1409942626954,686.9708325195312,42.22,0.007765382018596189
SPY,2026-02-19,683.8400268554688,686.1799926757812,681.5499877929688,684.47998046875,58649400,-0.0026,689.0949920654297,686.9870361328125,41.92,0.0073598680623185786
SPY,2026-02-20,682.3200073242188,690.0599975585938,681.72998046875,689.4299926757812,99952100,0.0072,689.1174926757812,687.1433178710937,47.95,0.007447802572429999
TSLA,2025-02-21,353.44000244140625,354.9800109863281,334.4200134277344,337.79998779296875,74058600,,337.79998779296875,337.79998779296875,,
TSLA,2025-02-24,338.1400146484375,342.3999938964844,324.70001220703125,330.5299987792969,76052300,-0.0215,334.1649932861328,334.1649932861328,,
TSLA,2025-02-25,327.0199890136719,328.8900146484375,297.25,302.79998779296875,134228800,-0.0839,323.7099914550781,323.7099914550781,,0.04412346314604057
TSLA,2025-02-26,303.7099914550781,309.0,288.0400085449219,290.79998779296875,100118300,-0.0396,315.4824905395508,315.4824905395508,,0.032103634269866295
TSLA,2025-02-27,291.1600036621094,297.2300109863281,280.8800048828125,281.95001220703125,101748200,-0.0304,308.7759948730469,308.7759948730469,,0.027703730194085178
TSLA,2025-02-28,279.5,293.8800048828125,273.6000061035156,292.9800109863281,115697000,0.0391,306.14333089192706,306.14333089192706,,0.04417876186585586
TSLA,2025-03-03,300.3399963378906,303.94000244140625,277.29998779296875,284.6499938964844,115551400,-0.0284,303.0728541782924,303.0728541782924,,0.03951742653564374
TSLA,2025-03-04,270.92999267578125,284.3500061035156,261.8399963378906,272.0400085449219,126706600,-0.0443,299.1937484741211,299.1937484741211,,0.03663217425264559
TSLA,2025-03-05,272.9200134277344,279.54998779296875,267.7099914550781,279.1000061035156,94042900,0.026,296.9611104329427,296.9611104329427,,0.039245591199158006
TSLA,2025-03-06,272.0599975585937,272.6499938964844,260.0199890136719,263.45001220703125,98451600,-0.0561,293.61000061035156,293.61000061035156,,0.03834507791099139
TSLA,2025-03-07,259.32000732421875,266.25,250.72999572753903,262.6700134277344,102369600,-0.003,290.79727450284093,290.79727450284093,,0.03691222170380849
TSLA,2025-03-10,252.5399932861328,253.3699951171875,220.0,222.1499938964844,189076900,-0.1543,285.07666778564453,285.07666778564453,,0.052580914269861695
TSLA,2025-03-11,225.30999755859372,237.05999755859372,217.0200042724609,230.5800018310547,174896400,0.0379,280.8846165583684,280.8846165583684,,0.05448816593786881
TSLA,2025-03-12,247.22000122070312,251.83999633789065,241.1000061035156,248.08999633789065,142215700,0.0759,278.54214368547713,278.54214368547713,24.77,0.05985139288913191
TSLA,2025-03-13,248.1300048828125,248.2899932861328,232.6000061035156,240.67999267578125,114813500,-0.0299,276.01800028483075,276.01800028483075,23.78,0.057544714100246606
TSLA,2025-03-14,247.30999755859372,251.5800018310547,240.72999572753903,249.97999572753903,100242300,0.0386,274.390625,274.390625,28.49,0.057639344201682235
TSLA,2025-03-17,245.05999755859372,245.3999938964844,232.8000030517578,238.00999450683597,111900600,-0.0479,272.2505879121668,272.2505879121668,31.11,0.05617575841351261
TSLA,2025-03-18,228.16000366210935,230.1000061035156,222.27999877929688,225.30999755859372,111477600,-0.0534,269.6427773369683,269.6427773369683,30.98,0.05498784825652257
TSLA,2025-03-19,231.6100006103516,241.41000366210935,229.1999969482422,235.8600006103516,111993800,0.0468,267.86473645662005,267.86473645662005,36.74,0.055761184288020765
TSLA,2025-03-20,233.3500061035156,238.0,230.0500030517578,236.25999450683597,99028300,0.0017,266.28449935913085,266.28449935913085,32.62,0.054382957641814084
TSLA,2025-03-21,234.9900054931641,249.5200042724609,234.5500030517578,248.7100067138672,132728700,0.0527,261.83000030517576,265.44761875697543,39.26,0.05519158974832459
TSLA,2025-03-24,258.0799865722656,278.6400146484375,256.3299865722656,278.3900146484375,169079900,0.1193,259.22300109863284,266.0359094793146,51.72,0.0626237923509991
TSLA,2025-03-25,283.6000061035156,288.20001220703125,271.2799987792969,288.1400146484375,150361500,0.035,258.49000244140626,266.99695753014606,52.42,0.060513471966775166
TSLA,2025-03-26,282.6600036621094,284.8999938964844,266.510009765625,272.0599975585937,153629800,-0.0558,257.5530029296875,267.20791753133136,52.3,0.061166260694670724
TSLA,2025-03-27,272.4800109863281,291.8500061035156,271.82000732421875,273.1300048828125,162572100,0.0039,257.11200256347655,267.44480102539063,52.78,0.06079376612778649
TSLA,2025-03-28,275.5799865722656,276.1000061035156,260.57000732421875,263.54998779296875,123809400,-0.0351,255.6405014038086,267.2950005164513,63.19,0.06055787662272045
TSLA,2025-03-31,249.30999755859372,260.5599975585937,243.3600006103516,259.1600036621094,134008900,-0.0167,254.36600189208986,266.99370433666087,59.35,0.06036107385428216
TSLA,2025-04-01,263.79998779296875,277.45001220703125,259.25,268.4599914550781,146486900,0.0359,254.18700103759767,267.0460717337472,57.04,0.06013196780940716
TSLA,2025-04-02,254.6000061035156,284.989990234375,251.2700042724609,282.760009765625,212787800,0.0533,254.37000122070313,267.58793166588094,63.89,0.06103068598319167
TSLA,2025-04-03,265.2900085449219,276.29998779296875,261.510009765625,267.2799987792969,136174300,-0.0547,254.5615005493164,267.5776672363281,55.49,0.060960771683194165
TSLA,2025-04-04,255.3800048828125,261.0,236.0,239.42999267578125,181229400,-0.1042,253.39949951171874,266.669677734375,50.41,0.06547506154415227
TSLA,2025-04-07,223.77999877929688,252.0,214.25,233.2899932861328,183453800,-0.0256,253.95649948120118,265.62656259536743,52.39,0.055311436668340035
TSLA,2025-04-08,245.0,250.44000244140625,217.8000030517578,221.8600006103516,171603500,-0.049,253.520499420166,264.30030314127606,45.83,0.055908745196737206
TSLA,2025-04-09,224.69000244140625,274.69000244140625,223.8800048828125,272.20001220703125,219433400,0.2269,254.72600021362305,264.53264752556294,58.25,0.07402404943487517
TSLA,2025-04-10,260.0,262.489990234375,239.3300018310547,252.3999938964844,181722600,-0.0727,255.3120002746582,264.18600027901783,50.82,0.07574827772924854
TSLA,2025-04-11,251.83999633789065,257.739990234375,241.3600006103516,252.30999755859372,128948100,-0.0004,255.42850036621093,263.85611131456164,43.33,0.07533730466166287
TSLA,2025-04-14,258.3599853515625,261.79998779296875,245.92999267578125,252.3500061035156,100135200,0.0002,256.14550094604493,263.5451354980469,40.37,0.07438867680529145
TSLA,2025-04-15,249.91000366210935,258.75,247.5399932861328,254.1100006103516,79594300,0.007,257.5855010986328,263.29684247468646,44.77,0.07309040454698623
TSLA,2025-04-16,247.6100006103516,251.97000122070312,233.88999938964844,241.5500030517578,112378700,-0.0494,257.8700012207031,262.7392312074319,41.37,0.07359573267806398
TSLA,2025-04-17,243.47000122070312,244.33999633789065,237.67999267578125,241.3699951171875,83404800,-0.0007,258.1255012512207,262.20500030517576,43.61,0.07360097593031453
TSLA,2025-04-21,230.25999450683597,232.2100067138672,222.7899932861328,227.5,97768000,-0.0575,257.0650009155273,261.35853688309834,41.36,0.0738480037502351
TSLA,2025-04-22,230.9600067138672,242.7899932861328,229.8500061035156,237.97000122070312,120858500,0.046,255.04400024414062,260.80166698637464,41.73,0.0691818701532037
TSLA,2025-04-23,254.8600006103516,259.45001220703125,244.42999267578125,250.7400054931641,150381900,0.0537,253.17399978637695,260.56767485862554,41.24,0.06988341023673494
TSLA,2025-04-24,250.5,259.5400085449219,249.1999969482422,259.510009765625,94464200,0.035,252.5465003967285,260.5436370156028,47.79,0.0693393446069857
TSLA,2025-04-25,261.69000244140625,286.8500061035156,259.6300048828125,284.95001220703125,167560700,0.098,253.13750076293945,261.08600090874563,63.11,0.07274164086539067
TSLA,2025-04-28,288.9800109863281,294.8599853515625,272.4200134277344,285.8800048828125,151731800,0.0033,254.25400161743164,261.6250009951384,65.61,0.07214573408988519
TSLA,2025-04-29,285.5,293.32000732421875,279.4700012207031,292.0299987792969,108906600,0.0215,255.89750137329102,262.2719158416099,71.5,0.07200695945897394
TSLA,2025-04-30,279.8999938964844,284.45001220703125,270.7799987792969,282.1600036621094,128961100,-0.0338,256.5825019836426,262.6862510045369,54.06,0.07228851896175638
TSLA,2025-05-01,280.010009765625,290.8699951171875,279.8099975585937,280.5199890136719,99659000,-0.0058,256.4705009460449,263.0502048414581,63.45,0.07140608775462393
TSLA,2025-05-02,284.8999938964844,294.7799987792969,279.8099975585937,287.2099914550781,114454700,0.0238,257.467000579834,263.5334005737305,65.7,0.07028036541707716
TSLA,2025-05-05,284.57000732421875,284.8500061035156,274.3999938964844,280.260009765625,94618900,-0.0242,259.50850143432615,262.3826010131836,61.82,0.06582467362543272
TSLA,2025-05-06,273.1099853515625,277.7300109863281,271.3500061035156,275.3500061035156,76715800,-0.0175,261.6115020751953,261.279001159668,58.76,0.0656199071206773
TSLA,2025-05-07,276.8800048828125,277.9200134277344,271.0,276.2200012207031,71592600,0.0032,264.3295021057129,260.74740142822264,65.83,0.06416241808673394
TSLA,2025-05-08,279.6300048828125,289.79998779296875,279.4100036621094,284.82000732421875,97539400,0.0311,264.96050186157225,260.6278018188477,68.42,0.04026912621743599
TSLA,2025-05-09,290.2099914550781,307.0400085449219,290.0,298.260009765625,132387800,0.0472,267.2535026550293,260.95400177001954,80.11,0.037208661626024674
TSLA,2025-05-12,321.989990234375,322.2099914550781,311.5,318.3800048828125,112826700,0.0675,270.55700302124023,261.4620016479492,81.62,0.039339160882603606
TSLA,2025-05-13,320.0,337.5899963378906,316.79998779296875,334.07000732421875,136992600,0.0493,274.6430030822754,262.4504019165039,82.03,0.04006120679003174
TSLA,2025-05-14,342.5,350.0,337.0,347.67999267578125,136997300,0.0407,279.3215026855469,263.9632015991211,82.68,0.04041922549324375
TSLA,2025-05-15,340.3399963378906,346.1400146484375,334.7200012207031,342.82000732421875,97882600,-0.014,284.38500289916993,265.23760162353517,75.31,0.03808604385916325
TSLA,2025-05-16,346.239990234375,351.6199951171875,342.3299865722656,349.9800109863281,95895700,0.0209,289.815503692627,266.9682015991211,76.58,0.03782305896505048
TSLA,2025-05-19,336.29998779296875,343.0,333.3699951171875,342.0899963378906,88869900,-0.0225,295.5450035095215,268.55660125732425,70.47,0.034762685681481435
TSLA,2025-05-20,347.8699951171875,354.989990234375,341.6300048828125,343.82000732421875,131715500,0.0051,300.83750381469724,270.9900015258789,77.01,0.03442651785439457
TSLA,2025-05-21,344.42999267578125,347.3500061035156,332.20001220703125,334.6199951171875,102354800,-0.0268,305.03150329589846,273.07080139160155,72.22,0.03487434587200169
TSLA,2025-05-22,331.8999938964844,347.2699890136719,331.3900146484375,341.0400085449219,97113400,0.0192,309.1080032348633,274.9298016357422,72.16,0.03457752388322128
TSLA,2025-05-23,337.9200134277344,343.17999267578125,333.2099914550781,339.3399963378906,84654800,-0.005,311.82750244140624,276.9030017089844,75.42,0.028612573607088434
TSLA,2025-05-27,347.3500061035156,363.7900085449219,347.32000732421875,362.8900146484375,120146400,0.0694,315.6780029296875,279.16120208740233,82.46,0.03156527530789426
TSLA,2025-05-28,364.8399963378906,365.0,355.9100036621094,356.8999938964844,91404300,-0.0165,318.9215026855469,281.5390020751953,78.82,0.03213139594326955
TSLA,2025-05-29,365.2900085449219,367.7099914550781,356.0,358.42999267578125,88087800,0.0043,322.7350021362305,284.20140197753904,77.7,0.030447990167877408
TSLA,2025-05-30,355.5199890136719,363.6799926757813,345.2900085449219,346.4599914550781,123474900,-0.0334,326.0320022583008,286.4134017944336,68.34,0.03190998688746042
TSLA,2025-06-02,343.5,348.0199890136719,333.3299865722656,342.69000244140625,81873800,-0.0109,328.8060028076172,288.542001953125,60.56,0.0321251741752395
TSLA,2025-06-03,346.6000061035156,355.3999938964844,343.0400085449219,344.2699890136719,99324500,0.0046,332.00650177001955,290.4532015991211,55.05,0.031173292803464436
TSLA,2025-06-04,345.1000061035156,345.6000061035156,327.3299865722656,332.04998779296875,98912100,-0.0355,334.8415008544922,291.5264010620117,42.15,0.03227360784228959
TSLA,2025-06-05,322.489990234375,324.54998779296875,273.2099914550781,284.70001220703125,287499800,-0.1426,335.26550140380857,291.4576010131836,29.54,0.046981042929428916
TSLA,2025-06-06,298.8299865722656,305.5,291.1400146484375,295.1400146484375,164747700,0.0367,335.78150177001953,291.9192013549805,31.13,0.04717608978464008
TSLA,2025-06-09,285.9599914550781,309.8299865722656,281.8500061035156,308.5799865722656,140908900,0.0455,336.29750061035156,292.62820098876955,38.9,0.0470935016189797
TSLA,2025-06-10,314.94000244140625,327.8299865722656,310.6700134277344,326.0899963378906,151256500,0.0567,336.6830001831055,293.87900115966795,44.68,0.04636891426943612
TSLA,2025-06-11,334.3999938964844,335.5,322.5,326.42999267578125,122611400,0.001,336.3009994506836,295.2244009399414,47.41,0.04502842932379967
TSLA,2025-06-12,323.0799865722656,332.5599975585937,316.8599853515625,319.1099853515625,105127500,-0.0224,334.8724990844727,296.2374008178711,43.09,0.04421851124633332
TSLA,2025-06-13,313.9700012207031,332.989990234375,313.29998779296875,325.3099975585937,128964300,0.0194,333.9969985961914,297.0884005737305,45.7,0.04442376556943842
TSLA,2025-06-16,331.2900085449219,332.04998779296875,326.4100036621094,329.1300048828125,83925900,0.0117,332.9544982910156,298.3254006958008,38.24,0.044225272603366804
TSLA,2025-06-17,326.0899963378906,327.260009765625,314.739990234375,316.3500061035156,88282700,-0.0388,331.66749877929686,299.86380096435545,36.51,0.04476786059334603
TSLA,2025-06-18,317.3099975585937,329.32000732421875,315.45001220703125,322.04998779296875,95137700,0.018,330.57899780273436,301.63900085449217,38.22,0.044981833760097574
TSLA,2025-06-20,327.95001220703125,332.3599853515625,317.7799987792969,322.1600036621094,108688000,0.0003,329.9559982299805,303.64500091552736,41.48,0.04461065809635042
TSLA,2025-06-23,327.5400085449219,357.5400085449219,327.4800109863281,348.67999267578125,190716800,0.0823,330.33799743652344,305.17460052490236,51.81,0.048195407075341694
TSLA,2025-06-24,356.1700134277344,356.260009765625,340.44000244140625,340.4700012207031,114736200,-0.0235,330.3944976806641,306.9360006713867,48.9,0.04851812764860488
TSLA,2025-06-25,342.70001220703125,343.0,320.3999938964844,327.54998779296875,119845100,-0.0379,328.62749633789065,308.44080047607423,48.7,0.04648301897071209
TSLA,2025-06-26,324.6099853515625,331.04998779296875,323.6099853515625,325.7799987792969,80440900,-0.0054,327.0714965820313,309.90940032958986,66.16,0.04639272260307986
TSLA,2025-06-27,324.510009765625,329.3399963378906,317.5,323.6300048828125,89067000,-0.0066,325.3314971923828,311.29980041503904,61.99,0.046360343761497405
TSLA,2025-06-30,319.8999938964844,325.5799865722656,316.6000061035156,317.6600036621094,76695100,-0.0184,323.89149780273436,312.8220004272461,54.08,0.04598014331151404
TSLA,2025-07-01,298.4599914550781,305.8900146484375,293.2099914550781,300.7099914550781,145085700,-0.0534,321.792497253418,314.0088003540039,38.54,0.047313114627864805
TSLA,2025-07-02,312.6300048828125,316.8299865722656,303.82000732421875,315.6499938964844,119483700,0.0497,320.3614974975586,315.7718002319336,45.7,0.04886487706447563
TSLA,2025-07-03,317.989990234375,318.45001220703125,312.760009765625,315.3500061035156,58042300,-0.001,319.52649841308596,317.3194003295898,48.41,0.04826845188493641
TSLA,2025-07-07,291.3699951171875,296.1499938964844,288.7699890136719,293.94000244140625,131177900,-0.0679,319.9884979248047,318.1834002685547,38.26,0.03871492300338327
TSLA,2025-07-08,297.0,304.04998779296875,294.3500061035156,297.8099975585937,103246700,0.0132,320.1219970703125,318.94940002441405,38.28,0.03796528712278876
TSLA,2025-07-09,297.54998779296875,300.1499938964844,293.54998779296875,295.8800048828125,75586800,-0.0065,319.4869979858398,319.1679998779297,41.66,0.03651942345483681
TSLA,2025-07-10,300.04998779296875,310.4800109863281,300.0,309.8699951171875,104365300,0.0473,318.6759979248047,319.6477996826172,45.35,0.035784405233212094
TSLA,2025-07-11,307.8900146484375,314.0899963378906,305.6499938964844,313.510009765625,79236400,0.0117,318.0299987792969,320.07739990234376,46.79,0.03591051597923284
TSLA,2025-07-14,317.7300109863281,322.6000061035156,312.6700134277344,316.8999938964844,78043400,0.0108,317.919499206543,320.77219970703123,35.74,0.03565561150196345
TSLA,2025-07-15,319.67999267578125,321.20001220703125,310.5,310.7799987792969,77556300,-0.0193,317.1929992675781,321.37739990234377,36.42,0.03561174074581821
TSLA,2025-07-16,312.79998779296875,323.5,312.6199951171875,321.6700134277344,97284800,0.035,316.8199996948242,322.06660034179686,47.26,0.0364440537348904
TSLA,2025-07-17,323.1499938964844,324.3399963378906,317.0599975585937,319.4100036621094,73922900,-0.007,316.9729995727539,322.84960021972654,47.05,0.035363735513569326
TSLA,2025-07-18,321.6600036621094,330.8999938964844,321.4200134277344,329.6499938964844,94255000,0.0321,317.3529998779297,323.93559997558594,52.6,0.035856128816203946
TSLA,2025-07-21,334.3999938964844,338.0,326.8800048828125,328.489990234375,75768800,-0.0035,317.669499206543,324.9809997558594,54.87,0.03587441948915983
TSLA,2025-07-22,329.739990234375,335.4100036621094,321.54998779296875,332.1099853515625,77370400,0.011,316.840998840332,325.92679931640623,66.06,0.030583838181214882
TSLA,2025-07-23,330.8999938964844,336.20001220703125,328.6700134277344,332.5599975585937,92553800,0.0014,316.44549865722655,326.6127990722656,60.15,0.030165652740545133
TSLA,2025-07-24,310.0,310.1499938964844,300.4100036621094,305.29998779296875,156966000,-0.082,315.33299865722654,326.35119873046875,45.44,0.03434721163891505
TSLA,2025-07-25,308.739990234375,323.6300048828125,308.010009765625,316.0599975585937,148227000,0.0352,314.8469985961914,325.9909985351562,61.11,0.03537846356486565
TSLA,2025-07-28,318.45001220703125,330.489990234375,315.69000244140625,325.5899963378906,112673800,0.0302,314.9449981689453,325.54919860839846,63.2,0.036018140166485996
TSLA,2025-07-29,325.54998779296875,326.25,318.25,321.20001220703125,87358900,-0.0135,315.1219985961914,325.1167987060547,61.75,0.03589619353812206
TSLA,2025-07-30,322.17999267578125,324.45001220703125,311.6199951171875,319.0400085449219,83931900,-0.0067,316.0384994506836,324.49799865722656,54.78,0.03360508890034365
TSLA,2025-07-31,319.6099853515625,321.3699951171875,306.1000061035156,308.2699890136719,85270900,-0.0338,315.669499206543,323.8215985107422,47.46,0.032740322394966055
TSLA,2025-08-01,306.2099914550781,309.3099975585937,297.82000732421875,302.6300048828125,89121400,-0.0183,315.0334991455078,322.99779846191404,43.22,0.032977314371517505
TSLA,2025-08-04,309.0799865722656,312.1199951171875,303.0,309.260009765625,78683900,0.0219,315.79949951171875,322.4905987548828,49.28,0.029382547630577543
TSLA,2025-08-05,308.95001220703125,312.45001220703125,305.5,308.7200012207031,57961300,-0.0017,316.3449996948242,321.8441986083984,43.21,0.02929801996183719
TSLA,2025-08-06,307.8900146484375,320.4700012207031,306.92999267578125,319.9100036621094,78523600,0.0362,317.54649963378904,321.4555987548828,50.24,0.030172285994025428
TSLA,2025-08-07,319.7900085449219,322.3999938964844,316.1600036621094,322.2699890136719,66658700,0.0074,318.16649932861327,320.6431982421875,46.17,0.028453072630302393
TSLA,2025-08-08,321.42999267578125,335.1499938964844,320.9800109863281,329.6499938964844,91200300,0.0229,318.97349853515624,320.0981982421875,50.56,0.028755288300817954
TSLA,2025-08-11,335.0,346.6400146484375,334.1499938964844,339.0299987792969,105320200,0.0285,320.0799987792969,319.7101983642578,53.19,0.029278355576486153
TSLA,2025-08-12,345.0,345.260009765625,332.94000244140625,340.8399963378906,80522100,0.0053,321.58299865722654,319.59779846191407,53.77,0.028769137337742588
TSLA,2025-08-13,341.5,348.9800109863281,338.20001220703125,339.3800048828125,67838900,-0.0043,322.46849822998047,319.5315985107422,70.29,0.027944706211788267
TSLA,2025-08-14,335.760009765625,340.4700012207031,330.3999938964844,335.5799865722656,75000700,-0.0112,323.2769973754883,319.35779846191406,62.67,0.028039942844749918
TSLA,2025-08-15,337.6600036621094,339.29998779296875,327.0199890136719,330.5599975585937,74319800,-0.015,323.32249755859374,319.32799865722654,53.43,0.02742563149971017
TSLA,2025-08-18,329.6199951171875,336.2699890136719,329.5899963378906,335.1600036621094,56956600,0.0139,323.65599822998047,320.33719848632813,59.6,0.027567679397592047
TSLA,2025-08-19,335.7900085449219,340.54998779296875,327.8500061035156,329.3099975585937,75956000,-0.0175,323.51599884033203,321.0205981445313,56.72,0.027779478889432413
TSLA,2025-08-20,329.2200012207031,331.3699951171875,314.6000061035156,323.8999938964844,77481800,-0.0164,323.08299865722654,321.3269982910156,61.0,0.028014554018261747
TSLA,2025-08-21,322.0799865722656,324.8999938964844,318.67999267578125,320.1099853515625,55744400,-0.0117,323.82349853515626,321.20739807128905,62.63,0.02078732154083602
TSLA,2025-08-22,321.6600036621094,340.25,319.69000244140625,340.010009765625,94016300,0.0622,325.0209991455078,321.47899841308595,68.64,0.02369178405226055
TSLA,2025-08-25,338.8999938964844,349.5299987792969,335.0299987792969,346.6000061035156,86670000,0.0194,326.0714996337891,322.028798828125,71.39,0.02317879248478297
TSLA,2025-08-26,344.92999267578125,351.8999938964844,343.7200012207031,351.6700134277344,76651600,0.0146,327.5949996948242,322.5559991455078,69.27,0.022952290907330728
TSLA,2025-08-27,351.94000244140625,355.3900146484375,349.1600036621094,349.6000061035156,65519000,-0.0059,329.1229995727539,322.96539916992185,66.64,0.022931910081805226
TSLA,2025-08-28,350.9100036621094,353.54998779296875,340.260009765625,345.9800109863281,67903200,-0.0104,331.00850067138674,323.5579992675781,60.42,0.021403528361365786
TSLA,2025-08-29,347.2300109863281,348.75,331.70001220703125,333.8699951171875,81145700,-0.035,332.5705001831055,323.7943994140625,46.82,0.022688401859702865
TSLA,2025-09-02,328.2300109863281,333.3299865722656,325.6000061035156,329.3599853515625,58392000,-0.0135,333.5754989624023,323.9383990478516,43.15,0.022694559978805033
TSLA,2025-09-03,335.20001220703125,343.3299865722656,328.510009765625,334.0899963378906,88733300,0.0144,334.84399871826173,323.64659912109374,46.96,0.022789851735043457
TSLA,2025-09-04,336.1499938964844,338.8900146484375,331.4800109863281,338.5299987792969,60711000,0.0133,335.7749984741211,323.6077990722656,51.68,0.02164368146523186
TSLA,2025-09-05,348.0,355.8699951171875,344.67999267578125,350.8399963378906,108989800,0.0364,337.20349884033203,324.07359924316404,60.67,0.02288619441359446
TSLA,2025-09-08,354.6400146484375,358.44000244140625,344.8399963378906,346.3999938964844,75208300,-0.0127,338.040998840332,324.48599914550783,55.93,0.022763881826030327
TSLA,2025-09-09,348.44000244140625,350.7699890136719,343.82000732421875,346.9700012207031,53816000,0.0016,338.43799896240233,324.95279907226563,59.86,0.02194029877933106
TSLA,2025-09-10,350.54998779296875,356.3299865722656,346.07000732421875,347.7900085449219,72121700,0.0024,338.7854995727539,325.5553991699219,64.06,0.021922569480596458
TSLA,2025-09-11,350.1700134277344,368.989990234375,347.6000061035156,368.80999755859375,103756000,0.0604,340.25699920654296,326.9173992919922,73.83,0.02553901607551206
TSLA,2025-09-12,370.9400024414063,396.6900024414063,370.239990234375,395.9400024414063,168156400,0.0736,343.275,328.5231994628906,75.56,0.02952901294088846
TSLA,2025-09-15,423.1300048828125,425.7000122070313,402.4299926757813,410.0400085449219,163823700,0.0356,347.2490005493164,330.41699951171876,77.13,0.029558759944789372
TSLA,2025-09-16,414.5,423.25,411.4299926757813,421.6199951171875,104285700,0.0282,351.57200012207034,332.97059936523436,78.33,0.029798595869427708
TSLA,2025-09-17,415.75,428.30999755859375,409.6700134277344,425.8599853515625,106133500,0.0101,356.3994995117188,335.53159912109373,80.35,0.028991107529542127
TSLA,2025-09-18,428.8699951171875,432.2200012207031,416.55999755859375,416.8500061035156,90454500,-0.0212,361.0470001220703,337.9509991455078,77.05,0.02926871690856442
TSLA,2025-09-19,421.8200073242188,429.4700012207031,421.7200012207031,426.0700073242188,93131000,0.0221,366.3450012207031,340.2749993896484,85.98,0.028732900635810663
TSLA,2025-09-22,431.1099853515625,444.9800109863281,429.1300048828125,434.2099914550781,97108800,0.0191,371.0550003051758,342.6889990234375,89.79,0.02652023805164256
TSLA,2025-09-23,439.8800048828125,440.9700012207031,423.7200012207031,425.8500061035156,83422700,-0.0193,375.01750030517576,344.8679992675781,83.89,0.027397231900129514
TSLA,2025-09-24,429.8299865722656,444.2099914550781,429.0299987792969,442.7900085449219,93133600,0.0398,379.57350006103513,347.5081994628906,85.25,0.028155498668344672
TSLA,2025-09-25,435.239990234375,435.3500061035156,419.0799865722656,423.3900146484375,96746400,-0.0438,383.26300048828125,349.5425994873047,73.41,0.030590271501350172
TSLA,2025-09-26,428.2999877929688,440.4700012207031,421.0199890136719,440.3999938964844,101628200,0.0402,387.98399963378904,351.9623992919922,78.05,0.03090037088859343
TSLA,2025-09-29,444.3500061035156,450.9800109863281,439.5,443.2099914550781,79491500,0.0064,393.4509994506836,354.23359924316406,78.34,0.028864519743103306
TSLA,2025-09-30,441.5199890136719,445.0,433.1199951171875,444.7200012207031,74358000,0.0034,399.2190002441406,356.5581994628906,78.43,0.028237470439862453
TSLA,2025-10-01,443.7999877929688,462.2900085449219,440.75,459.4599914550781,98122300,0.0331,405.4875,359.1051995849609,77.61,0.028507437164435025
TSLA,2025-10-02,470.5400085449219,470.75,435.5700073242188,436.0,137009000,-0.0511,410.36100006103516,361.17399963378904,62.48,0.03226908696700623
TSLA,2025-10-03,443.2900085449219,446.7699890136719,416.5799865722656,429.8299865722656,133188200,-0.0142,414.3104995727539,363.664599609375,56.48,0.03233916112247292
TSLA,2025-10-06,440.75,453.5499877929688,436.6900024414063,453.25,85324900,0.0545,419.6529998779297,366.4083996582031,59.62,0.03325951347873426
TSLA,2025-10-07,447.8200073242188,452.6799926757813,432.4500122070313,433.0899963378906,102296100,-0.0445,423.95899963378906,368.55839965820314,52.0,0.0356769776864872
TSLA,2025-10-08,437.5700073242188,441.3299865722656,425.2300109863281,438.6900024414063,71192100,0.0129,428.5039993286133,370.90819946289065,56.17,0.035609494224818315
TSLA,2025-10-09,431.80999755859375,436.3500061035156,426.1799926757813,435.5400085449219,69339900,-0.0072,431.8404998779297,373.23819946289063,52.77,0.03397065722990327
TSLA,2025-10-10,436.5400085449219,443.1300048828125,411.4500122070313,413.489990234375,112107900,-0.0506,432.71799926757814,375.3425994873047,44.39,0.03285154606631732
TSLA,2025-10-13,423.5299987792969,436.8900146484375,419.7000122070313,435.8999938964844,79552800,0.0542,434.01099853515626,378.0079992675781,52.53,0.03407324116015228
TSLA,2025-10-14,426.7900085449219,434.2000122070313,417.8599853515625,429.239990234375,72669400,-0.0153,434.3919982910156,380.4075988769531,46.41,0.03380797321093915
TSLA,2025-10-15,434.8999938964844,440.510009765625,426.3299865722656,435.1499938964844,71558200,0.0138,434.8564987182617,382.93619873046873,53.36,0.03386798325075889
TSLA,2025-10-16,434.7300109863281,439.3500061035156,421.30999755859375,428.75,77189900,-0.0147,435.4514984130859,385.11299865722657,46.46,0.03366812329661085
TSLA,2025-10-17,425.5,441.4599914550781,423.6000061035156,439.30999755859375,89331600,0.0246,436.1134979248047,387.453798828125,48.87,0.033751448701851074
TSLA,2025-10-20,443.8699951171875,449.7999877929688,440.6099853515625,447.4299926757813,63719000,0.0185,436.77449798583984,389.80939880371096,50.76,0.03373577321978618
TSLA,2025-10-21,445.760009765625,449.2999877929688,442.0499877929688,442.6000061035156,54412200,-0.0108,437.6119979858398,391.8807989501953,45.01,0.033505606757832734
TSLA,2025-10-22,443.4500122070313,445.5400085449219,429.0,438.9700012207031,84023500,-0.0082,437.4209976196289,393.84339904785156,51.0,0.03239074591689163
TSLA,2025-10-23,420.0,449.3999938964844,413.8999938964844,448.9800109863281,126709800,0.0228,438.70049743652345,396.0353991699219,56.26,0.031039599495517104
TSLA,2025-10-24,446.8299865722656,451.6799926757813,430.1700134277344,433.7200012207031,94727800,-0.034,438.3664978027344,397.9981994628906,43.25,0.03084206969640486
TSLA,2025-10-27,439.9800109863281,460.1600036621094,438.6900024414063,452.4200134277344,105867500,0.0431,438.8269989013672,400.4353997802734,56.75,0.03231931596136476
TSLA,2025-10-28,454.7799987792969,467.0,451.6000061035156,460.5499877929688,80185700,0.018,439.61849822998045,402.9431994628906,57.5,0.03252834351114345
TSLA,2025-10-29,462.5,465.7000122070313,452.6499938964844,461.510009765625,67983500,0.0021,439.7209991455078,405.58719970703123,59.04,0.031708963949281646
TSLA,2025-10-30,451.0499877929688,455.05999755859375,439.6099853515625,440.1000061035156,72447900,-0.0464,439.9259994506836,407.91119995117185,59.3,0.031319929757264796
TSLA,2025-10-31,446.75,458.0,443.6900024414063,456.55999755859375,83135800,0.0374,441.2625,410.6402001953125,57.54,0.03212298570379653
TSLA,2025-11-03,455.989990234375,474.0700073242188,453.7999877929688,468.3699951171875,84595200,0.0259,442.01849975585935,413.20739990234375,63.76,0.030319588943193327
TSLA,2025-11-04,454.4599914550781,460.2200012207031,443.6000061035156,444.260009765625,87756600,-0.0515,442.5770004272461,415.1605999755859,52.84,0.030920051405962587
TSLA,2025-11-05,452.0499877929688,466.3299865722656,440.7099914550781,462.0700073242188,85573000,0.0401,443.7460006713867,417.3685998535156,59.7,0.03201598120675953
TSLA,2025-11-06,461.9599914550781,467.4500122070313,435.0899963378906,445.9100036621094,109622900,-0.035,444.2645004272461,419.2947998046875,51.86,0.03307229720030442
TSLA,2025-11-07,437.9200134277344,439.3599853515625,421.8800048828125,429.5199890136719,103471500,-0.0368,445.0660003662109,420.96559936523437,45.18,0.03205192990330405
TSLA,2025-11-10,439.6000061035156,449.6700134277344,433.3599853515625,445.2300109863281,76515900,0.0366,445.5325012207031,423.1927996826172,50.67,0.030770592591320905
TSLA,2025-11-11,439.3999938964844,442.489990234375,432.3599853515625,439.6199951171875,60533200,-0.0126,446.05150146484374,425.3979998779297,50.16,0.03069879947935562
TSLA,2025-11-12,442.1499938964844,442.3299865722656,426.55999755859375,430.6000061035156,58513500,-0.0205,445.8240020751953,427.3282000732422,45.35,0.030941151273106562
TSLA,2025-11-13,423.1300048828125,424.5,396.3399963378906,401.989990234375,118948000,-0.0664,444.4860015869141,428.59739990234374,42.48,0.034214285643649846
TSLA,2025-11-14,386.2999877929688,412.1900024414063,382.7799987792969,404.3500061035156,105506700,0.0059,442.73800201416014,429.66760009765625,37.65,0.03368163485218302
TSLA,2025-11-17,398.739990234375,423.9599914550781,398.739990234375,408.9200134277344,102214300,0.0113,440.8125030517578,430.9180004882812,36.48,0.03347092217999002
TSLA,2025-11-18,405.3800048828125,408.8999938964844,393.7099914550781,401.25,80688600,-0.0188,438.74500274658203,432.0036004638672,34.76,0.033604628440611864
TSLA,2025-11-19,406.1799926757813,411.7799987792969,398.5,403.989990234375,72047700,0.0068,436.9960021972656,433.1276000976562,39.92,0.03368148015249862
TSLA,2025-11-20,414.6300048828125,428.9400024414063,394.739990234375,395.2300109863281,113548800,-0.0217,434.3085021972656,433.65600036621095,32.1,0.033313532496095664
TSLA,2025-11-21,402.3200073242188,402.7999877929688,383.760009765625,391.0899963378906,100460600,-0.0105,432.177001953125,433.55900024414063,26.39,0.03267579983316159
TSLA,2025-11-24,402.1700134277344,421.7200012207031,401.0899963378906,417.7799987792969,96806400,0.0682,430.44500122070315,433.71380004882815,42.04,0.03500526990401063
TSLA,2025-11-25,414.4200134277344,420.4800109863281,405.9500122070313,419.3999938964844,71915600,0.0039,428.3875015258789,433.6694000244141,35.78,0.03469228641704242
TSLA,2025-11-26,423.9500122070313,426.9400024414063,416.8900146484375,426.5799865722656,63463000,0.0171,426.64100036621096,433.6838000488281,43.15,0.03499420252736611
TSLA,2025-11-28,426.5899963378906,432.9299926757813,426.2000122070313,430.1700134277344,36252900,0.0084,426.1445007324219,433.9502001953125,50.25,0.033562116801693645
TSLA,2025-12-01,425.3200073242188,433.6600036621094,425.2900085449219,430.1400146484375,57463600,-0.0001,424.82350158691406,434.0316003417969,43.3,0.03235256883968129
TSLA,2025-12-02,430.80999755859375,436.7999877929688,422.1199951171875,429.239990234375,69336600,-0.0021,422.86700134277345,433.9322003173828,45.19,0.03165797937163295
TSLA,2025-12-03,432.1000061035156,447.9200134277344,431.1099853515625,446.739990234375,87483000,0.0408,422.9910003662109,434.35,56.94,0.031073700167589695
TSLA,2025-12-04,449.9400024414063,454.6300048828125,445.3900146484375,454.5299987792969,71906500,0.0174,422.61399993896487,434.5847998046875,77.5,0.02995439472194181
TSLA,2025-12-05,453.0299987792969,458.8699951171875,451.6600036621094,455.0,56427500,0.001,423.06849975585936,435.21699951171877,77.04,0.02882653154738933
TSLA,2025-12-08,447.4500122070313,449.75,435.25,439.5799865722656,69165800,-0.0339,423.5714996337891,435.2005993652344,64.67,0.0286309254956392
TSLA,2025-12-09,437.5400085449219,452.3900146484375,435.7000122070313,445.1700134277344,62367400,0.0127,423.56849975585936,435.2397998046875,71.44,0.027569672029051678
TSLA,2025-12-10,446.0700073242188,456.8800048828125,443.6099853515625,451.4500122070313,63257500,0.0141,424.1600006103516,435.37440002441406,72.4,0.027556288803675645
TSLA,2025-12-11,448.9500122070313,449.2699890136719,440.3299865722656,446.8900146484375,55979500,-0.0101,424.97450103759763,435.12300048828126,75.38,0.027211684796676683
TSLA,2025-12-12,448.0899963378906,463.010009765625,441.6700134277344,458.9599914550781,95656700,0.027,427.8230010986328,435.5822003173828,80.94,0.022409986025970906
TSLA,2025-12-15,469.4400024414063,481.7699890136719,467.6600036621094,475.30999755859375,114542200,0.0356,431.3710006713867,436.4918005371094,78.95,0.023308355741416466
TSLA,2025-12-16,472.2099914550781,491.5,465.8299865722656,489.8800048828125,107608100,0.0307,435.41900024414065,437.22440063476563,81.38,0.023835088574797072
TSLA,2025-12-17,488.2200012207031,495.2799987792969,466.2000122070313,467.260009765625,106490400,-0.0462,438.71950073242186,437.9078009033203,65.92,0.026206256283968787
TSLA,2025-12-18,478.1600036621094,490.8599853515625,473.1199951171875,483.3699951171875,95168400,0.0345,442.6885009765625,438.80140075683596,68.96,0.02686567757528085
TSLA,2025-12-19,488.1199951171875,490.489990234375,474.7200012207031,481.2000122070313,103305400,-0.0045,446.9870010375977,439.7146008300781,67.93,0.026083671036432794
TSLA,2025-12-22,489.8800048828125,498.8299865722656,485.3299865722656,488.7300109863281,86916100,0.0156,451.8690017700195,441.2194012451172,69.96,0.02564269620030338
TSLA,2025-12-23,489.3999938964844,491.9700012207031,482.8399963378906,485.55999755859375,58223600,-0.0065,455.25800170898435,442.21260131835936,64.41,0.02215289217188014
TSLA,2025-12-24,488.4800109863281,490.8999938964844,476.7999877929688,485.3999938964844,41285400,-0.0003,458.55800170898436,443.33580139160154,62.15,0.022211338972411575
TSLA,2025-12-26,485.2300109863281,489.0899963378906,473.8200073242188,475.1900024414063,58780700,-0.021,460.9885025024414,444.1366015625,57.38,0.0229709307145953
TSLA,2025-12-29,469.0,469.3999938964844,459.0,459.6400146484375,66263000,-0.0327,462.4620025634766,444.75440185546876,57.32,0.024499967776563145
TSLA,2025-12-30,461.0899963378906,463.1199951171875,453.8299865722656,454.4299926757813,59238500,-0.0113,463.67650146484374,445.0568017578125,53.39,0.024716037836105334
TSLA,2025-12-31,456.1000061035156,456.5499877929688,449.2999877929688,449.7200012207031,49078000,-0.0104,464.7005020141602,445.10260192871095,49.36,0.024876047981098114
TSLA,2026-01-02,457.7999877929688,458.3399963378906,435.2999877929688,438.0700073242188,85535400,-0.0259,464.26700286865236,445.012001953125,46.9,0.02394229686031333
TSLA,2026-01-05,447.989990234375,457.5499877929688,444.5700073242188,451.6700134277344,67940800,0.031,464.1240036010742,445.2660021972656,47.46,0.024665917247980288
TSLA,2026-01-06,446.3800048828125,448.25,428.7799987792969,432.9599914550781,89093800,-0.0414,463.0220031738281,444.94560180664064,35.49,0.02633815523252592
TSLA,2026-01-07,435.8999938964844,438.3699951171875,431.2900085449219,431.4100036621094,59828800,-0.0036,462.61350402832034,444.89940185546874,28.01,0.02526533458276277
TSLA,2026-01-08,427.8900146484375,436.8900146484375,424.3699951171875,435.7999877929688,57041100,0.0102,462.145002746582,444.56700134277344,36.29,0.025201992402439782
TSLA,2026-01-09,435.9500122070313,449.0499877929688,430.3900146484375,445.010009765625,67331500,0.0211,461.82300262451173,444.2562017822266,32.21,0.02546644644894224
TSLA,2026-01-12,441.2300109863281,454.2999877929688,438.0,448.9599914550781,61649600,0.0089,461.92650146484374,444.0052014160156,35.29,0.025440320256176867
TSLA,2026-01-13,450.2000122070313,451.80999755859375,443.9500122070313,447.2000122070313,53719200,-0.0039,461.33850250244143,444.14720153808594,30.0,0.024675610694730447
TSLA,2026-01-14,442.80999755859375,443.9100036621094,434.2200012207031,439.2000122070313,57259500,-0.0179,459.53300323486326,443.8000018310547,28.67,0.0233635253287999
TSLA,2026-01-15,441.1300048828125,445.3599853515625,437.6499938964844,438.5700073242188,49465800,-0.0014,456.9675033569336,443.2040020751953,28.54,0.021936421888338095
TSLA,2026-01-16,439.5,447.25,435.260009765625,437.5,60220600,-0.0024,455.47950286865233,443.0688018798828,31.15,0.019710122299281464
TSLA,2026-01-20,429.3599853515625,430.7300109863281,417.4400024414063,419.25,63187300,-0.0417,452.273503112793,442.21240173339845,30.33,0.019423167799522863
TSLA,2026-01-21,421.6600036621094,438.2000122070313,419.6199951171875,431.4400024414063,68124000,0.0291,449.7855026245117,441.9230017089844,39.52,0.021028874259731063
TSLA,2026-01-22,435.1600036621094,449.5,432.6300048828125,449.3599853515625,71546700,0.0415,447.81700134277344,442.3198016357422,49.85,0.023076602413426663
TSLA,2026-01-23,447.4299926757813,452.4299926757813,444.0400085449219,449.05999755859375,56771400,-0.0007,445.99200134277345,442.3964013671875,54.93,0.023079049510666385
TSLA,2026-01-26,445.0,445.0400085449219,434.2799987792969,435.2000122070313,49397400,-0.0309,443.4820022583008,442.30800170898436,42.63,0.023847478074763305
TSLA,2026-01-27,437.4100036621094,437.5199890136719,430.6900024414063,430.8999938964844,37733100,-0.0099,441.2675018310547,442.3140014648437,48.94,0.023587424727238848
TSLA,2026-01-28,431.9100036621094,438.260009765625,430.1000061035156,431.4599914550781,54857400,0.0013,439.8585006713867,442.9034014892578,50.03,0.022663889084202943
TSLA,2026-01-29,437.7999877929688,440.2300109863281,414.6199951171875,416.55999755859375,81686100,-0.0345,437.96500091552736,443.14760131835936,41.0,0.02368630239299989
TSLA,2026-01-30,425.3500061035156,439.8800048828125,422.7000122070313,430.4100036621094,82626100,0.0332,436.99950103759767,443.57740112304685,43.46,0.025041176090591286
TSLA,2026-02-02,421.2900085449219,427.1499938964844,414.5,421.80999755859375,58739500,-0.02,436.1865005493164,443.98860107421876,38.32,0.024776856773589102
TSLA,2026-02-03,424.2699890136719,428.55999755859375,413.6900024414063,421.9599914550781,56886500,0.0004,434.7009994506836,444.34800109863284,38.99,0.023573381509437174
TSLA,2026-02-04,420.4599914550781,423.8999938964844,399.1799926757813,406.010009765625,74606900,-0.0378,433.35350036621094,444.56360107421875,36.46,0.023277671704876345
TSLA,2026-02-05,397.0199890136719,402.1000061035156,387.5299987792969,397.2099914550781,72819800,-0.0217,431.64349975585935,444.6860009765625,34.18,0.023653095379941973
TSLA,2026-02-06,400.8699951171875,414.5499877929688,397.75,411.1099853515625,62677100,0.035,430.40899963378905,444.5526007080078,40.81,0.025038208171134238
TSLA,2026-02-09,409.9100036621094,421.25,407.2900085449219,417.3200073242188,54484300,0.0151,429.0244995117188,444.5110009765625,49.27,0.02477365483097339
TSLA,2026-02-10,418.0799865722656,427.25,417.0,425.2099914550781,64450200,0.0189,427.8369995117188,444.48360107421877,47.55,0.025123113178694124
TSLA,2026-02-11,427.9599914550781,436.3500061035156,420.0299987792969,428.2699890136719,57362000,0.0072,426.89049835205077,444.4456005859375,40.61,0.025211033507698898
TSLA,2026-02-12,430.2999877929688,436.2300109863281,414.0,417.0700073242188,61933400,-0.0262,425.7839981079102,444.18420043945315,37.02,0.025554933090563135
TSLA,2026-02-13,414.30999755859375,424.05999755859375,410.8800048828125,417.4400024414063,51434100,0.0009,424.72749786376954,443.94820068359377,41.91,0.025564251355524217
TSLA,2026-02-17,412.3599853515625,413.7200012207031,400.510009765625,410.6300048828125,59678800,-0.0163,423.38399810791014,443.2260009765625,40.97,0.025759320745376006
TSLA,2026-02-18,411.1099853515625,416.8999938964844,409.5799865722656,411.3200073242188,45921400,0.0017,422.9874984741211,442.36180114746094,41.04,0.024088592517490202
TSLA,2026-02-19,407.25,415.25,404.1099853515625,411.7099914550781,51019600,0.0009,422.00099792480466,441.4960009765625,47.52,0.023056623092314567
TSLA,2026-02-20,408.2999877929688,414.7000122070313,405.5,411.8200073242188,57843900,0.0003,420.1239990234375,440.94080139160155,38.95,0.020674023237921207
V,2025-02-21,347.88638017189214,350.6953745187834,344.89876051321,345.9409484863281,6924100,,345.9409484863281,345.9409484863281,,
V,2025-02-24,346.16924295568987,348.19406698825713,344.77961863534074,347.26104736328125,5055900,0.0038,346.6009979248047,346.6009979248047,,
V,2025-02-25,348.75983463042496,349.97077304262325,343.42973065153546,349.4744873046875,6191900,0.0064,347.55882771809894,347.55882771809894,,0.0018384776310850237
V,2025-02-26,347.4000047347809,349.21639714583705,346.39749788518003,348.0253295898437,5960600,-0.0041,347.67545318603516,347.67545318603516,,0.005468394036034102
V,2025-02-27,349.28591060328654,357.63344069207915,349.06754365801817,353.0973815917969,7298100,0.0146,348.7598388671875,348.7598388671875,,0.007708166664864825
V,2025-02-28,352.0750524548494,361.296050804352,351.0824808867056,360.015625,15857300,0.0196,350.63580322265625,350.63580322265625,,0.009283210651493371
V,2025-03-03,360.3034904004836,363.8172023420342,356.8692011497384,359.1322631835937,9099600,-0.0025,351.8495832170759,351.8495832170759,,0.00935564001017568
V,2025-03-04,357.43493339733703,357.59374848338234,347.7970719377436,349.6134948730469,8955800,-0.0265,351.57007217407227,351.57007217407227,,0.0150542827318816
V,2025-03-05,348.2238562418129,351.47948964577205,346.3479118029868,350.06011962890625,8244200,0.0013,351.40229966905383,351.40229966905383,,0.01393800047147571
V,2025-03-06,343.3900407238917,346.2784275336947,337.8614402796064,341.6034240722656,8611100,-0.0242,350.422412109375,350.422412109375,,0.015614131775770021
V,2025-03-07,338.3378360507605,343.81685001477626,336.6207067739353,342.7547912597656,6358700,0.0034,349.72535566850144,349.72535566850144,,0.014795629985460796
V,2025-03-10,337.41476025635785,342.44710506283326,335.13185790834467,338.9433288574219,8204300,-0.0111,348.8268534342448,348.8268534342448,,0.014374516592662421
V,2025-03-11,335.89611111863024,337.0871786950584,327.1316881716332,329.6726989746094,9776100,-0.0274,347.35345693734973,347.35345693734973,,0.015577224535918591
V,2025-03-12,333.47424630087136,333.662837308143,326.66519009566895,330.36749267578125,6295400,0.0021,346.14017377580916,346.14017377580916,34.79,0.01500635335535056
V,2025-03-13,328.5312520376789,333.7025716918127,325.26571340391433,326.109375,7915300,-0.0129,344.80478719075523,344.80478719075523,32.12,0.014638067562968204
V,2025-03-14,324.7793056180254,330.2980006257416,323.95548461728515,329.335205078125,7810600,0.0099,343.8379383087158,343.8379383087158,34.38,0.014561861471797123
V,2025-03-17,327.5783764672847,333.61319796124707,327.31039306247374,332.0647888183594,6149400,0.0083,343.14540010340073,343.14540010340073,34.96,0.014357528512944001
V,2025-03-18,332.79929864348503,333.30548949840875,329.8314893326802,332.2831420898437,7778300,0.0007,342.5419413248698,342.5419413248698,36.11,0.013922677755459002
V,2025-03-19,334.29807405874635,338.49666247094683,332.015171691123,337.34527587890625,5614900,0.0152,342.2684326171875,342.2684326171875,36.1,0.014120739857303761
V,2025-03-20,336.4817720618269,339.6976943495128,335.15172975406944,336.9780578613281,5432700,-0.0011,342.00391387939453,342.00391387939453,27.01,0.01372296917729307
V,2025-03-21,334.8638537841396,336.90854872216164,333.02759038693904,333.16656494140625,17279700,-0.0113,341.3651947021484,341.58308773949034,25.51,0.013543221260293399
V,2025-03-24,336.1343574479224,342.65555995835115,335.14178587400806,341.3155822753906,5675100,0.0245,341.0679214477539,341.57092840021306,41.97,0.014731722842041823
V,2025-03-25,342.00044568976176,342.9632412903848,338.1393581697173,342.0599975585937,3931200,0.0022,340.6971969604492,341.5921922766644,42.3,0.014654091399225065
V,2025-03-26,343.4198125365693,344.799501497126,340.4520333673521,341.6232604980469,6187100,-0.0013,340.37709350585936,341.5934867858887,50.02,0.014635928215758716
V,2025-03-27,341.4445929646102,348.23377832935,340.76965162042114,347.26104736328125,7254800,0.0165,340.0852767944336,341.8201892089844,54.65,0.014747063936148174
V,2025-03-28,346.5960616066312,349.0080032008069,339.07235230257794,340.3031616210937,5687600,-0.02,339.09965362548826,341.7618419940655,51.32,0.014530653623868475
V,2025-03-31,336.82917267295846,349.246222575678,332.0052590294127,347.85662841796875,9950800,0.0222,338.535871887207,341.98757482458046,68.24,0.015562467501551356
V,2025-04-01,347.8367746283876,347.8467100369184,340.0252414163327,343.77716064453125,7473300,-0.0117,338.2440551757812,342.0514886038644,62.6,0.014634072534580675
V,2025-04-02,340.8887473923372,345.61339727308604,340.501629980197,343.7572631835937,5682500,-0.0001,337.9289123535156,342.1103084169585,68.01,0.014627172803058232
V,2025-04-03,331.4195976476345,342.179068418752,328.5411465307668,336.86883544921875,8792900,-0.02,337.69218292236326,341.9355926513672,57.15,0.014300109495348188
V,2025-04-04,327.548601237895,332.16405274261683,309.8014176333739,310.8039245605469,13201700,-0.0774,336.09463958740236,340.9313452935988,36.01,0.022292299236802784
V,2025-04-07,299.8261105791199,319.7867109219751,296.77890849631945,309.9999694824219,12163400,-0.0026,334.64747161865233,339.9647397994995,35.45,0.022243530106054375
V,2025-04-08,319.8462363061084,323.8562337207618,301.6722542325901,305.9800109863281,9569300,-0.013,333.4628372192383,338.9348995324337,29.24,0.02167928674297682
V,2025-04-09,303.36957174968546,331.54866125033834,303.36957174968546,329.9605407714844,11361800,0.0784,333.44248962402344,338.6709478041705,46.46,0.028389654805932387
V,2025-04-10,325.58331156384054,327.70742923767034,310.9428810827381,322.1986389160156,8709800,-0.0235,333.24695281982423,338.2003104073661,44.68,0.028746248725520233
V,2025-04-11,322.019972067207,334.4767628604182,320.144027639236,330.92333984375,6804500,0.0271,333.3263595581055,337.99817233615454,44.99,0.029316107930803605
V,2025-04-14,333.9109984216604,337.0872092038152,330.66530036126704,332.69012451171875,5011800,0.0053,333.3576263427734,337.85471158414276,45.53,0.029282588234037822
V,2025-04-15,334.21870397872834,336.86888342808714,332.51147964770786,333.3154602050781,4386200,0.0019,333.4092422485352,337.7352576004831,46.04,0.029284238171124716
V,2025-04-16,332.51146424051313,334.7149742599511,326.4170604757067,328.86871337890625,5850600,-0.0133,332.9854141235352,337.5079103127504,41.13,0.029227967860649462
V,2025-04-17,328.610675317875,331.8365329043558,326.0002072551973,327.1614990234375,5655900,-0.0052,332.4945861816406,337.2492500305176,43.33,0.029244113667719975
V,2025-04-21,326.55601758292966,326.70489724705635,314.29775372186907,317.7221374511719,6362300,-0.0289,331.7223648071289,336.772978991997,34.98,0.029827300723013015
V,2025-04-22,321.45420402020414,330.0895885242249,319.99515293739404,328.9382019042969,5435500,0.0353,331.1034957885742,336.586436680385,43.1,0.030423077718974074
V,2025-04-23,334.7348143715311,338.7150359152207,330.7248471843416,331.8861389160156,8906000,0.009,330.5948028564453,336.47712743005087,44.62,0.030503378156318497
V,2025-04-24,330.8042146303982,334.26827932908634,328.7892957803454,333.2161560058594,8055200,0.004,330.17444763183596,336.4030144431374,48.26,0.030524244031330416
V,2025-04-25,332.2732178646197,333.8712433093349,329.7024615247241,332.68017578125,4452800,-0.0016,329.4454040527344,336.3202846950955,63.79,0.030251428413425895
V,2025-04-28,334.27821953702613,336.81920008518114,332.5312840510905,335.0028076171875,5422900,0.007,329.1803863525391,336.291643889054,65.47,0.029993376023101464
V,2025-04-29,335.9854769850612,339.7274609052591,333.96062249755994,338.9830322265625,5519500,0.0119,328.73670654296876,336.3489074707031,70.43,0.029672423845080557
V,2025-04-30,331.955603182332,343.9458531517072,330.76450530796507,342.9334411621094,9526700,0.0117,328.6945205688477,336.48608525594074,60.68,0.029684250653201693
V,2025-05-01,343.01285133188384,343.1518258838107,337.5934193334326,339.9061279296875,5849900,-0.0088,328.50196380615233,336.5558820452009,65.8,0.02975408463776997
V,2025-05-02,344.6406707739598,347.4893460773067,343.5488360869076,345.0178527832031,6113700,0.015,328.90941467285154,336.7251214599609,63.45,0.02955281222703375
V,2025-05-05,344.4223389642861,348.4422417551538,343.54887112555906,346.0501708984375,3865300,0.003,330.6717269897461,336.7273059082031,62.93,0.022975210324906365
V,2025-05-06,343.82679572959023,347.05265342534733,343.19156565768407,345.1171569824219,3438500,-0.0027,332.4275863647461,336.68442810058593,61.35,0.0229771076004838
V,2025-05-07,346.1096780367608,348.5414599239066,344.63072597288647,347.2511291503906,5454000,0.0062,334.4911422729492,336.6399609375,68.51,0.022554983111452216
V,2025-05-08,349.38517160328274,352.69042140438404,348.3429836338857,348.6605834960937,4156400,0.0041,335.4261444091797,336.652666015625,71.77,0.014937267945786155
V,2025-05-09,349.21642550515,351.1717926165132,348.06506919478625,349.9211730957031,3086600,0.0036,336.81227111816406,336.5891418457031,89.08,0.013586917081864954
V,2025-05-12,356.4721421949445,359.2017138134001,348.5216348059256,353.2065734863281,7985400,0.0094,337.92643280029296,336.45296081542966,86.48,0.012556209409564742
V,2025-05-13,353.46507058705555,356.7957135338314,352.5305013938424,354.0815124511719,5406200,0.0025,338.9960021972656,336.35194580078127,85.58,0.012548871830189611
V,2025-05-14,354.60843571646035,356.3383686851556,353.15685277328083,354.3996276855469,6207600,0.0009,340.0502105712891,336.4476684570312,85.1,0.01255633515925642
V,2025-05-15,354.8271984768698,361.6276597914196,354.6183904264411,360.2059020996094,5826100,0.0164,341.61707000732423,336.6505841064453,88.83,0.012260608725336172
V,2025-05-16,360.8521422236704,364.0734051456595,358.80405155830886,363.0095825195313,5838100,0.0078,343.4094741821289,337.0787072753906,88.98,0.0120543462351923
V,2025-05-19,360.9217005235553,367.01627342168587,360.22576479180896,365.77349853515625,5081500,0.0076,345.8120422363281,337.5390814208984,88.59,0.008975421116055019
V,2025-05-20,365.6542041700548,366.1214887501993,362.58206823126,364.7196350097656,5281400,-0.0029,347.6011138916016,338.05460754394534,84.24,0.006339307201064933
V,2025-05-21,361.6176895057481,363.8745579198372,356.01027429871647,356.22900390625,6125500,-0.0233,348.8182571411133,338.58573364257813,71.89,0.008913378472244613
V,2025-05-22,355.69213173413715,357.9191746673327,354.4990556821056,355.9009094238281,4936600,-0.0009,349.9524948120117,339.0964019775391,66.75,0.008968686754774255
V,2025-05-23,351.7052986849405,353.9422935175656,350.1841434124028,351.4965209960937,5345900,-0.0124,350.89331207275393,339.6041448974609,57.59,0.00958598071747432
V,2025-05-27,353.3557058501838,357.91917164775055,352.4310886053113,357.22320556640625,6316000,0.0163,352.0043319702148,340.1619049072266,64.89,0.010016097569728231
V,2025-05-28,357.2629964880913,358.8239291058765,355.9705226776412,357.6507568359375,3299000,0.0012,352.9377182006836,340.67362426757813,63.35,0.009814611824374814
V,2025-05-29,358.2671591242516,360.9416131728053,356.64657577796976,360.3052978515625,4590400,0.0074,353.8063110351562,341.2340673828125,64.48,0.009653665788595271
V,2025-05-30,359.2613920730208,364.9185061271794,359.2613920730208,363.0791931152344,8726900,0.0077,354.96496429443357,341.7487457275391,65.77,0.009335133128473092
V,2025-06-02,360.673186316356,363.3476406017799,357.879430482929,363.2084655761719,3845700,0.0004,355.874494934082,342.27335388183593,62.97,0.008938166243110142
V,2025-06-03,362.4726999567976,364.759424071339,359.4105158276682,363.7453002929688,5221300,0.0015,356.7592514038086,342.8849285888672,62.64,0.00894105845612193
V,2025-06-04,364.590403043131,367.5233641421073,364.19272111645273,365.8729553222656,4202300,0.0058,357.79704132080076,343.3760760498047,64.33,0.008880687206695093
V,2025-06-05,367.8613656369081,368.8555855440349,363.814883333018,364.6500244140625,6881900,-0.0033,358.6669860839844,343.82787658691404,56.27,0.008952324014643232
V,2025-06-06,366.8771110066502,368.85559898474776,365.4255280436987,368.0801086425781,5008500,0.0094,359.6379623413086,344.35701354980466,57.03,0.00908002289586726
V,2025-06-09,367.6526239175377,367.6526239175377,359.95734045158093,364.5407104492188,4999900,-0.0096,360.3689392089844,344.7026068115234,48.33,0.009486027120260398
V,2025-06-10,364.8787468414267,369.2930861514898,364.5605891535765,368.557373046875,4109300,0.011,361.13647918701173,345.26769104003904,54.82,0.009557354566813427
V,2025-06-11,367.8613865449288,373.3395482537367,367.2449750220648,371.1522521972656,5562700,0.007,361.9900161743164,345.733603515625,72.0,0.009618184531615647
V,2025-06-12,370.07848489023866,372.0072739266105,367.4139524946883,369.2532653808594,4874000,-0.0051,362.73269805908205,346.24312561035157,68.81,0.009759961173348137
V,2025-06-13,359.42046478823045,360.9117947171911,343.0058836609573,350.8105163574219,14181700,-0.0499,362.26292877197267,346.38419067382813,49.31,0.014671141562156714
V,2025-06-16,354.4294650172824,358.137916403319,352.2819462555537,353.4253234863281,7234700,0.0075,361.7837158203125,346.7153204345703,45.91,0.014661589631629845
V,2025-06-17,351.44677443191466,357.5214736546947,351.2777740439734,355.7716369628906,5559600,0.0066,361.2836227416992,347.6146746826172,48.06,0.014631566452096142
V,2025-06-18,355.7816217156728,356.4079851502761,336.0861265714273,338.41259765625,15008600,-0.0488,359.96827087402346,348.18292724609375,32.63,0.01809006342545106
V,2025-06-20,336.99087607586944,338.0347949237182,332.98417074968575,336.6130676269531,19332100,-0.0053,358.9874740600586,348.79558837890625,28.68,0.01749504817159175
V,2025-06-23,335.5492476029829,342.3099314182129,333.690061070854,341.7631225585937,7553300,0.0153,358.28058471679685,349.0316400146484,34.02,0.01795064212309908
V,2025-06-24,349.4881847257173,352.5106218590836,345.90901719070337,349.5975646972656,10172000,0.0229,358.18563690185545,349.5796185302734,40.49,0.01858451534278782
V,2025-06-25,348.42440848490133,349.2595496376034,343.264404296875,343.264404296875,6836300,-0.0181,357.4876968383789,349.8264398193359,35.61,0.018578669149549466
V,2025-06-26,341.79297311297563,344.904886774484,340.0530879972866,344.02996826171875,8829500,0.0022,356.806657409668,350.05323669433596,36.8,0.01858856751084556
V,2025-06-27,344.5866878502373,349.9753733140441,343.6620705812496,346.5950012207031,6601900,0.0075,356.121142578125,350.31882751464843,36.1,0.018591177166092862
V,2025-06-30,347.33073684929604,353.5545329474738,347.04240457552913,352.9977722167969,7080100,0.0185,355.6170715332031,350.80140869140627,42.8,0.0190321853434483
V,2025-07-01,351.7748874939299,354.9364994508519,349.3887658347658,353.41534423828125,6653400,0.0012,355.1274154663086,351.3264855957031,40.11,0.019036620526044833
V,2025-07-02,352.5503853237964,354.30019172926967,347.9769676803324,352.1725769042969,5131400,-0.0035,354.548779296875,352.01549438476565,37.38,0.01903233467438755
V,2025-07-03,352.5404582199922,356.9249719621972,351.56611171910697,356.7857666015625,3702800,0.0131,354.0944198608398,352.57244567871095,42.0,0.019247176142844543
V,2025-07-07,356.8454335264291,357.58114657143045,352.44101614142653,354.57861328125,5138000,-0.0062,353.5908493041992,353.02629516601564,53.06,0.019275762664958018
V,2025-07-08,354.6183647363144,356.20912272568273,351.2081975872736,352.50067138671875,6966800,-0.0059,352.81187744140624,353.4119854736328,49.24,0.01913540669736821
V,2025-07-09,353.01771486982267,355.6921691894531,351.7053371426281,355.6921691894531,7297100,0.0091,352.369450378418,353.8722253417969,49.94,0.019200232317673434
V,2025-07-10,354.767488787687,355.55293103791666,351.4070508681062,353.822998046875,6121300,-0.0053,351.63273162841796,354.2486291503906,66.58,0.019007018094433042
V,2025-07-11,350.47252066482696,351.7649945975195,342.3994586873844,345.9189758300781,7580200,-0.0223,350.3710678100586,354.3873480224609,58.85,0.01941301448974237
V,2025-07-14,345.382081112289,349.9355951083556,343.015832789593,348.4740905761719,5598900,0.0074,349.33210906982424,354.4981610107422,56.71,0.019553570141106143
V,2025-07-15,346.10786928409664,348.1857854896148,344.7557446176338,345.01422119140625,4891700,-0.0099,349.04229431152345,354.6003228759766,44.97,0.016235925078599448
V,2025-07-16,345.2826639034013,348.64313227631465,343.8012555074003,347.8775634765625,5544200,0.0083,348.76490631103513,354.65751708984374,55.47,0.016258160703895262
V,2025-07-17,347.97702069360685,349.3390973200174,346.46581712656524,347.7881164550781,4747100,-0.0003,348.36573028564453,354.69227600097656,54.53,0.016168959052521133
V,2025-07-18,347.4798818290788,347.4798818290788,345.15341072472773,347.032470703125,4927600,-0.0022,348.7967239379883,354.73058227539065,50.55,0.011643289235028309
V,2025-07-21,347.04245200721493,351.6059184454977,346.3862631261223,348.9115905761719,5216300,0.0054,349.4116500854492,354.76379150390625,44.18,0.011568441645496724
V,2025-07-22,349.07064634589125,352.4311147839002,348.1758544185435,349.82623291015625,4614200,0.0026,349.81480560302737,354.7871044921875,44.96,0.011132213805462332
V,2025-07-23,350.95964746352973,353.7235777511532,349.179985231568,353.2364196777344,4385600,0.0097,349.99674835205076,354.8534094238281,51.41,0.010125282322249735
V,2025-07-24,352.7691347853894,355.11547933584245,351.8146617746286,351.9240417480469,5887200,-0.0037,350.4297302246094,354.8277587890625,42.95,0.009197669899433616
V,2025-07-25,351.9538507970478,355.5827474277071,350.96958278789594,354.9762878417969,3915400,0.0087,350.97704620361327,354.845654296875,50.56,0.00934535629125643
V,2025-07-28,354.32008797586263,356.24887698280617,352.6796312315113,353.41534423828125,3921000,-0.0044,351.3180633544922,354.8259686279297,51.31,0.009329425717080668
V,2025-07-29,354.23065199777454,356.2489173824306,348.78231547952714,349.2595520019531,7402300,-0.0118,351.13115234375,354.60704162597654,41.01,0.008784915300792893
V,2025-07-30,349.66718668152214,354.5587320980825,345.2230220609473,348.8817443847656,12129700,-0.0011,350.9044723510742,354.32448486328127,42.8,0.008776540200713301
V,2025-07-31,346.9131676575012,350.78069791357024,343.09536660475925,343.4731750488281,8641700,-0.0155,350.4695022583008,353.8784783935547,46.15,0.009373999595746335
V,2025-08-01,342.111094619033,344.1691372200112,336.145774853544,337.3885498046875,8658700,-0.0177,349.49964141845703,353.3318566894531,34.31,0.00942831541575414
V,2025-08-04,339.7249824907629,342.3894847802844,338.0347963724263,340.17236328125,7335300,0.0083,348.77932891845705,353.01072387695314,43.01,0.009702962108769175
V,2025-08-05,340.17236435347024,340.4805701238393,333.6105063349677,335.4796447753906,7295600,-0.0138,347.92827758789065,352.60229858398435,33.01,0.010024279735249119
V,2025-08-06,336.3445964814589,339.4565097752272,333.49119008351096,337.7762756347656,5944100,0.0068,347.03248291015626,352.3278936767578,37.06,0.009897495696014797
V,2025-08-07,339.4565124616352,340.1723520439536,326.80011183390815,330.1705017089844,8797100,-0.0225,345.84985809326173,351.7868395996094,31.48,0.010851242955726793
V,2025-08-08,331.751286289915,335.42991202689075,330.8067955971987,334.8333740234375,6073900,0.0141,345.2955780029297,351.3304919433594,35.43,0.010563173366888721
V,2025-08-11,334.78371569509886,335.9071588225032,332.5765460539444,333.95849609375,5715800,-0.0026,344.5697982788086,350.8035559082031,33.57,0.0103502656970727
V,2025-08-12,333.84894997860204,337.2850261197865,333.46050732909305,335.3827209472656,5682800,0.0043,344.0882232666016,350.24962646484374,30.72,0.01027234919065433
V,2025-08-13,335.62175495109443,342.0955555803865,335.42254892774906,341.1692810058594,5693400,0.0173,343.75280914306643,349.8088427734375,39.41,0.010896431091247978
V,2025-08-14,341.55773293031257,344.6850608988738,340.29286279189733,344.0974426269531,6224000,0.0086,343.56827545166016,349.4158856201172,39.26,0.011102862362092883
V,2025-08-15,344.8543977666452,346.9558785686944,341.4780469796213,343.0815734863281,4946600,-0.003,343.3707305908203,348.9600579833984,39.69,0.01111084226282929
V,2025-08-18,342.45409285637004,344.3364894908787,339.5757572803942,341.3585205078125,3999600,-0.005,342.99307708740236,348.4942279052734,41.71,0.011062705246386206
V,2025-08-19,341.17927471045255,344.9440378209097,340.51199223443484,341.0697326660156,4457200,-0.0008,342.5552520751953,347.9540203857422,41.79,0.011029981867618815
V,2025-08-20,342.01586914906005,346.039593838693,341.4680981636876,342.5437316894531,5834400,0.0043,342.02061767578124,347.5140808105469,48.94,0.010812949108409438
V,2025-08-21,341.50792422632094,343.13132863657773,338.35068820536213,342.3046875,6073600,-0.0007,341.5396499633789,346.98902709960936,56.5,0.01080126089130825
V,2025-08-22,343.82854031012994,349.7844479666891,343.82854031012994,348.6291198730469,4973200,0.0185,341.22229156494143,346.538564453125,60.23,0.011480889155003348
V,2025-08-25,348.20082587581777,349.3063676468326,346.0993451607829,347.4140319824219,8019800,-0.0035,340.92222595214844,346.1017797851562,65.76,0.011467936996137022
V,2025-08-26,347.28454198788506,351.97554893901935,346.0495497667165,349.7644958496094,5876200,0.0068,340.9474731445313,346.080859375,65.81,0.011280742790026577
V,2025-08-27,349.2964005858572,352.00543842090394,348.4299121185624,348.9378662109375,5531100,-0.0024,340.95027923583984,345.99111022949216,80.14,0.011292003458433003
V,2025-08-28,349.1868671034665,349.62509605771004,347.1949283640224,348.4498291015625,4987100,-0.0014,341.19911193847656,345.8446740722656,75.25,0.01069267334009108
V,2025-08-29,349.0474346520695,351.20870166850244,347.5933278083949,350.36212158203125,3671900,0.0055,341.84779052734376,346.08366455078124,79.3,0.00980383383655275
V,2025-09-02,347.90205015208494,348.7585995956409,344.6850582193853,348.65899658203125,4940300,-0.0049,342.2721221923828,346.3245831298828,73.48,0.009797454019445954
V,2025-09-03,347.9319176719724,349.47568835059127,345.8603148655181,349.45574951171875,4176400,0.0023,342.9709274291992,346.47843566894534,67.79,0.009132030096545363
V,2025-09-04,349.3163554918516,351.20869125607726,347.7427068329104,349.5752868652344,4324000,0.0003,343.56087799072264,346.47799011230467,63.38,0.00907085558547987
V,2025-09-05,349.9637226051439,351.19871489948525,338.8287923269697,341.83660888671875,5448300,-0.0221,344.14418334960936,346.4494342041016,47.71,0.00901481821050324
V,2025-09-08,340.9601353694522,342.99192130469794,339.625540120141,340.9202880859375,4711600,-0.0027,344.4485290527344,346.3872406005859,49.17,0.008578577970736164
V,2025-09-09,340.3127677727729,344.9241107011969,339.91438611386513,342.6034851074219,4646200,0.0049,344.88077850341796,346.30741027832033,52.76,0.008579613228922067
V,2025-09-10,341.2290645499819,341.2290645499819,335.0839503188202,336.7571716308594,6557900,-0.0171,344.94950103759766,345.98259826660154,41.0,0.00947542388997646
V,2025-09-11,337.3647058719823,342.14534655170456,336.5081564334102,342.1054992675781,5157600,0.0159,344.9963119506836,345.7564013671875,49.73,0.009347100591824399
V,2025-09-12,339.8446834033817,341.8067443574847,337.80295827006614,338.0618896484375,3518300,-0.0118,344.6945343017578,345.4741876220703,34.9,0.009491296567188046
V,2025-09-15,339.2370898085397,341.3286314243895,337.02606713399587,337.6833801269531,4367500,-0.0011,344.42462463378905,345.09213989257813,35.75,0.009478091080292255
V,2025-09-16,334.88472202680003,339.16740843668805,332.1258978898668,338.6594543457031,5527700,0.0029,344.28967132568357,344.7737567138672,33.06,0.009456241325177769
V,2025-09-17,338.5698181836777,344.8045959472656,338.15149768935095,344.8045959472656,5763500,0.0181,344.4764144897461,344.6198352050781,44.58,0.010314828365538911
V,2025-09-18,343.3405428681916,343.8783444611386,336.8169250488281,336.8169250488281,7526600,-0.0232,344.19007415771483,344.2423303222656,37.24,0.011552865900992514
V,2025-09-19,339.07779550115055,341.308757238212,336.8866506561266,340.23309326171875,13674300,0.0101,344.0864944458008,343.9705322265625,39.25,0.011806665155972831
V,2025-09-22,337.6435732483086,343.4699695296953,337.2949779029044,342.97198486328125,5621800,0.0081,343.8036376953125,343.9115924072266,44.09,0.011148295833893169
V,2025-09-23,343.2010826702708,343.8683955239399,336.26914434314534,337.3348388671875,10142700,-0.0164,343.29967803955077,343.68880737304687,38.56,0.011675566029330781
V,2025-09-24,337.7630787207541,338.5299641513985,336.5579643598641,337.3148803710937,5207400,-0.0001,342.677197265625,343.5348205566406,38.41,0.011521123620276104
V,2025-09-25,336.986245742455,338.82879517404456,333.16172697127865,333.5800170898437,5398700,-0.0111,341.9093048095703,343.2488696289063,41.55,0.011709460862234875
V,2025-09-26,335.870772959751,338.13161256415685,334.8748035560274,336.0101928710937,9619200,0.0073,341.2873229980468,343.01331115722655,45.13,0.011900396941632696
V,2025-09-29,336.020146830516,339.2670166635244,334.19750588460323,338.7889404296875,7217800,0.0083,340.70866394042963,342.8484405517578,46.3,0.01200623850995367
V,2025-09-30,338.4503185350138,344.21695930197603,337.1456010921614,340.0040283203125,8164400,0.0036,340.2759155273437,342.6702893066406,53.47,0.012034244996325225
V,2025-10-01,338.9383303898218,347.9518409378596,338.9383303898218,346.4280090332031,8381000,0.0189,340.12452850341793,342.6023248291016,54.51,0.012833525175143905
V,2025-10-02,344.8245038053001,345.78062585482786,342.17522173126287,344.5556030273437,5198000,-0.0054,339.8735443115234,342.42870849609375,57.1,0.012881299174425395
V,2025-10-03,344.7149548323991,351.7365573470426,344.6054127876714,348.429931640625,5199700,0.0112,340.2032104492187,342.3588262939453,60.91,0.012089952331106222
V,2025-10-06,348.59923040877214,349.70474176137265,342.96204042656746,347.8721618652344,4735600,-0.0016,340.55080413818354,342.21674377441406,59.43,0.012074630865012623
V,2025-10-07,348.649038694597,353.0113894416703,348.649038694597,350.9995422363281,5044600,0.009,340.97060699462884,342.168427734375,56.76,0.012177356034870612
V,2025-10-08,352.3540458932983,353.56912975217324,349.6848552507119,349.9437866210937,3927500,-0.003,341.6299377441406,342.18211242675784,66.88,0.011443282331844981
V,2025-10-09,350.053372578839,351.4477236851982,344.1870981171116,345.6412353515625,4434800,-0.0123,341.8067245483398,342.11730224609374,56.8,0.01137563763395033
V,2025-10-10,346.22883102731305,348.9876551929239,341.8664803982835,342.2648620605469,6296200,-0.0098,342.01687316894527,342.09313598632815,49.12,0.011269421831711347
V,2025-10-13,342.334610813895,346.258732766631,339.3566719695248,341.9162902832031,4030700,-0.001,342.22851867675774,342.1836907958984,56.52,0.011268615008532594
V,2025-10-14,339.6255410523528,348.5992344292952,338.84868619182816,346.9757995605469,5731000,0.0148,342.64433593749993,342.3197595214844,62.03,0.011697992405356964
V,2025-10-15,346.9758214716365,348.66895120043125,342.61347067376323,344.2966613769531,3778200,-0.0077,342.61893920898433,342.4960998535156,63.7,0.011154903335352231
V,2025-10-16,343.60940702088106,344.2966282664885,332.8230729219237,334.048095703125,6241500,-0.0298,342.4804977416992,342.4215362548828,47.91,0.011946436376813918
V,2025-10-17,336.4085739408942,342.06570324361587,335.64168844347057,340.5119934082031,6267100,0.0194,342.4944427490234,342.6283660888672,51.7,0.012540611921609757
V,2025-10-20,340.52192718186024,343.56959107313133,337.57386630815864,343.0218200683594,4665000,0.0074,342.4969345092773,342.7921350097656,52.91,0.01251812475446785
V,2025-10-21,341.73700528252846,348.2406840511567,341.61749382129113,345.8105163574219,4121800,0.0081,342.920718383789,343.02917541503905,49.36,0.012008413717056875
V,2025-10-22,346.4180937374913,346.76668911620203,343.11146794187306,343.9679870605469,5074400,-0.0053,343.2533737182617,343.2008807373047,49.39,0.012096519725676635
V,2025-10-23,344.8046050728569,345.75075772943865,343.07159771571963,344.5655517578125,7217200,0.0017,343.80265045166016,343.26880615234376,45.7,0.011753606389440412
V,2025-10-24,346.7965606090745,347.6729881581522,343.9281638460587,345.9798583984375,3576700,0.0041,344.30113372802737,343.30645446777345,47.93,0.011694852668903877
V,2025-10-27,347.59332744074374,348.11122059688944,343.6194191827997,346.4180908203125,5400300,0.0013,344.6825912475586,343.3731848144531,44.69,0.011585817100866756
V,2025-10-28,347.17499127440243,348.47973911832344,345.1033883485486,345.50177001953125,7445400,-0.0026,344.95747833251954,343.4560498046875,44.83,0.011600594358638867
V,2025-10-29,344.605395498532,349.5653338093142,337.6336100404692,339.9044189453125,8361700,-0.0162,344.631298828125,343.43274353027346,43.52,0.01138236285709281
V,2025-10-30,340.84064122785446,348.31041155130293,340.41238169067435,343.6393127441406,6411800,0.011,344.58548431396486,343.4546551513672,51.54,0.011628063829419425
V,2025-10-31,340.7011723929481,341.6174775430599,336.80695909004464,339.3665771484375,7301600,-0.0124,344.13231658935547,343.3958929443359,47.37,0.011622187265833613
V,2025-11-03,339.6255334575112,339.83467850136,333.47045043910737,335.54205322265625,5538000,-0.0113,343.51581115722655,343.13415161132815,37.92,0.011838167532448401
V,2025-11-04,335.1237952294841,338.94831408470225,332.9027725216237,338.9283752441406,5920200,0.0101,342.91225280761716,342.9644384765625,44.41,0.011893070737994752
V,2025-11-05,338.75906718983583,340.7310670928697,335.00424320677166,338.66943359375,4984600,-0.0008,342.34853515625,342.74253723144534,56.07,0.011890344379944759
V,2025-11-06,337.225272127104,337.2850278589407,332.36493664056536,335.6018371582031,8507900,-0.0091,341.84656524658203,342.47581665039064,42.91,0.011759093905300864
V,2025-11-07,335.37277903778016,336.9264888333082,333.50035174712497,334.6656188964844,5318400,-0.0028,341.4666030883789,342.20013244628905,37.37,0.01159915945230514
V,2025-11-10,335.2930990082746,337.31491571415205,332.9725036343658,333.5003662109375,5295800,-0.0035,341.0458068847656,341.8628973388672,30.43,0.01161199923853723
V,2025-11-11,334.14772643061497,337.72325285148054,331.85700901827914,337.553955078125,4453300,0.0122,340.57471466064453,341.64079650878904,40.47,0.011436916220361967
V,2025-11-12,337.5539392647252,343.5515814566134,336.70568232861064,338.1826477050781,6389600,0.0019,340.2690139770508,341.41533447265624,40.53,0.01135578220439631
V,2025-11-13,338.3423280213681,340.7573310621838,334.90940445750977,335.3883972167969,4961700,-0.0083,340.3360290527344,341.1315966796875,34.9,0.009300677677629602
V,2025-11-14,335.19879671610136,335.38837770243606,328.35289786675315,329.3408508300781,6422300,-0.018,339.7774719238281,340.8816815185547,29.01,0.00900168843811214
V,2025-11-17,330.47852149051675,332.6739759173699,324.2613310180461,325.07965087890625,6494800,-0.0129,338.88036346435547,340.56486877441404,26.81,0.009074684277529537
V,2025-11-18,323.8322181181188,324.33118917839323,317.3455943345509,320.51904296875,9170400,-0.014,337.61578979492185,340.1231799316406,27.45,0.00904354815091369
V,2025-11-19,320.85834726361674,323.90208907652226,319.21174881651825,323.4530029296875,7066700,0.0092,336.5900405883789,339.8570965576172,26.08,0.009482870984320246
V,2025-11-20,323.4530151026438,327.7242064226939,322.4750512555066,323.1037292480469,6510300,-0.0011,335.51694946289064,339.47706115722656,28.75,0.009430041580530065
V,2025-11-21,324.71042849279974,330.39868059498417,323.6226751809159,327.3050842285156,8930000,0.013,334.58321075439454,339.2619250488281,39.34,0.009984370680956136
V,2025-11-24,328.5624708767812,330.0494254219168,325.3291479858861,328.6223449707031,9337100,0.004,333.69342346191405,339.0807043457031,35.91,0.010059486227332607
V,2025-11-25,328.22316412466176,335.36843350968144,328.22316412466176,333.8415832519531,5854300,0.0159,333.1104141235352,338.9843469238281,44.19,0.01087505474880349
V,2025-11-26,333.841586342223,335.01915077050296,332.3746101630006,333.1031188964844,4309900,-0.0022,332.7703491210938,338.7503173828125,46.81,0.010326280983363183
V,2025-11-28,332.74383871779224,334.3305630576491,331.3167887740865,333.75177001953125,4586200,0.0019,332.2759719848633,338.68901428222654,48.83,0.009965989532827171
V,2025-12-01,332.25485376399234,332.6140983109483,329.4606279939679,329.7101135253906,7082300,-0.0121,331.79314880371095,338.4785546875,45.47,0.009948788606500883
V,2025-12-02,330.7679320657214,332.1151295810464,326.53663671382,328.9416809082031,8201900,-0.0023,331.46313018798827,338.19794860839846,38.82,0.009677019713027118
V,2025-12-03,328.93170166015625,331.66608389546013,328.67225740707886,328.93170166015625,6296700,-0.0,330.9632965087891,338.02988586425784,37.79,0.009327520119460855
V,2025-12-04,330.5982707162828,331.69601316055844,323.61267574060867,326.4268798828125,6277500,-0.0076,330.3511688232422,337.8121258544922,38.08,0.009425994293497759
V,2025-12-05,326.15742105214764,333.4224387208775,325.7283132347316,330.558349609375,5266600,0.0127,330.09899444580077,337.75169250488284,51.71,0.00978962931398645
V,2025-12-08,329.2011721972187,330.6581592570448,324.0417977110623,326.1674194335937,6059400,-0.0133,329.67408447265626,337.5548370361328,51.52,0.0101818659751954
V,2025-12-09,325.9378840225944,327.5545759522349,324.4010749776002,325.828125,4325400,-0.001,329.29047241210935,337.2956207275391,58.4,0.010167802640015959
V,2025-12-10,325.9678233516992,328.0834557386547,324.63055413261685,325.0596923828125,5467500,-0.0024,328.66575927734374,336.9967340087891,52.73,0.009674823539802443
V,2025-12-11,331.9155767572089,346.60528693573457,329.38079508046536,344.91876220703125,12953600,0.0611,329.00256500244143,336.96654907226565,72.29,0.017090289640611704
V,2025-12-12,347.28386033910544,349.1200701989689,345.25803903865176,347.1141967773437,6942300,0.0064,329.58885498046874,337.0177209472656,71.1,0.01697912882893211
V,2025-12-15,347.1142156107828,347.7329653453619,343.12244688455576,346.1761779785156,7004600,-0.0027,330.4306213378906,336.97264587402344,68.85,0.016370773058298607
V,2025-12-16,345.28799394865695,346.904655405941,343.0126869986315,344.3998107910156,7269300,-0.0051,331.3966293334961,336.90319885253905,62.25,0.01607150469489072
V,2025-12-17,344.8389016551313,347.07431280569114,342.9727546862657,343.7012634277344,7263500,-0.002,332.5557403564453,336.7572332763672,62.3,0.015620317403608464
V,2025-12-18,344.4597058800123,346.81483473957803,343.56153357971857,345.2979736328125,6805000,0.0046,333.6479888916016,336.66431701660156,63.11,0.015567608071011789
V,2025-12-19,345.3378535964944,349.18992596210575,345.3378535964944,348.5312805175781,18623900,0.0094,334.91936645507815,336.72211791992186,71.78,0.01558525872334765
V,2025-12-22,349.27975255876925,352.71267599172904,348.8705926226271,351.3654479980469,5043500,0.0081,336.1223846435547,336.90412963867186,74.76,0.015473035969235738
V,2025-12-23,351.2756364751809,355.6466279609035,351.2756364751809,352.6528015136719,3703200,0.0037,337.32390747070315,337.1188598632813,75.48,0.015472844633506516
V,2025-12-24,352.6527918079347,355.2574061270487,352.28355809570263,354.4091796875,2023600,0.005,338.35228729248047,337.2675274658203,80.54,0.015208546766106284
V,2025-12-26,354.3692705227613,355.9959211320052,352.982116288697,354.2694702148437,2017000,-0.0004,339.4106048583984,337.4669836425781,78.35,0.015180770384723036
V,2025-12-29,354.75844298281737,355.8162592189493,353.0719183232759,353.8802490234375,3989900,-0.0011,340.4170288085937,337.8636267089844,86.65,0.015209086619171891
V,2025-12-30,353.27152636221,354.1397311728781,351.9342875158643,352.8923034667969,3366500,-0.0028,341.5761383056641,338.1112329101563,85.18,0.01485966901239373
V,2025-12-31,352.9222335935573,354.46906219163503,349.9683333708139,349.98828125,3503200,-0.0082,342.6284683227539,338.25056213378906,80.7,0.01503867295377242
V,2026-01-02,349.1500062568855,349.32962853016494,342.7731719172512,345.7669982910156,5403800,-0.0121,343.47023315429686,338.24969177246095,51.7,0.015413742159787832
V,2026-01-05,343.7910798703184,356.8042543817172,343.34199370889576,353.0719299316406,7592200,0.0211,344.80248565673827,338.4317706298828,59.91,0.015745091131423847
V,2026-01-06,352.95216786632784,357.8820044617432,351.2756323845481,356.8241882324219,6775400,0.0106,346.11577758789065,338.676943359375,66.19,0.015691280683031706
V,2026-01-07,356.41501956274413,357.54269902318487,353.78046822093927,355.14764404296875,6333900,-0.0047,347.5647888183594,338.8602990722656,66.39,0.015306960061220167
V,2026-01-08,354.2694768864638,355.6167049317765,348.7807948501946,351.50518798828125,6357600,-0.0103,348.84864196777346,338.962041015625,60.92,0.015616957719768995
V,2026-01-09,351.4352976810692,353.97007917190984,348.44147134622284,349.0502014160156,4902900,-0.007,350.0481674194336,339.0330096435547,55.13,0.01574810264260762
V,2026-01-12,342.0745948107181,345.7969298399835,336.6258394244145,342.4937438964844,13281300,-0.0188,349.9269165039062,339.0847961425781,42.44,0.009179913713618091
V,2026-01-13,336.3065196930893,336.8254386707351,323.16360758569283,327.2052917480469,20383500,-0.0446,348.9314712524414,338.75611572265626,26.93,0.013351848876505921
V,2026-01-14,327.98368499941245,329.22112357393314,323.2733966274829,328.4926452636719,9388400,0.0039,348.0472946166992,338.53863708496095,26.93,0.01343742906958023
V,2026-01-15,328.65226616102615,331.00742540917696,325.6983660025441,327.0755310058594,8587700,-0.0043,347.1810806274414,338.369306640625,23.73,0.013430580776719962
V,2026-01-16,326.1075285720045,328.57244685544373,324.7303635575226,327.6243896484375,8341600,0.0017,346.3772369384766,338.14322692871093,24.59,0.01346320130851812
V,2026-01-20,321.5668970946223,327.644360890433,320.89826248076747,325.1495056152344,8279900,-0.0076,345.3698135375977,337.8728283691406,23.65,0.013409917775170805
V,2026-01-21,325.75825361952474,327.9936647784267,322.3353193026403,324.6106262207031,8974600,-0.0017,344.1737808227539,337.65300415039064,23.85,0.01309929186515137
V,2026-01-22,325.7881853155845,327.7142368080782,323.3332561572836,325.6883850097656,6938700,0.0033,342.88992767333986,337.47345947265626,26.74,0.012918785791079178
V,2026-01-23,325.1894097523205,327.1254199321477,323.9519712494617,325.5087585449219,5667900,-0.0006,341.53272552490233,337.3136273193359,28.99,0.012824323107201196
V,2026-01-26,327.3250134708788,331.3167819278407,324.3611241733934,327.8139953613281,7540200,0.0071,340.2029663085938,337.118828125,20.77,0.012909599651340645
V,2026-01-27,327.8040426090756,328.253098295782,324.24138188731973,324.5906677246094,6365800,-0.0098,338.71902618408205,336.8469885253906,12.23,0.012949394417866553
V,2026-01-28,326.05764337353963,327.71423096530964,324.21144434052763,326.30712890625,8106000,0.0053,337.34037017822266,336.66536315917966,16.24,0.013110577288666776
V,2026-01-29,329.3209038427684,332.6739747908746,322.844269146056,331.1171875,10214200,0.0147,336.2516143798828,336.7008898925781,26.77,0.013760966918291592
V,2026-01-30,331.53632717586584,332.3147207991864,320.9381868988181,321.1676940917969,11199100,-0.03,334.81058502197266,336.6226507568359,22.86,0.014994311201954307
V,2026-02-02,324.16154631106275,334.00127208429024,323.4430267202089,333.15301513671875,8502400,0.0373,334.1798858642578,336.8753302001953,41.78,0.01748471813959414
V,2026-02-03,330.96751673112385,335.0990119599509,328.19323869876354,328.25311279296875,9081200,-0.0147,332.9389450073242,336.9713323974609,51.13,0.01684642395287498
V,2026-02-04,326.4368440875912,330.62821332543064,323.7524077058803,329.2710266113281,8472300,0.0031,331.56128692626953,337.09467834472656,50.84,0.01659744035433745
V,2026-02-05,332.3147289199413,336.89527963696725,328.1433381303329,328.45269775390625,8339000,-0.0025,330.2265396118164,337.11763061523436,51.51,0.01659904483618512
V,2026-02-06,331.09724465448534,334.4403569413341,326.4268827108616,330.89764404296875,7798800,0.0074,329.19616241455077,337.1631365966797,53.45,0.016704361233238645
V,2026-02-09,330.07936733351744,332.1351258012084,322.9540455040185,324.9100036621094,8513400,-0.0181,327.9891525268555,336.9845050048828,49.76,0.01702933923371197
V,2026-02-10,324.7099914550781,329.8800048828125,324.54998779296875,328.1700134277344,5801800,0.01,327.272966003418,336.88584289550784,53.32,0.01687958826512068
V,2026-02-11,326.9200134277344,331.0400085449219,326.4200134277344,329.239990234375,8264300,0.0033,327.37470092773435,336.7956072998047,53.31,0.013596783675406078
V,2026-02-12,328.8900146484375,332.239990234375,324.0,324.17999267578125,9392600,-0.0154,327.15906829833983,336.6850048828125,48.87,0.014013071904851057
V,2026-02-13,323.8299865722656,326.4800109863281,312.82000732421875,314.0799865722656,11653900,-0.0312,326.50929107666013,336.38777099609376,39.65,0.015591482154993265
V,2026-02-17,314.4100036621094,321.3800048828125,314.4100036621094,319.5,8591700,0.0173,326.10307159423826,336.19913696289063,46.29,0.016161891499515302
V,2026-02-18,319.5,322.2799987792969,316.7200012207031,320.29998779296875,7091900,0.0025,325.860595703125,336.07659912109375,45.56,0.016107117583295437
V,2026-02-19,317.489990234375,320.20001220703125,315.7300109863281,318.92999267578125,5967600,-0.0043,325.5765640258789,335.8440319824219,40.51,0.01612664597882385
V,2026-02-20,318.1099853515625,322.3500061035156,317.82000732421875,320.95001220703125,6831100,0.0063,325.3396453857422,335.73968383789065,49.81,0.01618030885789396
XOM,2025-02-21,107.62218500778005,108.1345783498188,106.8874285333286,107.01311492919922,14710000,,107.01311492919922,107.01311492919922,,
XOM,2025-02-24,107.24513491816715,108.14424253493564,106.65539726760063,107.57383728027344,13153500,0.0052,107.29347610473633,107.29347610473633,,
XOM,2025-02-25,107.60283889073465,108.40526234008486,105.27289074455676,106.08499145507812,14497000,-0.0138,106.8906478881836,106.8906478881836,,0.013435028842544402
XOM,2025-02-26,106.09466478577782,106.22035117844231,104.91518945255048,105.82396697998048,10446400,-0.0025,106.62397766113281,106.62397766113281,,0.009556673061269805
XOM,2025-02-27,106.3556941954121,107.59317402540808,105.64994006138792,106.49104309082033,15293200,0.0063,106.5973907470703,106.5973907470703,,0.009267505957196179
XOM,2025-02-28,106.45236832770962,107.87353907079434,105.7079420451598,107.63184356689452,18821700,0.0107,106.76979955037434,106.76979955037434,,0.009630005192106597
XOM,2025-03-03,107.98955142034288,108.43427765165944,102.9719576250382,104.18043518066406,18706900,-0.0321,106.39989035470145,106.39989035470145,,0.016086723304224098
XOM,2025-03-04,102.82693980173786,105.34057166567978,102.42089310949316,103.96774291992188,19394900,-0.002,106.095871925354,106.095871925354,,0.014712320719464381
XOM,2025-03-05,102.3242069127349,102.7979354199698,100.22629166970567,101.9375,24822200,-0.0195,105.63383060031467,105.63383060031467,,0.014678257730398386
XOM,2025-03-06,101.92783461397111,104.51881087386532,100.89337808722016,104.04508972167967,17150200,0.0207,105.47495651245117,105.47495651245117,,0.016355656513879227
XOM,2025-03-07,104.80884457017372,106.7327387658502,104.70249795562242,105.39857482910156,19625000,0.013,105.46801272305575,105.46801272305575,,0.016229123341833483
XOM,2025-03-10,105.6499401745072,108.83065397192892,105.45658671684892,108.08623504638672,22749100,0.0255,105.68619791666667,105.68619791666667,,0.017401974809564784
XOM,2025-03-11,108.20224878086636,108.37626985055816,105.17622352140803,105.533935546875,19904700,-0.0236,105.6744854266827,105.6744854266827,,0.01805312656544231
XOM,2025-03-12,105.42759162610636,106.47171069501778,104.81851417861571,105.5049285888672,14051500,-0.0003,105.66237422398159,105.66237422398159,45.93,0.01728566917924669
XOM,2025-03-13,104.73150119586734,107.13878643392896,104.054749335619,105.0602035522461,17767800,-0.0042,105.62222951253256,105.62222951253256,44.86,0.016630179107359522
XOM,2025-03-14,105.32124812928376,108.45362018088122,104.71217066372152,108.18292236328124,15890100,0.0297,105.78227281570435,105.78227281570435,51.41,0.017899819099910584
XOM,2025-03-17,108.0862404980442,110.69654918789806,108.01856604685427,109.98113250732422,19908800,0.0166,106.02926456227021,106.02926456227021,58.91,0.01773418426843103
XOM,2025-03-18,110.30016127970448,110.73521763068317,108.83065579932648,109.8651123046875,15998700,-0.0011,106.24236721462674,106.24236721462674,59.31,0.017186013037282587
XOM,2025-03-19,110.40650409462492,111.9726936274922,110.04879946667064,111.5763168334961,17315000,0.0156,106.52310140509354,106.52310140509354,61.17,0.016992532000583364
XOM,2025-03-20,110.90923808338331,112.60110667282414,110.41617717204844,112.05004119873048,16230800,0.0042,106.7994483947754,106.7994483947754,60.0,0.016518621425566045
XOM,2025-03-21,111.66332244873048,112.1370435696074,110.5515216591136,111.66332244873048,41102800,-0.0035,107.03195877075196,107.03106144496373,69.66,0.016134809541713483
XOM,2025-03-24,111.83734501281609,113.02649014968856,111.74066828545152,111.95336151123048,14207500,0.0026,107.25093498229981,107.25480235706677,70.9,0.016120215324407525
XOM,2025-03-25,112.56242839589436,113.7322337291251,112.10803967638296,112.71710968017578,12081800,0.0068,107.5825408935547,107.49229397981063,80.22,0.015702513208166125
XOM,2025-03-26,113.77091073076934,115.22108379036824,113.77091073076934,114.34130859375,14110800,0.0144,108.00840797424317,107.77766958872478,79.67,0.01583689562881232
XOM,2025-03-27,114.1769536954974,115.11473342362385,113.3648603490547,113.97393035888672,12740800,-0.0032,108.38255233764649,108.02552001953126,76.2,0.01590628061986506
XOM,2025-03-28,114.17695664582908,114.52499876785832,113.34552350719942,113.81925201416016,10233400,-0.0014,108.69192276000976,108.24835586547852,70.72,0.01584862271950668
XOM,2025-03-31,113.87726202486216,115.9268426886664,113.87726202486216,114.9793930053711,21652300,0.0102,109.23187065124512,108.49765353732639,87.96,0.013592524067527556
XOM,2025-04-01,115.25975256341418,115.31775712378256,114.01260288376427,115.08573150634766,12425400,0.0009,109.7877700805664,108.73294203622001,88.26,0.013528959192861267
XOM,2025-04-02,114.45732193086486,114.89237088633742,113.75157519190172,114.72801971435548,12614600,-0.0031,110.42729606628419,108.93966885270744,88.88,0.012405342652091056
XOM,2025-04-03,110.57086438537908,111.6149833811035,108.5019514133132,108.69530487060548,21204600,-0.0526,110.65980682373046,108.93152338663737,51.67,0.017579469933928463
XOM,2025-04-04,106.2203417612518,107.14845160282862,100.38097755403147,100.87403106689452,30841300,-0.072,110.43357963562012,108.67160427954889,28.69,0.02397445735075474
XOM,2025-04-07,97.0552413567394,102.28553535374296,95.189351860014,99.52053833007812,35068500,-0.0134,110.00529479980469,108.38563346862793,27.12,0.023197778931794765
XOM,2025-04-08,101.95683279718244,102.09218169236551,95.72109160523044,97.42262268066406,27147800,-0.0211,109.59972915649413,108.05342102050781,19.22,0.02309236545062595
XOM,2025-04-09,96.0691363808891,103.0396341790902,94.87032131051387,102.2855453491211,30063300,0.0499,109.43875999450684,107.8837776184082,32.17,0.026028128003535347
XOM,2025-04-10,100.26496187453732,100.33263632053809,94.55128400229889,96.61052703857422,33999300,-0.0555,109.01627616882324,107.56168474469867,26.96,0.028723839356332936
XOM,2025-04-11,96.96824770733971,100.47766407958804,95.50840466915903,99.71390533447266,22884600,0.0321,108.59282531738282,107.34369087219238,32.75,0.028875770210734772
XOM,2025-04-14,101.54111116697976,101.59911572603642,99.3078471317634,99.9555892944336,18020000,0.0024,108.09154815673828,107.14401245117188,31.75,0.028523303492149415
XOM,2025-04-15,100.19728747758688,101.90849577523994,99.5785475778596,99.67522430419922,13164900,-0.0028,107.58205375671386,106.94746539467259,28.19,0.02851551516741645
XOM,2025-04-16,100.49699378564918,102.0825157991999,100.2552982668035,100.7290267944336,13607000,0.0106,107.03968925476075,106.78801825107672,30.69,0.028351698640283855
XOM,2025-04-17,101.21241213301136,104.94419132393492,100.99004902277105,103.36833190917967,17916500,0.0262,106.6056037902832,106.7025260925293,35.8,0.029132237072392934
XOM,2025-04-21,102.10185980004536,102.12119219693052,100.66135651333246,101.85049438476562,16926500,-0.0147,106.11496238708496,106.58418385575457,32.33,0.0292371658753213
XOM,2025-04-22,102.61424661272504,105.3212393140787,102.61424661272504,104.70249938964844,13147000,0.028,105.75241928100586,106.5393818446568,36.98,0.030086721585933444
XOM,2025-04-23,105.19555935944584,105.66928790552764,102.93329275539683,103.80339813232422,14235700,-0.0086,105.30673370361328,106.47575431646302,36.49,0.03002199676027036
XOM,2025-04-24,104.38346542471427,105.26323330786316,103.40701342995516,105.02153778076172,9849600,0.0117,104.84074516296387,106.44270394065164,44.84,0.02994235865968583
XOM,2025-04-25,104.54780730012388,105.14721480928844,103.85172306392283,104.9635238647461,11245800,-0.0006,104.39022483825684,106.40983327229817,57.34,0.029950835152225543
XOM,2025-04-28,105.13755428911678,105.6209453433196,104.1030977281612,105.02153778076172,13890900,0.0006,103.95033912658691,106.37965293552564,60.36,0.029962220070931776
XOM,2025-04-29,104.1611057233735,105.21490209172728,103.94841247236836,104.76051330566406,9483100,-0.0025,103.43939514160157,106.34520315616689,64.84,0.029788656883910827
XOM,2025-04-30,103.85171829894888,103.85171829894888,100.69034447654252,102.12117767333984,20379300,-0.0252,102.79116744995117,106.25720262527466,49.63,0.03012215655940778
XOM,2025-05-01,101.60879274002728,103.3683357891534,101.49278361377478,102.26620483398438,18610300,0.0014,102.16807670593262,106.17575369075853,66.67,0.03015804815337114
XOM,2025-05-02,104.1417659056002,105.37924577676984,101.0770685096626,102.68192291259766,16581900,0.0041,101.86740760803222,106.10587707519531,60.39,0.028070908334730495
XOM,2025-05-05,101.17374837092562,101.18341825720748,99.64623088072092,99.83958435058594,19624000,-0.0277,101.8156852722168,105.96240646362304,49.66,0.023703818812921034
XOM,2025-05-06,100.43898190982163,102.45956013578056,100.04260512326977,101.23174285888672,16303400,0.0139,101.90124549865723,105.8355645751953,54.33,0.02369305694435441
XOM,2025-05-07,101.50245298139887,101.7924905685492,100.61301519888258,101.13507843017578,12332200,-0.001,102.08686828613281,105.73656631469727,51.19,0.02312076476152756
XOM,2025-05-08,101.84081569553878,103.82272181123383,101.84081569553878,102.54656982421876,19196500,0.014,102.0999195098877,105.67101837158204,47.4,0.02045564135288587
XOM,2025-05-09,103.5810254131412,104.17076303758404,102.8462690099735,103.74537658691406,10992100,0.0117,102.45666198730468,105.6161050415039,56.12,0.015791523375732804
XOM,2025-05-12,106.60705687135206,106.77141543092236,104.72183476299271,105.533935546875,14244600,0.0172,102.7476634979248,105.57414688110352,52.88,0.014693474204915805
XOM,2025-05-13,105.68861807708178,106.83909112768256,105.39858049889204,105.82396697998048,13350800,0.0027,103.04108238220215,105.60701751708984,57.31,0.014693052421933436
XOM,2025-05-14,105.2438927669306,105.2438927669306,104.34478518065134,104.87651824951172,15494900,-0.009,103.30114707946777,105.62519302368165,49.46,0.01488490581268929
XOM,2025-05-15,103.9008295112673,106.00831544180176,103.39347592274729,105.94001770019533,15004300,0.0101,103.56169662475585,105.70524337768555,53.36,0.014871246541033818
XOM,2025-05-16,106.00832410800484,106.24248674924188,104.83749601402728,105.55950927734376,14042500,-0.0036,103.67125549316407,105.73553176879882,51.81,0.0138410098125671
XOM,2025-05-19,104.95457824251392,104.95457824251392,103.14956002041184,103.8813247680664,16802700,-0.0159,103.77279701232911,105.70518676757813,47.3,0.013915620719177416
XOM,2025-05-20,103.80326024488056,104.12523849609568,102.23240477623206,102.39826965332033,12429300,-0.0143,103.6575855255127,105.5914274597168,50.92,0.012774089729646197
XOM,2025-05-21,101.9884830862127,102.41778742063636,101.120122914416,101.13964080810548,16716100,-0.0123,103.52439765930175,105.5035415649414,46.53,0.012915200143119808
XOM,2025-05-22,100.55422359562291,100.95425853538052,99.41267245770727,100.46641540527344,13417400,-0.0067,103.29664154052735,105.40277130126952,43.29,0.012596719497760636
XOM,2025-05-23,100.10541035339202,100.9542600926748,99.58829781852496,100.52495574951172,12061600,0.0006,103.07471313476563,105.31206634521484,52.5,0.012607369398803803
XOM,2025-05-27,100.97376710278596,101.3347736921372,100.39811579306146,101.00303649902344,13043600,0.0048,102.87378807067871,105.16846862792968,49.11,0.012689335555579932
XOM,2025-05-28,101.75432336029878,101.89091884442456,99.31510765248808,99.62732696533205,14292400,-0.0136,102.61712875366212,104.96139251708985,44.65,0.012957558249511112
XOM,2025-05-29,99.79319471464648,100.3493356142531,99.27608216075384,100.19322967529295,13825300,0.0057,102.52073135375977,104.76795486450196,41.11,0.011899954665990597
XOM,2025-05-30,99.6761181336087,99.90052181887316,98.7297012111472,99.81271362304688,28645800,-0.0038,102.3980567932129,104.53268280029297,34.17,0.011903978768727522
XOM,2025-06-02,101.227449142924,101.32501627982484,99.73465036104436,100.54447174072266,17290500,0.0073,102.29118423461915,104.30257141113282,28.05,0.011999450645320122
XOM,2025-06-03,100.39812592199532,102.1153359654938,99.72489996503198,101.2762451171875,19194300,0.0073,102.36301727294924,104.09482986450195,30.74,0.010336826093352366
XOM,2025-06-04,101.39332069908734,102.3690070201576,99.81271362304688,99.81271362304688,15648500,-0.0145,102.29206581115724,103.85201690673829,29.45,0.010386594345850953
XOM,2025-06-05,100.4761820088812,100.54447975454497,99.2565740906742,99.35414123535156,13924800,-0.0046,102.20301895141603,103.5847575378418,21.9,0.01042383276312912
XOM,2025-06-06,100.26152888371986,101.95922100564744,100.18347219115182,101.73480987548828,15487800,0.024,102.16243095397951,103.33262756347656,36.06,0.011370250888311909
XOM,2025-06-09,101.79334704741406,103.27638685459355,101.3055039281728,102.41778564453124,17087300,0.0067,102.09605140686035,103.10150466918945,44.25,0.011144197215544384
XOM,2025-06-10,103.5008011353111,105.03262827889746,103.35444670627638,104.6130828857422,17634800,0.0214,102.05000877380373,102.9173812866211,58.24,0.011530064819281892
XOM,2025-06-11,105.13995815193144,106.73032414687152,103.87156297979324,106.65226745605467,22648200,0.0195,102.09142379760742,102.75083877563476,69.39,0.012349492851295975
XOM,2025-06-12,106.27175412902668,107.51087994664228,105.58877667010977,107.06206512451172,17469400,0.0038,102.20070114135743,102.59036544799805,73.64,0.012163988049285389
XOM,2025-06-13,109.6183550980345,109.7939789310429,107.9889607519484,109.39395141601562,28540200,0.0218,102.37339782714844,102.48368408203125,77.33,0.012880119319486539
XOM,2025-06-16,109.1012369786454,110.40866043407462,108.4280110791537,109.74519348144533,22986100,0.0032,102.58268203735352,102.50468185424805,77.15,0.012823030268355361
XOM,2025-06-17,111.179453673025,112.13562954612397,110.35988073370812,111.22824096679688,19451700,0.0135,102.95002784729004,102.71176605224609,85.79,0.012336548182236045
XOM,2025-06-18,111.82340763741772,112.43808732770862,110.1940133000544,110.43793487548828,17968900,-0.0071,103.35201110839844,102.9301139831543,81.18,0.011886945515321014
XOM,2025-06-20,110.6916013025656,112.24294629992616,110.4281692922415,111.91120910644533,36273300,0.0133,103.89058952331543,103.21988571166992,84.52,0.011425737336566528
XOM,2025-06-23,113.8625889136665,114.10651049012584,108.45729332995556,109.02318572998048,26631100,-0.0258,104.31842803955078,103.3546385192871,71.54,0.01313668527445184
XOM,2025-06-24,106.59372678752764,108.24263899356436,105.28631073684204,105.70584869384766,24828300,-0.0304,104.57747268676758,103.53654495239257,59.95,0.015241006839237493
XOM,2025-06-25,105.48144216876216,106.58396496280842,105.08140722907471,105.73512268066406,17483200,0.0003,104.8140769958496,103.6569692993164,64.22,0.01524042408582482
XOM,2025-06-26,106.29126115031856,107.75479050732616,105.9107441130082,107.31572723388672,18304800,0.0149,105.19849700927735,103.80417205810546,68.13,0.014996100370289249
XOM,2025-06-27,107.26694752231803,107.42305344976832,105.73512042449238,106.7205581665039,22002100,-0.0055,105.5248634338379,103.94507873535156,62.36,0.015130912067684481
XOM,2025-06-30,105.9985585105668,106.19369279204032,105.10092890555543,105.17898559570312,19199000,-0.0144,105.79317703247071,104.03407791137695,56.57,0.015570663204615877
XOM,2025-07-01,105.50096428171967,106.97425278154654,104.54479580975509,106.58397674560548,15536900,0.0134,106.09515228271485,104.09839080810546,54.87,0.015723780180284086
XOM,2025-07-02,107.3254943510879,108.65242833130392,106.18394315225224,108.34996795654295,11892200,0.0166,106.44883842468262,104.22838027954101,54.25,0.015991625275354856
XOM,2025-07-03,108.1645840502784,109.73543959222856,107.93042142205664,109.47200012207033,11223600,0.0104,106.93180274963379,104.32377029418946,55.83,0.01547709683098834
XOM,2025-07-07,108.82805371880768,109.325655829466,107.5401480659654,108.40850830078124,15415900,-0.0097,107.38452110290527,104.4158724975586,47.46,0.01567993941314825
XOM,2025-07-08,108.1938522559937,111.67705201847662,108.15482391107088,111.4136199951172,17913400,0.0277,107.86846160888672,104.5437141418457,53.78,0.015941821859829137
XOM,2025-07-09,111.15018153480452,111.49167025110324,110.5159839508808,111.0331039428711,10652100,-0.0034,108.29922752380371,104.6651057434082,49.53,0.016034169927475438
XOM,2025-07-10,110.94528171064432,112.46734986647576,110.32084311112908,112.1356201171875,14901700,0.0099,108.67535438537598,104.80738739013673,53.99,0.015583831026858706
XOM,2025-07-11,112.0575666683239,112.94544474747092,111.7258369094528,112.62346649169922,11683900,0.0044,108.9739143371582,104.96464645385743,51.76,0.015132205982431533
XOM,2025-07-14,112.4283310649688,112.4283310649688,110.46719959720843,111.15017700195312,13220300,-0.0131,109.17831993103027,105.14522644042968,55.64,0.015542369933761535
XOM,2025-07-15,110.8965062265666,111.28677478369188,109.86227370727693,110.16474151611328,10959300,-0.0089,109.21685943603515,105.30319717407227,63.48,0.014990146763791201
XOM,2025-07-16,110.13546423362256,110.74039240497638,109.37443012882312,109.50127410888672,11158900,-0.006,109.20466346740723,105.43958419799804,60.97,0.015042867692732408
XOM,2025-07-17,108.77926469374889,109.50127792325922,108.38898868069654,108.94513702392578,13151400,-0.0051,109.09050827026367,105.62169525146484,55.05,0.01473648801266327
XOM,2025-07-18,108.40850779402297,109.01343599324838,104.73016619282146,105.14971160888672,32366600,-0.0348,108.82609710693359,105.70005462646485,45.94,0.016538850593296024
XOM,2025-07-21,104.9838416782704,106.1253928332359,104.82773574513018,105.42290496826172,17010400,0.0026,108.50168190002441,105.78581115722656,50.67,0.01617641151410547
XOM,2025-07-22,105.35460380369202,106.7791048253295,104.99359721394806,105.90098571777344,13970900,0.0045,108.34557189941407,105.85289947509766,48.01,0.015309030702583083
XOM,2025-07-23,106.28150066576148,107.32548462756472,106.2034439813157,107.25718688964844,12002700,0.0128,108.4231388092041,105.92313568115235,46.74,0.0139816458635109
XOM,2025-07-24,106.99376015152022,108.25238889166548,106.47664017453182,108.09628295898438,15647200,0.0078,108.54119682312012,105.97438262939453,45.82,0.014067000390985986
XOM,2025-07-25,108.03774516598996,108.2816667362299,107.0327820437291,107.71576690673828,10548900,-0.0035,108.56119880676269,106.01221862792968,47.8,0.01372164156974015
XOM,2025-07-28,108.30117205407066,109.38418437012298,108.14505868344554,108.73047637939452,12353000,0.0094,108.66169471740723,106.08929779052734,40.27,0.013795311942067394
XOM,2025-07-29,109.17929911810424,110.2525525658064,108.70121491250794,110.13546752929688,15928000,0.0129,108.90951881408691,106.17320678710938,46.97,0.013536402188562743
XOM,2025-07-30,109.67690049790582,109.87203478024404,108.55485976472173,109.1792984008789,12996900,-0.0087,109.03928489685059,106.24560256958007,39.92,0.013492723185012294
XOM,2025-07-31,107.67674372423863,109.7647118700778,107.67674372423863,108.92562103271484,17233700,-0.0023,109.06806755065918,106.34648849487304,37.19,0.013017497334054082
XOM,2025-08-01,109.27687117442991,109.80374269657418,106.21321663165848,106.97425079345705,19652000,-0.0179,108.94318008422852,106.43800811767578,35.99,0.013399493313279852
XOM,2025-08-04,106.56446343383509,107.24744089548165,104.48624676187502,104.75944519042967,19129500,-0.0207,108.76072692871094,106.51040420532226,33.25,0.01398531560714948
XOM,2025-08-05,104.61308842586648,105.19849872911216,103.49104766903966,104.63259887695312,21314300,-0.0012,108.42167587280274,106.59372787475586,34.4,0.012171894935292096
XOM,2025-08-06,105.67657998163877,106.39859319785086,103.78375363562566,103.92034912109376,15321800,-0.0068,108.06603813171387,106.6616357421875,34.06,0.012200529539845042
XOM,2025-08-07,104.53503150267342,105.4326611285925,103.31542360531732,103.37396240234376,13468300,-0.0053,107.62795524597168,106.70905426025391,42.9,0.011806308527758855
XOM,2025-08-08,103.91059160666616,104.89603686018452,103.37396116071662,104.20330047607422,14417700,0.008,107.20694694519042,106.80057373046876,45.33,0.011967380006105189
XOM,2025-08-11,104.50575897230986,104.91554542700594,102.96417284971534,103.2568817138672,13570700,-0.0091,106.81228218078613,106.86184677124024,40.23,0.011836752532950738
XOM,2025-08-12,103.75447666300208,104.67162415904068,103.20809472181944,103.5495834350586,14109400,0.0028,106.4815242767334,106.93658416748048,35.13,0.01185092046169721
XOM,2025-08-13,103.42274440244574,104.9838409423828,103.16906388848864,104.9838409423828,17958700,0.0139,106.2556526184082,107.02537155151367,38.09,0.012410618331429783
XOM,2025-08-14,104.93506024881968,104.97408114859478,103.85204790462278,104.7691879272461,13683500,-0.002,106.04685516357422,107.09523040771484,38.58,0.01238966462313182
XOM,2025-08-15,104.5722430318389,105.92136685755888,104.3358939200289,104.86766815185548,19271900,0.0009,106.03275299072266,107.19632949829102,33.88,0.009670490925327527
XOM,2025-08-18,104.48361233533863,105.59640209792867,104.06016289296169,105.09416961669922,13040000,0.0022,106.01631622314453,107.31113006591796,26.67,0.009665036008863676
XOM,2025-08-19,104.5820856448628,105.82289219016042,104.53285188126868,105.78350067138672,16113600,0.0066,106.0104419708252,107.39210388183594,33.89,0.009729007089491112
XOM,2025-08-20,106.23649548959764,107.66440991946308,106.03954540217823,106.87659454345705,18959700,0.0103,105.99141235351563,107.48128005981445,40.99,0.00957052905098717
XOM,2025-08-21,106.76826810543524,107.90074987365452,106.31527690078036,107.56593322753906,12194900,0.0064,105.96489486694335,107.5403370666504,52.92,0.009514392145310007
XOM,2025-08-22,107.93028771504711,109.7127182207504,107.93028771504711,109.5846939086914,13586700,0.0188,106.05834121704102,107.59898559570313,74.32,0.01037562426783894
XOM,2025-08-25,109.21048226579067,110.21493964871304,108.85596612754428,110.03768157958984,9744900,0.0041,106.12370147705079,107.65849792480469,76.38,0.010213792274741977
XOM,2025-08-26,109.67332161186246,110.10661326432938,108.67870648764875,109.79148864746094,18143900,-0.0022,106.10650253295898,107.66644866943359,80.02,0.009810354358104444
XOM,2025-08-27,109.72256302402587,111.25880221241027,109.72256302402587,111.03230285644533,15262600,0.0113,106.1991527557373,107.69219085693359,86.56,0.009907514426195052
XOM,2025-08-28,111.150478111266,111.9185939536985,110.36266275262726,111.62316131591795,14189800,0.0053,106.33402976989746,107.70008926391601,86.25,0.00992445676625492
XOM,2025-08-29,111.98751979045258,113.0412184425248,111.8496532388292,112.54883575439452,14597900,0.0083,106.61275901794434,107.74230728149413,95.49,0.008941364549105461
XOM,2025-09-02,112.44051655288608,113.48436549941368,111.60346744407636,112.9427490234375,15206700,0.0035,107.02192420959473,107.76293807983399,95.53,0.007065922668547587
XOM,2025-09-03,112.23371536045128,112.68670654900797,109.76195206928232,110.2051010131836,14920100,-0.0242,107.30054931640625,107.78657638549805,72.47,0.0094052281093801
XOM,2025-09-04,110.40204683925596,111.40650421639116,109.68316480940824,110.68762969970705,12864400,0.0044,107.63891334533692,107.88621200561523,74.9,0.009143361123327616
XOM,2025-09-05,109.89982253167048,110.07708061289752,107.35912587180404,107.56593322753906,16826700,-0.0282,107.84851188659668,107.92282821655273,59.05,0.011415385508855553
XOM,2025-09-08,108.05830848768932,108.3734331088634,106.69932745443076,108.17647552490234,15440500,0.0057,108.04717063903809,107.94004318237305,60.08,0.01136381144362734
XOM,2025-09-09,108.84611987931372,110.79595870253289,108.84611987931372,108.96429443359376,14899500,0.0073,108.33254127502441,107.98491790771484,60.33,0.011114210912634608
XOM,2025-09-10,109.4665278657588,110.84519344539692,109.1513957182256,110.7861099243164,15837600,0.0167,108.69436759948731,108.09706039428711,62.13,0.011543167265803424
XOM,2025-09-11,109.70287053326427,111.05199436552122,109.18094605685852,110.4315948486328,11534500,-0.0032,108.96675529479981,108.17401275634765,59.08,0.0113606430507395
XOM,2025-09-12,111.1406267392382,111.49514289416112,110.17555331457824,110.4512939453125,11105700,0.0002,109.25086059570313,108.21603927612304,53.14,0.011324351962404779
XOM,2025-09-15,110.47098127498258,110.74671438088892,109.62408244217666,110.63838958740234,12880500,0.0017,109.53939666748047,108.23936706542969,52.22,0.011319033806636916
XOM,2025-09-16,111.23910173845827,113.5631487473592,111.06184366106196,112.93289947509766,17208000,0.0207,109.93133316040038,108.32985488891602,60.09,0.012006747006754597
XOM,2025-09-17,112.78518365139172,113.73055756391628,112.31250045171144,113.53360748291016,13302000,0.0053,110.31883850097657,108.37225463867188,58.38,0.011993590393469158
XOM,2025-09-18,113.41542765313405,113.59268572306348,111.67239622646412,112.19432067871094,14628700,-0.0118,110.58472480773926,108.39547897338868,51.82,0.01235733215118606
XOM,2025-09-19,112.16478289329385,112.24356593009016,110.9239763598254,111.10123443603516,38746500,-0.0097,110.76148986816406,108.37479125976563,45.43,0.012612024337699984
XOM,2025-09-22,110.7368649449766,111.08153884152428,109.8604243501585,110.31341552734376,15611500,-0.0071,110.79792594909668,108.32859024047852,41.9,0.012082369713542818
XOM,2025-09-23,111.00276248192702,113.00183513892328,110.76642087813288,112.21401977539062,25369100,0.0172,110.90674285888672,108.34986709594726,56.52,0.012635638821248909
XOM,2025-09-24,112.824569911349,113.99644312425588,112.72609487543596,112.8147201538086,14756100,0.0054,111.0579044342041,108.40286666870117,56.85,0.01264671373998212
XOM,2025-09-25,112.89350874101174,114.13431529140912,112.66701689858704,113.82903289794922,15012600,0.009,111.1977409362793,108.48942184448242,73.35,0.012562512110494289
XOM,2025-09-26,114.1933975647311,116.55683608287912,114.15400604622616,115.4342041015625,18568900,0.0141,111.38829307556152,108.61920318603515,75.19,0.012859658463173645
XOM,2025-09-29,114.29187664042855,114.72517584612002,111.93828779708493,112.47991180419922,19189300,-0.0256,111.38484687805176,108.76580718994141,60.61,0.01412486050233864
XOM,2025-09-30,111.62316061513285,111.76102717505448,110.23464525787536,111.03230285644533,18076200,-0.0129,111.28932456970215,108.87799514770508,50.76,0.014388829731866016
XOM,2025-10-01,110.8451904864916,111.29818166673252,109.59454174030076,110.28387451171876,16614000,-0.0067,111.2932632446289,108.96565292358399,49.55,0.013384825461378974
XOM,2025-10-02,110.26418423682554,111.36711668837108,109.33850234656651,109.59454345703124,13062600,-0.0063,111.23860893249511,109.01240005493165,47.52,0.013418757492092138
XOM,2025-10-03,110.19525664039946,112.01707124147411,110.19525664039946,111.53453826904295,12950100,0.0177,111.43703918457031,109.08116516113282,52.36,0.012293655830720595
XOM,2025-10-06,111.56408004432434,113.0215287200953,111.45575524249708,112.46021270751952,12036800,0.0083,111.65122604370117,109.17605407714844,48.66,0.012349740035618902
XOM,2025-10-07,112.33218691183124,112.76548608446156,110.03768176682227,112.51929473876952,11945000,0.0005,111.82897605895997,109.25183044433594,47.04,0.012290041968152398
XOM,2025-10-08,112.63746751188236,113.2578745430427,111.68225135301424,112.28295135498048,12301000,-0.0021,111.90381813049316,109.29478012084961,50.28,0.011789124113708405
XOM,2025-10-09,112.68671294919874,113.75026145917076,111.0224569019183,111.18987274169922,10976200,-0.0097,111.94173202514648,109.33499160766601,50.28,0.011991176580697727
XOM,2025-10-10,110.54976541469829,110.90428155817044,109.0233760462396,109.04307556152344,13811600,-0.0193,111.87132110595704,109.33734069824219,46.34,0.01277622277596366
XOM,2025-10-13,109.84073466255516,110.58915847736117,109.62408507038784,110.53006744384766,10296500,0.0136,111.8659049987793,109.40845703125,45.03,0.013158631347802414
XOM,2025-10-14,109.0726176977768,111.2390985703282,109.02337642256091,110.57930755615234,11167200,0.0004,111.74822540283203,109.52485427856445,43.18,0.012230517267539378
XOM,2025-10-15,111.08154121041032,111.83980727002567,109.27941870764626,109.90966796875,12182900,-0.0061,111.56702842712403,109.6303956604004,37.79,0.012187762412829473
XOM,2025-10-16,110.17555961074068,110.48084201963704,108.7082611437254,108.95445251464844,11782200,-0.0087,111.4050350189209,109.73107772827149,28.96,0.012069753409594621
XOM,2025-10-17,109.92935994307967,111.18986597812912,109.48621851412936,110.53006744384766,13460100,0.0145,111.37647666931153,109.87419982910156,43.05,0.012402330001805474
XOM,2025-10-20,110.29372235529095,111.42620404282177,110.27403035351948,110.9830551147461,9523600,0.0041,111.40995864868164,110.009794921875,49.81,0.012326526808387457
XOM,2025-10-21,111.17017037292834,111.63301133371802,110.28387997068896,110.99291229248048,9202300,0.0001,111.34890327453613,110.16451553344727,52.88,0.01167346405990504
XOM,2025-10-22,111.72163395713264,113.42528144049152,111.3572755599508,112.96244049072266,12938800,0.0177,111.35628929138184,110.35277267456054,62.41,0.012306656307611916
XOM,2025-10-23,114.85318813056784,115.06983772488675,113.60253935404116,114.21309661865234,15001100,0.0111,111.375492477417,110.53735778808594,60.4,0.012394959714165649
XOM,2025-10-24,114.57745397030573,114.69562852426476,113.42528024356956,113.632080078125,9919400,-0.0051,111.28538627624512,110.71461563110351,54.67,0.012001880335136963
XOM,2025-10-27,113.93735694263816,114.22293981815812,113.34649918884276,114.1737060546875,10975400,0.0048,111.37007598876953,110.90073638916016,56.35,0.01051917922553596
XOM,2025-10-28,113.7305561938296,114.4100467374938,113.23817348408193,113.2775650024414,9535200,-0.0078,111.48233909606934,111.064404296875,53.64,0.010227491332060289
XOM,2025-10-29,113.16923636983752,115.26679145069946,113.06091157631114,114.6759262084961,12570600,0.0123,111.7019416809082,111.24225280761719,62.46,0.01035140468474537
XOM,2025-10-30,114.65623875964566,114.74486404159737,112.78518294908255,112.9427490234375,16172900,-0.0151,111.86935195922851,111.36357589721679,64.37,0.010895503659767177
XOM,2025-10-31,112.24356680542397,113.47452359060154,110.90428522209764,112.6177749633789,20213400,-0.0029,111.92351379394532,111.4646127319336,58.41,0.010243616754375686
XOM,2025-11-03,112.75564081245808,113.23817376552417,111.90874194853409,112.02691650390624,12290300,-0.0052,111.90184898376465,111.51345718383789,55.59,0.010149019916383938
XOM,2025-11-04,111.65269923325025,112.60792288093636,110.7959581368766,112.401123046875,16860700,0.0033,111.89594039916992,111.5607260131836,59.84,0.010177657418400156
XOM,2025-11-05,112.3518852990128,113.4252835340798,111.93828561790328,111.94813537597656,12400900,-0.004,111.87919960021972,111.6038589477539,62.32,0.010207066695496593
XOM,2025-11-06,111.90874685092898,113.188944960802,111.90874685092898,112.75564575195312,14219700,0.0072,111.95748825073242,111.63832580566407,59.78,0.010069102034912231
XOM,2025-11-07,113.4548234973826,115.71978697585024,113.14954862042434,115.4342041015625,17181100,0.0238,112.27704467773438,111.71454666137696,66.35,0.010164955277298255
XOM,2025-11-10,115.650852381483,116.64546003805616,113.70101356006596,116.4189682006836,13048000,0.0085,112.57148971557618,111.79194931030274,68.6,0.009943973313678888
XOM,2025-11-11,117.01967605641752,118.96950737055928,117.01967605641752,117.9552001953125,16077100,0.0132,112.94028434753417,111.89219833374024,67.64,0.010200478574944154
XOM,2025-11-12,117.28556152206164,117.46281960045928,115.99552120954574,116.32049560546876,13790900,-0.0139,113.26082572937011,112.01450622558593,57.25,0.010714352155182466
XOM,2025-11-13,116.82271957033755,117.93550930812972,116.47805317449377,116.98028564453124,17291900,0.0057,113.66211738586426,112.14035934448242,61.46,0.010372548537263864
XOM,2025-11-14,117.66571049271276,118.68889697657292,115.88756919075868,118.50015258789062,17064300,0.013,114.06062164306641,112.35904373168945,63.87,0.010294832633285905
XOM,2025-11-17,118.18226972374045,118.70875924248826,116.33458466394876,116.90081024169922,16034900,-0.0135,114.35650939941407,112.5335304260254,61.12,0.010974247366592292
XOM,2025-11-18,116.48359759303432,118.68889969210812,115.70876335906324,118.24187469482422,15808500,0.0115,114.71895751953124,112.71908203125,60.98,0.011129245493884924
XOM,2025-11-19,116.07630865802687,117.39750425129373,115.16240200147725,116.572998046875,15919200,-0.0141,114.89948539733886,112.83481979370117,61.22,0.011224334466262411
XOM,2025-11-20,117.1988284939755,118.2220073959002,115.96703338472082,116.24517822265624,14401000,-0.0028,115.00108947753907,112.95109146118165,61.21,0.011036517137499301
XOM,2025-11-21,116.215378652987,116.60279576188552,114.88425475654148,116.3047866821289,15667600,0.0005,115.13472480773926,113.06816131591796,63.67,0.010945745388289603
XOM,2025-11-24,116.4239847793118,116.4239847793118,113.98027399923178,115.20213317871094,18034900,-0.0095,115.18614616394044,113.15943618774413,58.55,0.011164789577765873
XOM,2025-11-25,114.41736246752856,115.13259636601772,113.4339196465451,113.75180053710938,14434600,-0.0126,115.20985794067383,113.17581420898438,55.19,0.011401897349033392
XOM,2025-11-26,113.65246904450274,114.97365705250216,113.55312510411062,114.01007843017578,11650600,0.0023,115.17656555175782,113.18534362792968,53.73,0.01106074614405185
XOM,2025-11-28,114.1888871955968,117.95379366366068,114.05975068319684,115.1524658203125,7240800,0.01,115.28705139160157,113.24450653076173,49.08,0.01070292016227347
XOM,2025-12-01,115.33127565327204,116.6326070178609,115.33127565327204,115.8577651977539,12658100,0.0061,115.44905090332031,113.3396371459961,48.13,0.010718399085095143
XOM,2025-12-02,115.66902207182513,115.82795872805552,113.93060928943486,114.61603546142578,14607700,-0.0107,115.5785068511963,113.42568954467774,38.65,0.010966360044772328
XOM,2025-12-03,115.18226278457816,117.19882800902268,115.11272657538204,117.02001953125,16819100,0.021,115.80945167541503,113.52180953979492,52.26,0.011825319624032422
XOM,2025-12-04,116.72200447264626,117.55643899441884,115.8875699508737,116.36438751220705,13686900,-0.0056,116.03026428222657,113.59280288696289,48.01,0.011873964220755824
XOM,2025-12-05,115.97697258701088,117.993530298173,115.63922743960852,115.76836395263672,12516900,-0.0051,116.18090019226074,113.63158950805663,40.61,0.011909213593728705
XOM,2025-12-08,115.0630659469568,116.22531730103633,114.2782958010143,115.21207427978516,14904200,-0.0048,116.16979370117187,113.6271469116211,43.75,0.01073598964624177
XOM,2025-12-09,116.12598117519698,119.67234312511398,116.11604526528724,117.467041015625,23790800,0.0196,116.22219734191894,113.7268894958496,47.31,0.011462996531172998
XOM,2025-12-10,117.94386264481751,119.07631381660484,117.58624568752909,118.74849700927734,19845200,0.0109,116.2618621826172,113.88121337890625,57.75,0.011339915529250042
XOM,2025-12-11,118.32134384245384,119.5630672833503,118.28160778287972,118.74849700927734,14781800,0.0,116.38326225280761,114.05050582885742,59.13,0.010831944715321873
XOM,2025-12-12,118.64916172079668,119.12597928223312,117.52663886961136,118.03326416015624,14459500,-0.006,116.43591117858887,114.21928024291992,56.02,0.01088595908788738
XOM,2025-12-15,118.22200910243764,118.2418733430576,116.07630732931368,116.98028564453124,16358700,-0.0089,116.3599178314209,114.32819519042968,56.21,0.010662638905123468
XOM,2025-12-16,115.99683516808264,116.0663713785457,113.85114097459557,113.9206771850586,17638700,-0.0262,116.21091117858887,114.35740447998047,50.53,0.011790745702054907
XOM,2025-12-17,114.44716863723636,116.84121514123431,114.40743257646578,116.63260650634766,18502200,0.0238,116.13044776916504,114.43967071533203,57.14,0.01276930839325706
XOM,2025-12-18,116.2153813721701,116.2153813721701,114.86438562480342,115.76836395263672,13705600,-0.0074,116.09021606445313,114.50937896728516,51.7,0.012481274395121507
XOM,2025-12-19,115.97696632618477,116.79153657881096,115.1921962227349,115.91736602783205,45412800,0.0013,116.07382545471191,114.60392883300781,50.17,0.012471199452717996
XOM,2025-12-22,116.56305674309674,117.67564365102822,116.56305674309674,117.3676986694336,11768600,0.0125,116.12697105407715,114.77042129516602,57.75,0.01278454144660652
XOM,2025-12-23,117.68558094503337,119.23524935952015,117.53657261774538,118.62928771972656,12567600,0.0107,116.29832878112794,114.93240570068359,54.84,0.012747898691652344
XOM,2025-12-24,118.53989055724838,119.2551244849581,118.3312819248128,118.4306182861328,6137400,-0.0017,116.5322696685791,115.0894319152832,56.4,0.0123377426921152
XOM,2025-12-26,118.10279793258158,118.758431539622,117.74518097944652,118.32134246826172,8066100,-0.0009,116.74783287048339,115.25766540527344,58.15,0.012355612404682205
XOM,2025-12-29,119.3544600211866,120.4968471156658,118.60942594811912,119.73194122314452,14782500,0.0119,116.976806640625,115.47321517944336,63.68,0.012428019065592747
XOM,2025-12-30,120.29816845104502,120.99353814268906,119.83127921295451,120.18889617919922,11150500,0.0038,117.19336318969727,115.6663917541504,59.24,0.012398934589204363
XOM,2025-12-31,120.37763974026632,120.45711186085562,119.07631597585063,119.54319763183594,10559900,-0.0054,117.43972129821778,115.83759460449218,52.82,0.012169758679439351
XOM,2026-01-02,119.29485111594778,121.86770603383496,118.81803355745646,121.83790588378906,14175100,0.0192,117.68061561584473,116.05449447631835,59.43,0.012029055832047927
XOM,2026-01-05,124.38095230413708,125.09618621633268,121.57962453395652,124.52996063232422,30112200,0.0221,118.08889427185059,116.28584487915039,67.69,0.0126749691165408
XOM,2026-01-06,124.52002885557944,124.96705385497772,120.19883266800142,120.24850463867188,23328600,-0.0344,118.31290130615234,116.40655303955079,57.57,0.015166114410612542
XOM,2026-01-07,119.0067756340596,119.32465652650384,117.48689980134242,117.7054443359375,20353000,-0.0211,118.43756980895996,116.48802032470704,58.98,0.015967826204095863
XOM,2026-01-08,118.19220505090117,122.81141009874412,117.87432415932456,122.09618377685548,20232700,0.0373,118.66902694702148,116.64646987915039,62.01,0.017462437130203668
XOM,2026-01-09,122.4140674135384,124.0332720571173,122.28492332480052,123.78492736816406,16137700,0.0138,118.92084846496581,116.85661712646484,67.0,0.017551386210061495
XOM,2026-01-12,123.6359162811852,123.6756523399968,121.74849517146582,123.2087631225586,15314900,-0.0047,119.14386177062988,117.02727386474609,65.19,0.01761402775302147
XOM,2026-01-13,124.17234424691262,126.29817417410948,123.9835998584162,125.7021484375,21619700,0.0202,119.52730598449708,117.28246185302734,66.64,0.01795979354587703
XOM,2026-01-14,126.5067780569478,130.8478457773565,126.2882335266516,129.33790588378906,27593900,0.0289,120.14518699645996,117.61686447143555,69.53,0.018586901868052987
XOM,2026-01-15,128.27500915527344,129.337916588086,127.45050293323732,128.27500915527344,17400000,-0.0082,120.8629035949707,117.9418263244629,67.4,0.01738409057912314
XOM,2026-01-16,128.0564613080259,129.29818477469024,128.0167176687486,129.02996826171875,16592400,0.0059,121.48277168273925,118.27440322875977,68.51,0.016877449919625705
XOM,2026-01-20,130.6392422928985,131.0664030646928,129.20878953412495,129.59620666503906,16477300,0.0044,122.17416381835938,118.62736465454101,67.56,0.01661842984539501
XOM,2026-01-21,131.0366008719565,132.84454240214342,131.0366008719565,132.725341796875,18879900,0.0241,123.01456260681152,119.02675857543946,70.38,0.01707079993809065
XOM,2026-01-22,132.1690523578367,133.29156009444506,130.9770008295119,132.75514221191406,16600100,0.0002,123.78393478393555,119.37317733764648,71.92,0.017080751709083776
XOM,2026-01-23,134.1955403288625,135.07964686690326,133.58957864608686,134.0763397216797,17758200,0.01,124.5562873840332,119.7263247680664,70.98,0.017071986903758603
XOM,2026-01-26,136.02334731663586,136.03329080527234,133.28162737596318,133.9471893310547,16056100,-0.001,125.3321159362793,120.04616455078126,67.7,0.01705549687591102
XOM,2026-01-27,134.35447104370763,136.02334000719668,133.81805320765935,135.92401123046875,14517000,0.0148,126.21224937438964,120.43823486328125,82.26,0.017067725775799618
XOM,2026-01-28,136.77832439433692,137.09619771667622,135.7650738112262,136.66905212402344,15637300,0.0055,127.0591049194336,120.8320101928711,92.14,0.01703275791248332
XOM,2026-01-29,139.39092163787078,141.3975359167848,138.188926610574,139.57965087890625,35760600,0.0213,128.02864265441895,121.25360015869141,91.59,0.017319246215516546
XOM,2026-01-30,137.82136923864124,141.2683946138898,136.9173909644709,140.4637451171875,29657700,0.0063,129.0746700286865,121.72485885620117,91.25,0.017050948422456247
XOM,2026-02-02,138.9041515460256,139.39091258721533,137.14586692556136,137.48361206054688,27735600,-0.0212,129.85695533752443,122.10969360351562,81.55,0.01804692421672487
XOM,2026-02-03,137.7220262255062,144.04984387155233,137.39420942637852,142.7783203125,37577800,0.0385,130.7693733215332,122.63380004882812,83.59,0.019146034356465242
XOM,2026-02-04,143.16573706124296,146.86110713253416,143.16573706124296,146.61276245117188,29426200,0.0269,132.08758621215821,123.24115173339844,83.71,0.016944692539646682
XOM,2026-02-05,145.60946711265478,145.75846787035985,142.84787524629766,145.11277770996094,18431700,-0.0102,133.45795288085938,123.81731155395508,82.31,0.01603966793198728
XOM,2026-02-06,145.64919203150373,148.57967156189628,145.12270249015177,148.0631103515625,17216000,0.0203,134.75629920959472,124.47453109741211,83.68,0.014967083181013209
XOM,2026-02-09,148.27170066061862,150.54654639275728,147.64588238117187,150.20880126953125,21297300,0.0145,136.07749290466307,125.20367111206055,84.55,0.014977768613234048
XOM,2026-02-10,150.34788724143306,150.7750328491365,148.82801889209236,150.58628845214844,15800300,0.0025,137.44636917114258,125.9351953125,82.98,0.014694118945310992
XOM,2026-02-11,152.95053017548196,155.89092284145423,152.55318473124476,154.52999877929688,23091500,0.0262,138.88776168823242,126.72274597167969,85.13,0.014968045788841044
XOM,2026-02-12,153.88999938964844,155.25,149.8800048828125,149.92999267578125,30652500,-0.0298,139.91736602783203,127.40419052124024,73.13,0.016808973167548587
XOM,2026-02-13,150.5500030517578,151.66000366210938,147.97999572753906,148.4499969482422,20166000,-0.0099,140.92611541748047,128.08086975097658,70.36,0.016896878409931225
XOM,2026-02-17,148.1999969482422,149.1300048828125,145.14999389648438,146.19000244140625,19766600,-0.0152,141.78411712646485,128.6642694091797,64.3,0.017642022201789145
XOM,2026-02-18,148.14999389648438,150.97999572753906,147.61000061035156,150.67999267578125,19849700,0.0307,142.83830642700195,129.35058151245119,67.67,0.018446162773125246
XOM,2026-02-19,152.1999969482422,153.3800048828125,150.83999633789062,150.97000122070312,20305000,0.0019,143.75053939819335,130.0546142578125,65.38,0.018073105200240146
XOM,2026-02-20,150.49000549316406,150.80999755859375,146.4600067138672,147.27999877929688,25899900,-0.0244,144.4767822265625,130.69597274780273,58.56,0.019326318978614577
