Ticker,Date,Open,High,Low,Close,Volume
SPY,2025-03-05,569.9964212260836,578.0913631561872,566.4283366011412,576.29248046875,71230500
SPY,2025-03-06,568.800429877349,573.4359958315716,563.5026574515875,566.0626220703125,80094900
SPY,2025-03-07,564.2736590980126,570.6883208259039,559.0648080255879,569.2353515625,81158800
SPY,2025-03-10,561.0021324297065,562.9294509409499,549.1414138289008,554.073486328125,99326600
SPY,2025-03-11,552.907117228081,557.473488465779,545.612771416854,549.4674682617188,88102100
SPY,2025-03-12,555.6449248680879,556.574016783005,547.2633707942651,552.3832397460938,69588200
SPY,2025-03-13,552.0076609148241,552.6204598197313,543.2999199883595,545.0197143554688,74079400
SPY,2025-03-14,549.655280917059,557.2857071377122,545.0889095501292,556.2775268554688,62660300
SPY,2025-03-17,556.2577597204585,563.097483760462,555.8228643209595,560.5671997070312,49008700
SPY,2025-03-18,558.2443952250169,558.4618730708418,552.5710286417288,554.50830078125,66041400
SPY,2025-03-19,556.2972851708735,564.3230320254004,555.1112014285828,560.54736328125,66556000
SPY,2025-03-20,556.7915499004863,563.9475069089323,556.0699818531248,558.9264526367188,62958200
SPY,2025-03-21,554.4514053360011,560.0129560782987,553.2121973894178,559.1107788085938,83763000
SPY,2025-03-24,565.8719462913679,570.1844265679264,565.2771506364932,569.1236572265625,58766800
SPY,2025-03-25,570.3331077369899,571.4335099767462,568.7370222712309,570.4917602539062,38355700
SPY,2025-03-26,570.2240858480267,571.3542581528293,562.293154038674,563.6810913085938,51848300
SPY,2025-03-27,562.2831944691987,565.971108987233,560.062543386952,562.18408203125,42164200
SPY,2025-03-28,560.6475137101825,561.3811152230641,550.2777985606353,550.8626708984375,71662700
SPY,2025-03-31,545.0829651282622,555.8690356187795,542.1484990140983,554.5604248046875,95328200
SPY,2025-04-01,552.6372621541935,558.0798545049701,548.8997911229003,556.1268310546875,54609600
SPY,2025-04-02,550.2579079318416,562.5211054527999,550.019989677278,559.6461791992188,76014500
SPY,2025-04-03,540.4037097995117,543.2390031081819,532.0663452148438,532.0663452148438,125986000
SPY,2025-04-04,519.1488461365848,521.3298644038904,500.69953122991006,500.9176330566406,217965100
SPY,2025-04-07,484.966562158496,518.6531751879934,477.64034947944,500.0254211425781,256611400
SPY,2025-04-08,517.3544574544211,520.4475157965463,484.93679417196097,492.193603515625,165816600
SPY,2025-04-09,489.17988772825765,543.8834838867188,488.7932402716448,543.8834838867188,241867300
SPY,2025-04-10,527.5754628052078,528.8939971161361,504.92276379554966,520.051025390625,162331200
SPY,2025-04-11,518.4945722506925,531.7986929533369,515.5799524923516,529.3302001953125,97866300
SPY,2025-04-14,539.3528832417228,539.580938661594,529.2508571038156,534.4654541015625,68034000
SPY,2025-04-15,535.0106570692674,538.5399188279399,532.175363851926,532.9684448242188,56892900
SPY,2025-04-16,527.0896882471153,533.2460954669957,515.7980102587055,521.1216430664062,83484800
SPY,2025-04-17,523.0845951885916,526.5840872057769,519.3867572764926,521.8651733398438,79868100
SPY,2025-04-21,516.6605060954281,517.1958826970866,504.070170487947,509.4433898925781,69368100
SPY,2025-04-22,515.6493363944684,524.7302260402327,514.7075262081219,522.6979370117188,75948100
SPY,2025-04-23,535.7641184612734,540.7209502963145,529.2706808590098,530.79736328125,90590700
SPY,2025-04-24,532.086138426331,542.7036942188355,530.8271442598516,541.9700927734375,64150400
SPY,2025-04-25,541.9305048307399,546.2924809922215,538.9960382976576,545.8860473632812,61119600
SPY,2025-04-28,546.6295538469604,548.770878725811,540.3145544882295,546.0941772460938,47613800
SPY,2025-04-29,544.1709145104755,550.6544896169489,543.8140371215516,549.5342407226562,47775100
SPY,2025-04-30,542.8425243498715,551.7152660165827,536.8447695388113,549.7523193359375,93101500
SPY,2025-05-01,555.5319968692943,559.2000647311057,553.0436574695955,553.6483764648438,63186100
SPY,2025-05-02,559.8543793028188,563.4728911995644,557.5246922514075,561.8668823242188,60717300
SPY,2025-05-05,557.7130106117388,561.7578025218996,556.850526672483,558.6448974609375,38659200
SPY,2025-05-06,553.1130409863903,558.486229861133,552.151444635027,553.9755249023438,48264700
SPY,2025-05-07,555.3139314189718,558.9522292842823,551.239369394788,556.3052978515625,55588000
SPY,2025-05-08,560.3598961984284,565.3861307660613,556.8504811637198,560.1814575195312,65130800
SPY,2025-05-09,561.5892516710271,562.6004648206437,557.9013974918248,559.4677734375,37603400
SPY,2025-05-12,576.4498296839446,577.9666494201874,572.0580835025086,577.9567260742188,78993600
SPY,2025-05-13,578.3730584556538,583.9941496422729,577.8080328415324,581.7734985351562,67947200
SPY,2025-05-14,582.7351003798474,583.8949821637985,580.4846792150129,582.5170288085938,66283500
SPY,2025-05-15,580.5045239452851,585.8677897044162,580.0484736048338,585.3622436523438,71268100
SPY,2025-05-16,586.1454032115668,589.3673441171694,584.1924403834937,589.0699462890625,76052100
SPY,2025-05-19,583.0225710566098,590.3983396880136,583.0225710566098,589.7142944335938,68168500
SPY,2025-05-20,587.9695461543464,588.9212192076606,584.5096264657933,587.7315673828125,60614500
SPY,2025-05-21,583.359599797301,587.4638708843231,576.7967595991499,577.8277587890625,95197700
SPY,2025-05-22,577.629506378804,581.5553390131786,576.3902984080268,578.0558471679688,70860400
SPY,2025-05-23,571.0072475595028,576.7869310981343,570.6305234552773,574.1102294921875,76029000
SPY,2025-05-27,581.0101064535629,586.2048566469568,573.4360527249615,586.0462646484375,72588500
SPY,2025-05-28,586.4527734503207,587.6523487169525,581.9222212137981,582.6558227539062,68445500
SPY,2025-05-29,587.9397721452495,588.0785779673218,581.0101304856973,584.9557495117188,69973300
SPY,2025-05-30,583.8454633007033,586.0264816938155,578.2045855174352,584.301513671875,90601200
SPY,2025-06-02,582.6856189346104,587.6721612666921,580.0089171212081,587.5928955078125,61630500
SPY,2025-06-03,587.2259796444896,591.9250465362925,586.740159298439,590.943603515625,63606200
SPY,2025-06-04,591.8061095833268,592.7875526407612,590.3487695069823,590.7849731445312,57314200
SPY,2025-06-05,592.4702844558809,593.8284515327539,585.9470768439928,587.9298095703125,92278700
SPY,2025-06-06,593.4913881340742,595.6426968087642,591.7069406984755,593.96728515625,66588700
SPY,2025-06-09,594.5422573867003,596.0590770966814,593.322896017802,594.5026245117188,53016400
SPY,2025-06-10,595.0379370041686,598.2598779419187,593.9177485918233,597.873291015625,66247000
SPY,2025-06-11,598.9736747077318,599.8361586452579,594.0961689044454,596.1680908203125,73658200
SPY,2025-06-12,594.8297748594797,598.5374755859375,594.3440149953893,598.5374755859375,64129000
SPY,2025-06-13,593.332875007361,596.6539287176514,590.3389286898089,591.8458251953125,89506000
SPY,2025-06-16,595.2164006808653,599.2314224312138,595.0379014846701,597.4766845703125,79984100
SPY,2025-06-17,595.0280706090336,596.5547531382241,591.6078443016146,592.3712158203125,82209400
SPY,2025-06-18,593.2732877481382,596.0292547686196,591.3202645518776,592.2819213867188,76605000
SPY,2025-06-20,594.9675856083323,596.0414436168163,589.4790454395113,590.8909912109375,94051400
SPY,2025-06-23,591.6465733053511,597.1152078061239,588.5145735944315,596.7274780273438,87426000
SPY,2025-06-24,600.8836010096178,604.3834856367664,599.9688039561656,603.3196411132812,67735300
SPY,2025-06-25,604.4431877891288,605.1392079707367,602.086708265907,603.65771484375,62114800
SPY,2025-06-26,605.517034479532,608.8181084243395,604.9005750782753,608.380615234375,78548400
SPY,2025-06-27,609.3848675360332,612.8748603878714,607.3465704310272,611.4032592773438,86258400
SPY,2025-06-30,613.8591865146053,615.6886593072754,611.5325044540273,614.3264770507812,92502500
SPY,2025-07-01,612.8450033281383,615.3009489521946,612.0098276707645,614.127685546875,70030100
SPY,2025-07-02,613.7200271324969,616.9514932068568,613.0936150077308,616.9117431640625,66510400
SPY,2025-07-03,618.9003311484321,622.7085065821568,618.8804257837007,621.7738647460938,51065800
SPY,2025-07-07,619.8050287830624,620.4712515380828,614.3463473867639,617.1403198242188,74814500
SPY,2025-07-08,617.8065573856337,618.5622329876766,615.9870371559156,616.8023681640625,59024600
SPY,2025-07-09,619.2184771119485,621.1573080723725,617.3690382262929,620.5010986328125,66113300
SPY,2025-07-10,620.6402811009391,623.2950374474425,619.4570650879599,622.2510375976562,57529000
SPY,2025-07-11,619.1886732139827,621.2965785748338,617.9856123550688,620.0636596679688,63670200
SPY,2025-07-14,619.6062115300674,621.5948059142781,618.2539819137044,621.246826171875,51898500
SPY,2025-07-15,623.9413645164026,624.2793915612978,618.5124802515571,618.592041015625,74317300
SPY,2025-07-16,620.1829130237127,621.1672575214722,614.5253596449445,620.66015625,88987500
SPY,2025-07-17,620.8391784397268,624.8163671275224,620.6204015046147,624.4583740234375,68885700
SPY,2025-07-18,625.7111996075373,625.8802131347736,622.8874296174818,624.0010375976562,65621600
SPY,2025-07-21,625.1842651367188,627.9384270926762,624.7567246264017,625.1842651367188,63375000
SPY,2025-07-22,625.5123643014988,626.1387764125508,622.6189860590433,625.2737426757812,60046300
SPY,2025-07-23,627.9483363497261,630.5932006835938,626.138708302101,630.5932006835938,70511000
SPY,2025-07-24,630.9809681636451,632.5221773472229,630.3744614468128,630.802001953125,71307100
SPY,2025-07-25,631.4682494008442,633.9440397736063,631.2196750953526,633.4667358398438,56865400
SPY,2025-07-28,633.8445768779104,634.4013808975731,631.9156378299562,633.3076782226562,54917100
SPY,2025-07-29,634.7096125224674,635.0277949185313,630.722531607152,631.6372680664062,60556300
SPY,2025-07-30,632.2934318863223,634.0434045947875,627.9384054781906,630.841796875,80418900
SPY,2025-07-31,635.8132594113927,636.200989166749,627.1728149946817,628.475341796875,103385200
SPY,2025-08-01,622.7282752516747,622.7680859762785,615.7582427178595,618.1743774414062,140103600
SPY,2025-08-04,622.1019219542782,627.6202593639928,622.0124691896333,627.570556640625,73218000
SPY,2025-08-05,628.187016594973,629.0023475949919,623.464104816374,624.3887939453125,68051400
SPY,2025-08-06,625.462617040701,629.8275961427472,624.5478806448895,629.17138671875,64357500
SPY,2025-08-07,632.6116453260242,633.3474155493337,625.5223013845391,628.6444091796875,74205800
SPY,2025-08-08,630.4440623273716,634.0136158764692,630.125879949944,633.5462646484375,64051600
SPY,2025-08-11,633.824713555593,635.3062066703783,631.0406328520911,632.29345703125,58742300
SPY,2025-08-12,634.6499095494731,639.1839021511607,633.1584638161933,639.0248413085938,64730800
SPY,2025-08-13,641.2321859855442,642.5049155421342,639.0149226306152,641.2123413085938,60092800
SPY,2025-08-14,639.1242567818475,641.9381347685223,638.6768716045066,641.27197265625,59327500
SPY,2025-08-15,642.3060144753327,642.4054806038605,638.8558324502803,639.7705688476562,68592500
SPY,2025-08-18,639.1939154739885,640.3274289037191,638.5178006265407,639.6314086914062,43804900
SPY,2025-08-19,639.4523760102862,640.4367204754008,634.8388226855677,636.1612548828125,69750700
SPY,2025-08-20,635.7536294439067,636.0120957287904,629.3404006137462,634.470947265625,88890300
SPY,2025-08-21,632.6514763962614,634.3317804706619,630.195530658508,631.9255981445312,54805800
SPY,2025-08-22,634.1230118894028,642.8131599802851,633.6159105915494,641.6299438476562,84083200
SPY,2025-08-25,640.3671451910226,641.6100166878209,638.686780499868,638.8060913085938,51274300
SPY,2025-08-26,638.5376929659955,641.8288143683822,637.9112808564007,641.4807739257812,51581600
SPY,2025-08-27,640.8941330732226,643.6781530071313,640.7449642231398,642.9423828125,48341100
SPY,2025-08-28,643.548887361664,645.7761033013204,641.6597591604225,645.2192993164062,61519500
SPY,2025-08-29,643.777581165663,644.1455269630451,639.472317969575,641.3713989257812,74522200
SPY,2025-09-02,633.8644906037873,636.8374296419402,631.2991867317828,636.6187133789062,81983500
SPY,2025-09-03,639.0049424066366,640.5361988813526,636.8075845104526,640.06884765625,70820900
SPY,2025-09-04,640.7450037735979,645.4480709373178,639.8402199968853,645.418212890625,65219200
SPY,2025-09-05,647.7646994415851,648.4905776412766,639.6612139364762,643.5488891601562,85178900
SPY,2025-09-08,644.9210585487652,646.1341327155172,643.5389708468488,645.1298828125,63133100
SPY,2025-09-09,645.2689866211995,647.148222783044,643.5289666240282,646.6212768554688,66133900
SPY,2025-09-10,649.8924717726807,650.817160801947,646.9195331255914,648.4905395507812,78034500
SPY,2025-09-11,650.4493620868353,654.5757199134183,649.8627606991871,653.8796997070312,69934400
SPY,2025-09-12,653.8497465125743,655.351144838518,653.1537870945498,653.6608276367188,72780100
SPY,2025-09-15,655.8782140097094,657.2701936656516,655.5799369896564,657.1409301757812,63772400
SPY,2025-09-16,657.6977327581834,658.0060231465056,655.450672087237,656.2361450195312,61169000
SPY,2025-09-17,656.2461210913638,657.9463305061431,650.5686620900484,655.4208374023438,101952200
SPY,2025-09-18,658.1153302554297,661.098221592467,656.504573788396,658.4832153320312,90459200
SPY,2025-09-19,660.3786700487054,662.5921003065068,658.4244226642126,661.74462890625,97945600
SPY,2025-09-22,660.2490220888672,665.3239917254978,660.2190812650523,664.8753662109375,69452200
SPY,2025-09-23,664.7557113987294,665.3739407705357,660.0296859026699,661.256103515625,81708900
SPY,2025-09-24,662.5522091075384,662.6518901422049,657.7264420940938,659.1522216796875,68082200
SPY,2025-09-25,656.0016057727498,657.4672457066506,652.4819765077987,656.1112670898438,89622100
SPY,2025-09-26,657.5669862915963,660.4185456623683,655.9417836675868,659.8701782226562,69179200
SPY,2025-09-29,662.4026597035332,663.3199930316334,659.9100251593522,661.7246704101562,73499000
SPY,2025-09-30,660.976860345401,664.6859320813617,659.6607420426623,664.21728515625,86288000
SPY,2025-10-01,661.2161783670498,667.3979243492374,661.1065170498754,666.4806518554688,72545400
SPY,2025-10-02,668.4747085274895,668.5943501107935,664.8155382515555,667.248291015625,56896000
SPY,2025-10-03,668.0160736487628,670.6981508367895,666.1914481336265,667.2384033203125,70494400
SPY,2025-10-06,669.6412668959266,670.5286593813627,667.4876574687494,669.6312866210938,54623300
SPY,2025-10-07,670.5585274945992,671.0072138668005,665.7028804529681,667.1486206054688,72020100
SPY,2025-10-08,668.2753327277967,671.2266339865188,667.4477610054765,671.1268920898438,60702200
SPY,2025-10-09,671.5456907353398,671.9544560264949,667.2384109165724,669.1826171875,66501900
SPY,2025-10-10,670.1497521868876,671.9643973425017,650.9166069608107,651.0960693359375,159422600
SPY,2025-10-13,658.7036354539871,663.170417127303,657.8262232173948,661.0865478515625,79560500
SPY,2025-10-14,655.2338407773344,663.8683609233883,651.2456255038628,660.2789306640625,88779600
SPY,2025-10-15,664.855429242796,668.2553559603689,656.988660072404,663.2102661132812,81702600
SPY,2025-10-16,664.8554499895176,666.7398963555108,655.1740352792065,658.6936645507812,110563300
SPY,2025-10-17,657.5570092911896,663.7985760836355,656.2010306703355,662.4326171875,96500900
SPY,2025-10-20,665.3539499346838,670.2295576279439,665.3041094156895,669.3222045898438,60493400
SPY,2025-10-21,669.4617772299453,671.0071983826805,668.0060568363804,669.3121948242188,56249000
SPY,2025-10-22,670.0201576878661,670.0201576878661,661.3457774038759,665.83251953125,80564000
SPY,2025-10-23,666.1515932793667,670.7280970890292,665.8325287543602,669.7808837890625,65604500
SPY,2025-10-24,674.4670490970213,676.4710761570719,673.6594379369009,675.2546997070312,74356500
SPY,2025-10-27,680.7185156175003,683.5202343374859,680.1103274099472,683.2211303710938,63339800
SPY,2025-10-28,685.0257863269245,686.8802917495992,682.8123561492805,685.0357666015625,61738100
SPY,2025-10-29,686.6908448301914,687.6679989086465,680.8581046045199,685.3648071289062,85657100
SPY,2025-10-30,681.8851035842282,683.919071384824,677.8270874023438,677.8270874023438,76335800
SPY,2025-10-31,683.0217380676526,683.0616591685175,677.2388379885472,680.050537109375,87164100
SPY,2025-11-03,683.6498738048132,683.7794956694769,677.9367749059246,681.3267822265625,57315000
SPY,2025-11-04,674.1180423048241,677.9567360174515,672.5925816080086,673.2506103515625,78427000
SPY,2025-11-05,672.9913638051393,678.8540450990596,672.1837526501265,675.583740234375,74402400
SPY,2025-11-06,674.4769688014325,675.384321857154,666.7498016918889,668.3351440429688,85035300
SPY,2025-11-07,665.9421818455136,669.1028862313885,659.2619700189845,668.9931640625,100592400
SPY,2025-11-10,675.2447347362015,680.1701831536659,673.0412846911101,679.432373046875,75842900
SPY,2025-11-11,677.9467300747958,681.5560598909952,676.7302928180768,680.9877319335938,58953400
SPY,2025-11-12,682.7724572806613,682.9420002443612,678.9438047256676,681.3666381835938,62312500
SPY,2025-11-13,678.4950944095032,678.8540191634994,668.5445172010542,670.0599975585938,103457800
SPY,2025-11-14,663.4196879466924,673.669369761962,661.3159189526839,669.9503784179688,96846700
SPY,2025-11-17,667.7269573864955,671.7251529532939,660.2191128892804,663.7088012695312,90456100
SPY,2025-11-18,660.1493223141129,663.1604443809363,653.9277160969795,658.1353149414062,114467500
SPY,2025-11-19,658.8332701356088,665.3739409367662,656.8092216159307,660.6777954101562,94703000
SPY,2025-11-20,670.9274443593279,673.5696612658603,649.969414909385,650.6075439453125,165293500
SPY,2025-11-21,653.1200634979649,662.5920743656175,648.9324254696204,657.08837890625,123956200
SPY,2025-11-24,660.7375826041805,668.0858642133718,659.6408477705503,666.759765625,80437900
SPY,2025-11-25,666.6600618545837,674.2177464111714,662.5222643995295,673.03125,81077100
SPY,2025-11-26,675.6336030547216,679.6916195137131,674.7262499751725,677.6775512695312,71879600
SPY,2025-11-28,678.8540116786253,681.6557303234264,678.4950869285864,681.3765869140625,49212000
SPY,2025-12-01,676.8100876493213,680.9777652313311,676.7402865806703,678.2658081054688,61201200
SPY,2025-12-02,679.91089945233,681.8053259843603,677.3285642303521,679.5220947265625,62953800
SPY,2025-12-03,678.5648962284573,682.8920755410956,677.6874840363832,681.8751220703125,57238500
SPY,2025-12-04,683.2809493981625,683.3507504660292,679.3326553413237,682.3736572265625,61970300
SPY,2025-12-05,683.4504163312143,686.3618571461667,682.5630847287977,683.6697998046875,79241000
SPY,2025-12-08,684.5672069678625,684.6170474876437,679.5619773329797,681.6159057617188,55231500
SPY,2025-12-09,681.1373100558188,683.3707007727439,680.5789623765876,681.027587890625,58310100
SPY,2025-12-10,680.5490620813229,686.9401503769751,679.3027447895911,685.5443115234375,85671300
SPY,2025-12-11,683.1214313379483,687.2193077079016,680.1601500103427,687.1395263671875,86173700
SPY,2025-12-12,686.1424918468441,686.8504219479569,677.1690077077839,679.7514038085938,113160300
SPY,2025-12-15,683.7196756361553,683.7396361862291,677.2488060921288,678.7244262695312,90811000
SPY,2025-12-16,677.2288588584025,679.0734449717613,672.9913800472318,676.8699340820312,122030600
SPY,2025-12-17,677.8869129385677,678.4352803496147,669.2225131069573,669.4219360351562,110625200
SPY,2025-12-18,675.603604329658,678.7343677454887,672.9116078583543,674.4769287109375,108650100
SPY,2025-12-19,676.5900268554688,681.0900268554688,676.469970703125,680.5900268554688,103599500
SPY,2025-12-22,683.9400024414062,685.3599853515625,680.5900268554688,684.8300170898438,69556700
SPY,2025-12-23,683.9199829101562,688.2000122070312,683.8699951171875,687.9600219726562,64840000
SPY,2025-12-24,687.9500122070312,690.8300170898438,687.7999877929688,690.3800048828125,39445600
SPY,2025-12-26,690.6400146484375,691.6599731445312,689.27001953125,690.3099975585938,41613300
SPY,2025-12-29,687.5399780273438,689.2000122070312,686.0700073242188,687.8499755859375,62559500
SPY,2025-12-30,687.4500122070312,688.5599975585938,686.5800170898438,687.010009765625,47160700
SPY,2025-12-31,687.1400146484375,687.3599853515625,681.7100219726562,681.9199829101562,74144800
SPY,2026-01-02,685.7100219726562,686.8699951171875,679.8200073242188,683.1699829101562,89377200
SPY,2026-01-05,686.5399780273438,689.4299926757812,686.3800048828125,687.719970703125,71927200
SPY,2026-01-06,687.9299926757812,692.3200073242188,687.780029296875,691.8099975585938,69273800
SPY,2026-01-07,692.1900024414062,693.9600219726562,689.3200073242188,689.5800170898438,75588300
SPY,2026-01-08,688.8200073242188,690.6199951171875,687.489990234375,689.510009765625,64019200
SPY,2026-01-09,690.6300048828125,695.3099975585938,689.1799926757812,694.0700073242188,80125500
SPY,2026-01-12,690.6799926757812,696.0900268554688,690.6300048828125,695.1599731445312,63976000
SPY,2026-01-13,695.489990234375,696.0900268554688,691.3499755859375,693.77001953125,78309700
SPY,2026-01-14,691.0,691.719970703125,686.0399780273438,690.3599853515625,94676700
SPY,2026-01-15,694.5700073242188,695.4500122070312,691.25,692.239990234375,77862000
SPY,2026-01-16,693.6599731445312,694.25,690.0999755859375,691.6599731445312,79289200
SPY,2026-01-20,681.489990234375,684.77001953125,676.5700073242188,677.5800170898438,111623300
SPY,2026-01-21,679.6500244140625,688.739990234375,678.1300048828125,685.4000244140625,127844500
SPY,2026-01-22,689.8499755859375,691.1300048828125,686.9199829101562,688.97998046875,77112200
SPY,2026-01-23,688.1500244140625,690.9600219726562,687.1599731445312,689.22998046875,63059600
SPY,2026-01-26,690.489990234375,694.1300048828125,689.9199829101562,692.72998046875,60473800
SPY,2026-01-27,694.1799926757812,696.530029296875,693.5700073242188,695.489990234375,55506100
SPY,2026-01-28,697.0499877929688,697.8400268554688,693.9400024414062,695.4199829101562,61172200
SPY,2026-01-29,696.3900146484375,697.0599975585938,684.8300170898438,694.0399780273438,97486200
SPY,2026-01-30,691.7899780273438,694.2100219726562,687.1199951171875,691.969970703125,101835100
SPY,2026-02-02,689.5800170898438,696.9299926757812,689.4199829101562,695.4099731445312,79286500
SPY,2026-02-03,696.2100219726562,696.9600219726562,684.030029296875,689.530029296875,107904600
SPY,2026-02-04,690.3499755859375,691.4500122070312,681.760009765625,686.1900024414062,105204600
SPY,2026-02-05,680.9400024414062,683.6900024414062,675.7899780273438,677.6199951171875,113610800
SPY,2026-02-06,681.4600219726562,692.3099975585938,680.8499755859375,690.6199951171875,89127600
SPY,2026-02-09,689.4199829101562,695.8699951171875,688.3400268554688,693.9500122070312,73885200
SPY,2026-02-10,694.9500122070312,696.5399780273438,691.6599731445312,692.1199951171875,65185700
SPY,2026-02-11,696.3900146484375,697.1400146484375,689.1799926757812,691.9600219726562,76353900
SPY,2026-02-12,694.239990234375,695.3499755859375,680.3699951171875,681.27001953125,118829000
SPY,2026-02-13,681.6900024414062,686.280029296875,677.52001953125,681.75,96267500
SPY,2026-02-17,680.1400146484375,684.9400024414062,675.780029296875,682.8499755859375,81354700
SPY,2026-02-18,684.02001953125,689.1500244140625,682.8300170898438,686.2899780273438,73570300
SPY,2026-02-19,683.8400268554688,686.1799926757812,681.5499877929688,684.47998046875,58649400
SPY,2026-02-20,682.3200073242188,690.0599975585938,681.72998046875,689.4299926757812,100034000
SPY,2026-02-23,687.8300170898438,690.0,680.3699951171875,682.3900146484375,90558100
SPY,2026-02-24,681.9000244140625,688.3499755859375,680.0,687.3499755859375,73798700
SPY,2026-02-25,690.1799926757812,693.6799926757812,690.0999755859375,693.1500244140625,56369500
SPY,2026-02-26,693.280029296875,693.2999877929688,684.3499755859375,689.2999877929688,71671000
SPY,2026-02-27,683.0900268554688,686.8599853515625,681.6400146484375,685.989990234375,83308900
SPY,2026-03-02,678.7000122070312,688.6199951171875,678.02001953125,686.3800048828125,87477200
SPY,2026-03-03,675.0599975585938,682.6099853515625,669.6599731445312,680.3300170898438,105003100
SPY,2026-03-04,681.6300048828125,687.0900268554688,679.6199951171875,685.1300048828125,67744042
QQQ,2025-03-05,493.69615719563,501.08865768290207,488.7810823027222,499.4768371582031,46323700
QQQ,2025-03-06,491.1988602040493,496.06416964846954,483.7466641946697,485.736572265625,57574300
QQQ,2025-03-07,484.7017992368597,490.7909129209113,478.1052492912749,489.3084411621094,54714700
QQQ,2025-03-10,481.01054355010933,481.5279087208424,466.2951647732502,470.3446350097656,76668000
QQQ,2025-03-11,469.96652188682117,476.39391614178453,464.65347123925363,469.2203063964844,68760800
QQQ,2025-03-12,476.7421760776683,478.632582659648,469.40936974367503,474.51348876953125,46971100
QQQ,2025-03-13,473.84683526899994,473.876682674001,464.07637985083835,465.97674560546875,46563300
QQQ,2025-03-14,471.3395844196507,478.135107096926,470.7326466711819,477.2396545410156,43563000
QQQ,2025-03-17,477.1898651106022,483.3884393542646,475.3890008308422,480.33392333984375,41744400
QQQ,2025-03-18,476.9909292232243,477.18990181693584,470.02625080796986,472.1455078125,39072300
QQQ,2025-03-19,474.40401064913135,482.8810077328089,472.4737974749432,478.46343994140625,40430300
QQQ,2025-03-20,474.4737097376755,482.10499057927984,473.7772297315293,476.8417053222656,36780500
QQQ,2025-03-21,471.6877671830669,479.1797694014654,470.52368803573967,478.4136657714844,42234900
QQQ,2025-03-24,486.00252834320924,489.7591180442307,482.67442997651204,488.9121398925781,34567200
QQQ,2025-03-25,489.639545469345,491.8615821216475,488.67299966529646,491.7021484375,26035200
QQQ,2025-03-26,490.54628025757523,491.4032325143907,481.1000700784772,482.6545104980469,34627100
QQQ,2025-03-27,480.69152170184447,484.84664994408064,478.5392125885613,479.9043273925781,33469800
QQQ,2025-03-28,478.10080496658304,478.80826727024373,466.3826870366339,467.26953125,46363800
QQQ,2025-03-31,460.2745390190723,468.1862267806507,455.70086298518777,467.2496032714844,53000300
QQQ,2025-04-01,465.6353253704141,471.94279304476703,462.76561033586444,471.01611328125,41156200
QQQ,2025-04-02,464.4595575234652,477.85168326885497,464.20047397854324,474.4538269042969,49894500
QQQ,2025-04-03,454.8140661780558,458.43114021224955,448.5365202800929,449.0546569824219,70456300
QQQ,2025-04-04,436.57922963452495,438.8012662497565,421.1643371582031,421.1643371582031,117088400
QQQ,2025-04-07,407.20423705779143,441.5614201479207,400.95658358107875,422.1806945800781,161557000
QQQ,2025-04-08,436.59916084576554,441.56143170449565,408.33022721914836,414.577880859375,101248100
QQQ,2025-04-09,414.08962016496724,466.16343342206665,413.9501042914269,464.3399658203125,142876900
QQQ,2025-04-10,451.9442914367033,453.96705879904806,431.0888571820337,444.590576171875,108384100
QQQ,2025-04-11,443.06601303442744,454.166343503739,439.7578326035757,452.7812805175781,52483800
QQQ,2025-04-14,462.8054576620582,463.3933522712816,451.01761274443425,455.850341796875,43941200
QQQ,2025-04-15,456.90654896754893,460.7328660655078,454.5250482813498,456.3584899902344,35404200
QQQ,2025-04-16,447.43041565591307,451.00762332139715,436.2005738134235,442.5976867675781,48980600
QQQ,2025-04-17,445.57707652380003,446.1549970317344,439.78774529190997,442.51800537109375,44837000
QQQ,2025-04-21,436.66892548782397,437.5158732469855,426.4055984325901,431.567138671875,44149300
QQQ,2025-04-22,437.2568260974721,445.9856002161295,436.06108861931057,442.89666748046875,52304400
QQQ,2025-04-23,456.53789090300927,461.729322993314,451.2667267648559,452.94073486328125,55801100
QQQ,2025-04-24,454.8539073702654,465.99407392862616,454.20619851663224,465.6851806640625,45956100
QQQ,2025-04-25,465.30653409695293,471.4047282191122,463.7321758428064,470.8766174316406,38697100
QQQ,2025-04-28,471.34492884890216,473.1185867567387,464.36986487736374,470.7271423339844,33550800
QQQ,2025-04-29,468.4951374553907,474.722873222181,467.91718654726753,473.8360290527344,30613100
QQQ,2025-04-30,465.4659581608863,475.5000933242452,460.7826887017505,473.7762451171875,46810600
QQQ,2025-05-01,481.68799014968596,485.4445496274069,479.0274879012116,479.9641418457031,43316500
QQQ,2025-05-02,484.8068330037864,489.1612611202772,483.10290255126364,487.0886535644531,39218100
QQQ,2025-05-05,482.87372581995743,487.2879376271539,482.37550695931134,484.198974609375,28309500
QQQ,2025-05-06,477.85165256506167,483.3220857108989,476.4865378055177,479.695068359375,32786300
QQQ,2025-05-07,480.36271382704064,484.06946360216114,475.0816057321311,481.578369140625,38006300
QQQ,2025-05-08,486.78973347402933,490.9448922772597,482.4452794741909,486.55059814453125,39577600
QQQ,2025-05-09,488.46373075344206,489.789009962343,484.4680361370782,486.2317199707031,27767400
QQQ,2025-05-12,505.1839717833884,506.0807900972725,499.69362038673546,506.0409240722656,45090600
QQQ,2025-05-13,507.34623920694446,515.5469326874095,506.60888501619945,513.7533569335938,53269600
QQQ,2025-05-14,514.9291670405382,517.3803650369858,513.9127810511419,516.8323364257812,47014500
QQQ,2025-05-15,514.6800131330596,520.0707142555518,513.3347857660638,517.4002685546875,50153300
QQQ,2025-05-16,518.8052741008747,519.8416083280616,515.2579579935311,519.6522827148438,48394600
QQQ,2025-05-19,512.4081714236444,520.6686798199481,512.4081714236444,520.1505126953125,52536200
QQQ,2025-05-20,517.6194881585196,519.0743091661009,514.819500517199,518.4166870117188,42517600
QQQ,2025-05-21,514.4308762190406,521.1368820270468,509.41876573284907,511.21234130859375,71292800
QQQ,2025-05-22,511.83019075096956,515.8658123150946,510.47504999969107,512.1690063476562,55607200
QQQ,2025-05-23,504.3768065189935,510.01664731335114,503.77893784231316,507.4259033203125,58368100
QQQ,2025-05-27,514.3113951204324,519.8515868592059,512.7569545841645,519.36328125,47226300
QQQ,2025-05-28,520.3197717374468,521.8144281175329,516.5432951781431,517.0614013671875,46637200
QQQ,2025-05-29,524.4551068947912,524.6045360691892,515.4771928839561,518.077880859375,58513300
QQQ,2025-05-30,517.589644720194,518.8252178409589,510.10638723489177,517.2608032226562,67662800
QQQ,2025-06-02,515.3974267063834,521.58532672364,514.1319313645083,521.34619140625,44762800
QQQ,2025-06-03,521.6949026792081,526.8564424978958,520.8280067740416,525.4215698242188,44070300
QQQ,2025-06-04,526.1291111461301,527.9526092750558,524.0963391933162,526.8864135742188,41359300
QQQ,2025-06-05,528.2913461648635,531.1511175724819,520.7981150051966,522.9205322265625,61031200
QQQ,2025-06-06,528.1120196484558,529.9055954761677,526.3284179293108,528.0322875976562,42467000
QQQ,2025-06-09,528.2515065877924,530.453595021937,527.1255271006693,528.8095092773438,33688700
QQQ,2025-06-10,529.2777972976213,532.9945512832284,527.0059509616149,532.3070068359375,40664800
QQQ,2025-06-11,533.7119535961438,534.8678553808483,528.221572163124,530.5133666992188,53701000
QQQ,2025-06-12,529.1981197879245,532.735461425523,528.9490103653087,531.7589111328125,34104900
QQQ,2025-06-13,525.8002917667119,529.9753685874628,523.8572258903529,525.0828857421875,55814400
QQQ,2025-06-16,528.6102414640853,533.4628885796845,528.5604317387102,532.38671875,37622100
QQQ,2025-06-17,529.8159487011125,531.4301730234594,526.0294365200667,527.1953125,42180900
QQQ,2025-06-18,528.2115609532127,530.6528452992457,525.5212280185297,527.1055297851562,43983500
QQQ,2025-06-20,530.3639576995934,531.6593145894406,523.0102423618315,524.9533081054688,61643500
QQQ,2025-06-23,525.5229332044729,530.8698234247422,522.3706802794006,530.3511352539062,50666100
QQQ,2025-06-24,535.5782888900031,539.3789778904177,534.9598085403529,538.4612426757812,45442000
QQQ,2025-06-25,540.7355939583459,541.9825398600767,538.0621492513585,539.8377685546875,44804200
QQQ,2025-06-26,542.0224539142,545.3343497414623,540.196968838495,544.8854370117188,43811400
QQQ,2025-06-27,545.922987304897,548.6462981008426,543.2096009334672,546.7509765625,57577100
QQQ,2025-06-30,549.9131598811205,551.4493754022211,547.6686571277671,550.292236328125,45548700
QQQ,2025-07-01,548.3869215848855,549.3645687252039,543.3293009206998,545.6536254882812,56166700
QQQ,2025-07-02,544.8255458862538,549.6537471519974,544.7856655368287,549.4542236328125,36538300
QQQ,2025-07-03,551.8284721476665,555.8386700313663,551.8284721476665,554.8610229492188,26443500
QQQ,2025-07-07,552.1676854094138,552.9856893302406,548.2373089969742,550.6813354492188,45349300
QQQ,2025-07-08,552.0279766846955,552.656442328,549.7535179973017,550.9905395507812,36153300
QQQ,2025-07-09,553.1252961239118,556.2676245184426,551.7486628164066,554.8909912109375,43045500
QQQ,2025-07-10,555.5294408217566,555.9384123345195,551.399540909487,554.0929565429688,34710900
QQQ,2025-07-11,551.9481827978439,554.4320895669904,550.7012367582291,552.8460083007812,39618600
QQQ,2025-07-14,552.6365273151346,555.5893176048168,550.2823076862738,554.8511352539062,36453300
QQQ,2025-07-15,558.881207037374,559.4298511098242,555.2999512724816,555.3598022460938,43277700
QQQ,2025-07-16,555.9184813380132,558.841315448374,550.2124247955553,555.9284057617188,52314700
QQQ,2025-07-17,556.6566959464612,560.9361929372504,555.8486773290106,560.4274291992188,40423800
QQQ,2025-07-18,561.7441739242998,563.350225741294,558.6118309954545,559.8887329101562,50484700
QQQ,2025-07-21,560.7167515850907,564.6770230188278,560.6867956545606,562.7916259765625,39595200
QQQ,2025-07-22,562.921259039647,562.9711246996918,557.2451587250212,559.8787231445312,43270600
QQQ,2025-07-23,560.9661767273466,562.4724365095674,558.2129099278791,562.4325561523438,40215300
QQQ,2025-07-24,563.7492795819054,564.8565530178993,561.9137482789852,563.6295776367188,42275500
QQQ,2025-07-25,563.5497827933865,566.313034745678,562.8914220636111,564.9862670898438,30630800
QQQ,2025-07-28,566.3528450456176,567.6496566103068,565.4849755661548,566.7518920898438,31498700
QQQ,2025-07-29,569.3655332995753,570.7122106355441,565.1458874865731,565.8740844726562,45463300
QQQ,2025-07-30,566.7918454902335,569.2258866472484,563.6694876691353,566.6322631835938,43433800
QQQ,2025-07-31,573.1362622854951,573.2260691874027,562.4923482714106,563.6295776367188,64613600
QQQ,2025-08-01,557.4647130315702,557.6542512690211,550.3321571804888,552.5267944335938,69400800
QQQ,2025-08-04,557.6840912908586,562.94123486933,557.5843599698458,562.7217407226562,47669800
QQQ,2025-08-05,564.0086701757624,565.1757946176326,558.3624644272935,558.9011840820312,48666600
QQQ,2025-08-06,559.7391099978526,566.3728874107766,559.2603021929511,565.9339599609375,41823700
QQQ,2025-08-07,570.2732989674302,571.9192921000312,563.7293285635382,567.8492431640625,44463000
QQQ,2025-08-08,569.0562817589437,573.3657343884216,568.7570268998204,573.146240234375,35255500
QQQ,2025-08-11,573.285909687358,575.39073988548,570.1735373972913,571.4503784179688,33112900
QQQ,2025-08-12,573.754745111433,578.9320673642603,571.0912854904631,578.6328125,42143300
QQQ,2025-08-13,581.336189461128,581.8948188134602,577.5255153167782,578.922119140625,41209300
QQQ,2025-08-14,576.867214657275,580.4583950264449,576.4980626010837,578.4732666015625,45425000
QQQ,2025-08-15,578.3834553032891,578.4233965447576,574.1638092686386,575.9295043945312,49480200
QQQ,2025-08-18,575.0316052093148,576.3583727113783,573.8345249533343,575.699951171875,29831000
QQQ,2025-08-19,574.9817743394825,575.1513419461467,566.8616474345037,567.88916015625,53752600
QQQ,2025-08-20,566.941450640785,567.0611525811408,557.4746467271129,564.5173950195312,76781100
QQQ,2025-08-21,562.9712019127612,565.1059882525514,559.609440091839,561.9038696289062,46436900
QQQ,2025-08-22,563.2904178641013,572.5876551514443,561.8938747848422,570.5725708007812,51502100
QQQ,2025-08-25,569.0063962953644,571.8892890383006,567.7693747773127,568.9265747070312,34044700
QQQ,2025-08-26,568.4378222244122,571.5202387152399,567.410309470112,571.2109985351562,34103000
QQQ,2025-08-27,570.1935457073605,573.0066024398417,568.9764946916996,572.0888671875,36927100
QQQ,2025-08-28,572.707329573353,576.5878402039835,571.0613973569876,575.6701049804688,46787900
QQQ,2025-08-29,573.2560108987077,573.6251629601264,567.1509676530454,569.0064697265625,56030400
QQQ,2025-09-02,559.938570005311,564.5871576131589,558.1728750960445,564.238037109375,65876800
QQQ,2025-09-03,567.8392715420716,570.30326864531,565.3453793937941,568.67724609375,54230200
QQQ,2025-09-04,569.3455646209001,574.1936761101587,567.6397814409955,573.8245849609375,47526300
QQQ,2025-09-05,579.0717573630119,579.7002230398967,570.1336870891607,574.652587890625,68342500
QQQ,2025-09-08,576.9569100864685,579.4209069942706,576.3584003727692,577.4556884765625,46371400
QQQ,2025-09-09,578.2537612972826,579.5206779783559,575.6301819149563,579.0917358398438,44007600
QQQ,2025-09-10,582.3138007742962,582.3437567038031,577.1364785105435,579.28125,49308000
QQQ,2025-09-11,581.8150406027271,583.4510484301161,580.1990033956353,582.6530151367188,44745800
QQQ,2025-09-12,583.6105864506874,586.423703827438,582.6728806584372,585.2266235351562,50745900
QQQ,2025-09-15,587.0023615482407,590.3441526771844,586.8527036647196,590.2344360351562,44360300
QQQ,2025-09-16,591.1620945578748,591.4114837468736,589.0472791060467,589.735595703125,36942100
QQQ,2025-09-17,589.6558208790498,590.3042571762861,582.942282862292,588.5585327148438,69384800
QQQ,2025-09-18,593.4565071541567,596.678657118695,591.5113200438022,593.8655395507812,61069300
QQQ,2025-09-19,595.8705968632576,598.583922026821,594.3941714550525,597.8856201171875,58196100
QQQ,2025-09-22,596.9708269829692,602.0942306490323,596.9508332125652,601.4251098632812,57154800
QQQ,2025-09-23,601.5949151722127,601.7946700200599,596.2118359493293,597.4302978515625,64635500
QQQ,2025-09-24,598.8085103543956,599.1281059107118,592.5964822123717,595.3329467773438,49850300
QQQ,2025-09-25,591.4379907146171,594.354216296693,587.7427395490681,592.7662963867188,70920200
QQQ,2025-09-26,593.585214360816,595.5327174506845,590.2994696097071,595.203125,54337400
QQQ,2025-09-29,598.3391106571707,601.275330198043,596.6412858554952,597.9595947265625,48332900
QQQ,2025-09-30,597.659966987958,599.9370624727763,595.3329480316206,599.5974731445312,46533800
QQQ,2025-10-01,596.4015613877941,603.0130380816322,595.5726732971928,602.4737548828125,46899600
QQQ,2025-10-02,606.2788672228089,606.378714165839,602.1541765957764,604.9505615234375,43765400
QQQ,2025-10-03,605.7296019230981,606.5485541284623,600.6161947999731,602.4038696289062,46482100
QQQ,2025-10-06,607.6670775886568,608.5758798079479,605.1902273252953,606.9280395507812,41962100
QQQ,2025-10-07,608.2363844032766,608.9254990082667,602.2541015785323,603.732177734375,58209500
QQQ,2025-10-08,604.6309888518371,610.9628579603992,604.481218431623,610.6532592773438,50629800
QQQ,2025-10-09,610.6931491958702,610.8229867928995,606.6982962574127,609.9141845703125,45551000
QQQ,2025-10-10,610.6132994204178,612.3909772904724,588.2920219287263,588.741455078125,97614800
QQQ,2025-10-13,598.9083327066105,602.1741444216893,596.4614731416003,601.2353515625,65872600
QQQ,2025-10-14,594.5439886761187,601.9144974152143,589.3706613014698,597.2305297851562,69203200
QQQ,2025-10-15,603.232804101606,605.9193452011472,595.1631839173533,601.445068359375,62805500
QQQ,2025-10-16,604.3313635356964,607.5272581453062,594.7337437778706,599.2179565429688,70982000
QQQ,2025-10-17,597.1806072651552,604.7308770883808,595.6026232431807,603.1528930664062,72024900
QQQ,2025-10-20,606.3587502275053,612.0114401498232,606.2888329883251,610.7530517578125,45761700
QQQ,2025-10-21,610.8529979566828,611.9315643975107,608.5359758597962,610.5933227539062,44538200
QQQ,2025-10-22,610.034035159382,610.6232418416384,598.9682752728291,604.7108764648438,61478800
QQQ,2025-10-23,604.1316243630486,610.5833341066889,603.7421725102494,609.7943725585938,42844300
QQQ,2025-10-24,615.1973511503762,617.6242169779957,614.3384724044602,616.305908203125,47632500
QQQ,2025-10-27,623.7164465731967,627.7412294550786,623.2270868116484,627.2818603515625,54098600
QQQ,2025-10-28,629.5488872669928,633.8633359425862,628.4403301580431,632.1055908203125,61195700
QQQ,2025-10-29,634.77220425535,636.190360053584,629.4390484873167,634.9519653320312,67422800
QQQ,2025-10-30,631.3565662863019,632.6848720357782,625.1346019679808,625.2444458007812,61628600
QQQ,2025-10-31,633.3539723359148,633.3839629929544,625.883616641787,628.2605590820312,66305100
QQQ,2025-11-03,634.2927319253315,635.001840248536,629.0394906897283,631.2666625976562,37154300
QQQ,2025-11-04,622.478029730703,626.1432903257465,617.6642245044198,618.4531860351562,63830800
QQQ,2025-11-05,617.6941518361581,625.7937017112316,616.4158305661566,622.47802734375,48688500
QQQ,2025-11-06,620.9899080817669,621.2395864016282,609.5147022540025,610.8829345703125,72115100
QQQ,2025-11-07,607.5272307243642,609.1651350193971,597.899620744235,608.9553833007812,81835400
QQQ,2025-11-10,618.1235878797521,623.5066669290842,616.0962316788492,622.4280395507812,55919900
QQQ,2025-11-11,619.7714893858831,621.9186863012081,616.7254261621581,620.7702026367188,44868800
QQQ,2025-11-12,624.0359942081623,624.0559270220305,617.0150110236092,620.2808227539062,47444400
QQQ,2025-11-13,616.74538060573,617.324651379383,605.3001653620098,607.6171875,71333600
QQQ,2025-11-14,598.7785201159286,612.5607508498654,596.4015776914192,608.0765380859375,80087300
QQQ,2025-11-17,605.5198574697043,611.6918983068232,599.098138309288,602.8832397460938,63850400
QQQ,2025-11-18,598.8484631892511,601.5350044005672,590.5791487748494,595.542724609375,83327300
QQQ,2025-11-19,596.3017594726007,605.3800292662713,593.824969985886,599.09814453125,73111500
QQQ,2025-11-20,610.8330032979317,613.239936406368,583.997582698434,584.9163818359375,117743200
QQQ,2025-11-21,586.7140389774793,596.2118116612933,579.992718365408,589.3107299804688,103344200
QQQ,2025-11-24,594.5140557410294,605.8993502749281,594.3941540703303,604.3812866210938,60168100
QQQ,2025-11-25,602.7334243546638,609.4747385807095,596.5513870928105,608.1065063476562,57560900
QQQ,2025-11-26,611.7218691656304,615.3971266508202,609.6046019291258,613.4796142578125,42393600
QQQ,2025-11-28,615.3172117702823,618.5231032781257,614.6280971828623,618.4531860351562,23034400
QQQ,2025-12-01,612.8404314452031,618.642953131189,611.7318743402105,616.3758544921875,40957600
QQQ,2025-12-02,618.6629362671166,622.9473941962435,616.7953473526289,621.1996459960938,54541800
QQQ,2025-12-03,618.8227062993094,623.4167629201941,617.2347863490129,622.7177124023438,47841600
QQQ,2025-12-04,624.125857327544,624.1358542129962,618.7427783380717,622.138427734375,47067800
QQQ,2025-12-05,623.576610658964,628.1107470640665,622.9074898206164,624.6751708984375,53614200
QQQ,2025-12-08,626.4029681537079,628.0308756502869,620.8900514312259,623.4767456054688,43462400
QQQ,2025-12-09,622.2083743789747,625.0646797487918,620.2009509200387,624.2457275390625,37156000
QQQ,2025-12-10,623.0472575003708,628.4004070267185,620.1909521392804,626.8024291992188,55031400
QQQ,2025-12-11,623.0173402820615,624.9748403012362,616.9251525569541,624.7750854492188,58272800
QQQ,2025-12-12,621.2795807165155,622.7376631081598,610.5733425467316,612.8304443359375,75158700
QQQ,2025-12-15,617.5743367162205,617.6242601897563,608.5359935678383,609.75439453125,49538200
QQQ,2025-12-16,607.4773301066649,612.7205746597449,606.1290306476157,610.9628295898438,55152800
QQQ,2025-12-17,612.2711370165166,612.8604046495489,599.5076134954934,599.6373901367188,70654300
QQQ,2025-12-18,609.015347513387,612.1413249643276,606.1390483830863,608.3262329101562,78875800
QQQ,2025-12-19,611.1625683957468,616.825255296648,611.0826542701337,616.2559814453125,60369800
QQQ,2025-12-22,621.3499755859375,621.6500244140625,617.77001953125,619.2100219726562,43703100
QQQ,2025-12-23,618.2000122070312,622.4099731445312,617.780029296875,622.1099853515625,41120400
QQQ,2025-12-24,621.989990234375,624.280029296875,621.719970703125,623.9299926757812,18468700
QQQ,2025-12-26,624.6599731445312,625.52001953125,623.1400146484375,623.8900146484375,28959800
QQQ,2025-12-29,620.0999755859375,622.780029296875,618.72998046875,620.8699951171875,32458300
QQQ,2025-12-30,619.8400268554688,622.1799926757812,619.219970703125,619.4299926757812,31226800
QQQ,2025-12-31,619.6500244140625,619.9600219726562,614.0499877929688,614.3099975585938,40746500
QQQ,2026-01-02,620.0599975585938,622.8499755859375,610.1500244140625,613.1199951171875,61859200
QQQ,2026-01-05,619.3200073242188,620.8099975585938,616.719970703125,617.989990234375,46828400
QQQ,2026-01-06,619.22998046875,624.02001953125,618.5399780273438,623.4199829101562,43137500
QQQ,2026-01-07,623.0399780273438,627.9400024414062,622.5599975585938,624.02001953125,44880300
QQQ,2026-01-08,623.030029296875,623.4199829101562,617.7999877929688,620.469970703125,50435900
QQQ,2026-01-09,621.4099731445312,627.8900146484375,619.0599975585938,626.6500244140625,49688700
QQQ,2026-01-12,622.3099975585938,628.8499755859375,622.260009765625,627.1699829101562,37388700
QQQ,2026-01-13,627.27001953125,629.469970703125,623.7000122070312,626.239990234375,44481400
QQQ,2026-01-14,622.239990234375,623.4500122070312,614.5599975585938,619.5499877929688,72598700
QQQ,2026-01-15,626.5999755859375,630.0,620.75,621.780029296875,53934900
QQQ,2026-01-16,625.5,626.0800170898438,618.8800048828125,621.260009765625,61058100
QQQ,2026-01-20,610.530029296875,615.0599975585938,607.0499877929688,608.0599975585938,81988900
QQQ,2026-01-21,609.469970703125,620.4199829101562,607.8599853515625,616.280029296875,79837900
QQQ,2026-01-22,622.3499755859375,622.4600219726562,617.780029296875,620.760009765625,42254800
QQQ,2026-01-23,619.72998046875,625.4000244140625,618.6500244140625,622.719970703125,43645800
QQQ,2026-01-26,623.2100219726562,627.6099853515625,622.1199951171875,625.4600219726562,35983000
QQQ,2026-01-27,628.9099731445312,632.0399780273438,627.3400268554688,631.1300048828125,38997200
QQQ,2026-01-28,635.4600219726562,636.5999755859375,631.8099975585938,633.219970703125,50691700
QQQ,2026-01-29,632.6500244140625,633.6699829101562,618.27001953125,629.4299926757812,79944000
QQQ,2026-01-30,625.7100219726562,628.260009765625,619.2999877929688,621.8699951171875,65650700
QQQ,2026-02-02,618.7000122070312,628.489990234375,618.6599731445312,626.1400146484375,49020300
QQQ,2026-02-03,628.2999877929688,629.97998046875,610.9600219726562,616.52001953125,81234000
QQQ,2026-02-04,615.02001953125,615.0999755859375,600.469970703125,605.75,81850700
QQQ,2026-02-05,600.2100219726562,604.8099975585938,594.760009765625,597.030029296875,89354500
QQQ,2026-02-06,600.1900024414062,611.4099731445312,598.77001953125,609.6500244140625,78019300
QQQ,2026-02-09,607.5399780273438,616.4600219726562,605.0700073242188,614.3200073242188,56797600
QQQ,2026-02-10,615.3099975585938,617.02001953125,611.010009765625,611.469970703125,53938900
QQQ,2026-02-11,616.3800048828125,617.52001953125,607.6900024414062,613.1099853515625,58575100
QQQ,2026-02-12,614.7100219726562,615.8099975585938,599.5700073242188,600.6400146484375,81378900
QQQ,2026-02-13,600.4299926757812,606.47998046875,596.4199829101562,601.9199829101562,69237500
QQQ,2026-02-17,598.3800048828125,603.9500122070312,593.3400268554688,601.2999877929688,69013800
QQQ,2026-02-18,602.1099853515625,609.77001953125,600.719970703125,605.7899780273438,64250700
QQQ,2026-02-19,602.8099975585938,605.8200073242188,600.75,603.469970703125,60960800
QQQ,2026-02-20,600.1199951171875,610.3499755859375,599.22998046875,608.8099975585938,74127300
QQQ,2026-02-23,606.6099853515625,608.010009765625,599.0499877929688,601.4099731445312,63859100
QQQ,2026-02-24,602.4000244140625,608.989990234375,599.72998046875,607.8699951171875,55023700
QQQ,2026-02-25,611.0700073242188,616.8300170898438,611.0,616.6799926757812,55710700
QQQ,2026-02-26,615.5900268554688,615.5900268554688,603.97998046875,609.239990234375,96178900
QQQ,2026-02-27,602.97998046875,608.3200073242188,602.1900024414062,607.2899780273438,68125200
QQQ,2026-03-02,598.8599853515625,609.9199829101562,597.989990234375,608.0900268554688,75264600
QQQ,2026-03-03,596.3300170898438,603.9600219726562,591.8699951171875,601.5800170898438,97015500
QQQ,2026-03-04,604.1500244140625,612.8800048828125,603.4299926757812,610.75,69315779
NVDA,2025-03-05,117.54785129486386,118.24765683915241,114.47869104666965,117.26792907714844,284337900
NVDA,2025-03-06,113.49895407905146,115.31845609620828,110.18986163701831,110.53976440429688,321181900
NVDA,2025-03-07,111.21958617661252,113.44897988924723,107.53059251797079,112.65919494628906,341755500
NVDA,2025-03-10,109.86995202425706,111.81941579292103,105.43116359430405,106.95075225830078,366487400
NVDA,2025-03-11,106.960734969355,112.20929903890595,104.74134094243277,108.73025512695312,354865700
NVDA,2025-03-12,114.09929300935045,116.7388133095112,112.85951254411586,115.718994140625,323857500
NVDA,2025-03-13,117.00876245655117,117.73863334670654,113.76935252443205,115.55902862548828,299033100
NVDA,2025-03-14,118.58847644066721,121.85787967708788,118.12856083227834,121.64791870117188,277593500
NVDA,2025-03-17,122.71772499646224,122.86769930249316,118.00858060635532,119.50830841064453,255501500
NVDA,2025-03-18,117.97859103200136,118.99840261510599,114.51921970184797,115.4090576171875,299686900
NVDA,2025-03-19,117.24871784817985,120.42814113812437,115.65901001721268,117.49867248535156,273426200
NVDA,2025-03-20,116.5288475567653,120.17817892707569,116.44886024718888,118.50848388671875,248829700
NVDA,2025-03-21,116.91877807414131,117.96858292451893,115.39904967929496,117.67863464355469,266498500
NVDA,2025-03-24,119.85824123014483,122.19782052957932,119.31833831489072,121.38796997070312,228452500
NVDA,2025-03-25,120.52812446850508,121.26798803028822,118.89841541478116,120.66809844970703,167447200
NVDA,2025-03-26,118.70845626054094,118.81842927999459,112.68954449720724,113.7393569946289,293463300
NVDA,2025-03-27,111.32979509417153,114.42923110356094,110.63992547504299,111.40978240966797,236902100
NVDA,2025-03-28,111.46977019973694,112.84952470784617,109.05021109179135,109.65010070800781,229872500
NVDA,2025-03-31,105.11091847763528,110.93986229194257,103.63119133667838,108.3603286743164,299212700
NVDA,2025-04-01,108.50030342775528,110.17999886185885,106.45068001979016,110.13001251220703,222614000
NVDA,2025-04-02,107.2705266243207,111.95967777974947,106.77061737970816,110.39995574951172,220601200
NVDA,2025-04-03,103.49122110695384,105.61083156865355,101.58156399912866,101.78153228759766,338769400
NVDA,2025-04-04,98.89205625014841,100.11182847125419,92.09328707213024,94.29288482666016,532273800
NVDA,2025-04-07,87.444123819458,101.73153089146867,86.60427995314998,97.62227630615234,611041300
NVDA,2025-04-08,103.79115551332612,105.83078615825814,94.44285411172834,96.28252410888672,476243400
NVDA,2025-04-09,98.87205653888144,115.07911444025873,97.51230269046886,114.30925750732422,612918300
NVDA,2025-04-10,109.35015243101728,110.83987986480561,99.13200610877084,107.55047607421875,437812400
NVDA,2025-04-11,108.4803070767672,111.52975654810143,107.46049556472005,110.90986633300781,313417300
NVDA,2025-04-14,114.08928762467488,114.26925525660798,109.05020155855789,110.68990325927734,264705000
NVDA,2025-04-15,110.94986159507806,113.59938217981927,110.4799456735416,112.17963409423828,228966900
NVDA,2025-04-16,104.53103311878802,106.77062454919468,100.4317709352981,104.47103881835938,397016900
NVDA,2025-04-17,104.43103458781992,104.45103522860795,100.0318394876262,101.47157287597656,292517500
NVDA,2025-04-21,98.75207336541831,99.42195758129023,95.02275450080649,96.89241790771484,288501100
NVDA,2025-04-22,98.76206678289148,99.7918785816798,97.26233908492571,98.8720474243164,241004800
NVDA,2025-04-23,104.5010295750129,104.78098517141211,102.00148324580945,102.69136047363281,247526000
NVDA,2025-04-24,103.46121375263034,106.52065568558213,103.09127819009328,106.41067504882812,220815000
NVDA,2025-04-25,106.83061166162848,111.89969145813895,105.71081975581805,110.98986053466797,251064700
NVDA,2025-04-28,109.67009093365705,110.3499678015911,106.00075133412535,108.71026611328125,207708500
NVDA,2025-04-29,107.65045258784288,110.17999209067304,107.42049861195443,109.00020599365234,170444300
NVDA,2025-04-30,104.45104108413872,108.90023040771484,104.06111247501677,108.90023040771484,235044600
NVDA,2025-05-01,113.05947899879722,114.9191420385801,111.27980327057723,111.5897445678711,236121500
NVDA,2025-05-02,114.15928352450368,115.37906338859757,113.34943293159324,114.4792251586914,190194800
NVDA,2025-05-05,112.889508442552,114.64918347836972,112.63955382209963,113.7993392944336,133163200
NVDA,2025-05-06,111.45977773347964,114.71918078517231,110.79989381468877,113.51940155029297,158525600
NVDA,2025-05-07,113.02949042053457,117.65864757290291,112.25962586336117,117.03875732421875,206758800
NVDA,2025-05-08,118.22854670795566,118.658469001105,115.82898059800607,117.34870910644531,198428100
NVDA,2025-05-09,117.32869985728382,118.20854502226882,115.18908887008638,116.62882995605469,132972200
NVDA,2025-05-12,121.94786454961688,122.97767639160156,120.25816883140327,122.97767639160156,225023300
NVDA,2025-05-13,124.95732666651305,131.19619232916256,124.44741706637032,129.9064178466797,330430100
NVDA,2025-05-14,133.17581874633882,135.4154176381041,131.65609038206884,135.3154296875,281180800
NVDA,2025-05-15,134.2656162138544,136.2752611112406,132.6359224746836,134.80552673339844,226632600
NVDA,2025-05-16,136.19528579014883,136.32526708518697,133.43579205010155,135.37542724609375,226542500
NVDA,2025-05-19,132.36596428610483,135.84532822832756,132.36596428610483,135.54539489746094,193154600
NVDA,2025-05-20,134.26562607401144,134.55558199625042,132.59593092987555,134.35562133789062,161514200
NVDA,2025-05-21,133.0358430493297,137.3750515435132,130.56629021032253,131.7760772705078,270608700
NVDA,2025-05-22,132.20599574301846,134.22563338103308,131.52612648714359,132.80589294433594,187344000
NVDA,2025-05-23,129.97641506418768,132.65592152877483,129.13657112060253,131.26617431640625,198821300
NVDA,2025-05-27,134.1256417936587,135.63537744884945,133.2857979393918,135.47540283203125,192953600
NVDA,2025-05-28,136.00531758419635,137.22509744866613,134.76553707682788,134.78553771972656,304021100
NVDA,2025-05-29,142.22419152756274,143.46397204605128,137.88498259688382,139.1647491455078,369241900
NVDA,2025-05-30,138.6948289010735,139.59465948344436,132.8958783257386,135.10548400878906,333170900
NVDA,2025-06-02,135.46541564458173,138.09492795630163,135.37542038395227,137.35507202148438,197663100
NVDA,2025-06-03,138.75480693174418,141.97422364617418,137.9249557656252,141.19436645507812,225578800
NVDA,2025-06-04,142.1641966028205,142.36415725393297,139.5146683935161,141.8942413330078,167120800
NVDA,2025-06-05,142.14419665233672,143.97386636815438,138.80480646885346,139.964599609375,231397900
NVDA,2025-06-06,142.4841247816278,143.24399658328852,141.4843063108272,141.69427490234375,153986200
NVDA,2025-06-09,143.16402192873528,144.97369107987248,141.91424872977086,142.6041259765625,185114500
NVDA,2025-06-10,142.66410985007164,144.26381035974757,141.50431668274294,143.9338836669922,155881900
NVDA,2025-06-11,144.59379466225064,144.97375695921582,141.85409623212945,142.81399536132812,167694000
NVDA,2025-06-12,141.9540901919345,144.98374938964844,141.83410852298076,144.98374938964844,162365000
NVDA,2025-06-13,142.4640236398758,143.5639064320885,140.83421673860605,141.95408630371094,180820600
NVDA,2025-06-16,143.33393622751285,146.16360555156524,143.18394388862185,144.6737823486328,183133700
NVDA,2025-06-17,144.4738049491523,145.20371882793046,143.7638778428329,144.1038360595703,139108000
NVDA,2025-06-18,143.9938476821936,145.63366319028128,143.10394808189747,145.46368408203125,161494100
NVDA,2025-06-20,145.43368901636921,146.1836049259659,142.63399990245927,143.83387756347656,242956200
NVDA,2025-06-23,142.48402812138661,144.76377135076248,142.01407957999888,144.15383911132812,154308900
NVDA,2025-06-24,145.54367367470394,147.94341367999496,145.4836828445603,147.88340759277344,187566100
NVDA,2025-06-25,149.25328072295656,154.43269305532343,149.24327207878133,154.29270935058594,269146500
NVDA,2025-06-26,155.9625083392563,156.70243086817015,153.98273459501658,155.00262451171875,198145700
NVDA,2025-06-27,156.02250005395288,158.69221415352254,155.24258871826237,157.73231506347656,263234500
NVDA,2025-06-30,158.38224776867892,158.6422284044636,155.94253394670602,157.97230529785156,194580300
NVDA,2025-07-01,156.27249233706732,157.18239409932116,151.47304203431221,153.2828369140625,213143600
NVDA,2025-07-02,152.962850389823,157.58234297497486,152.95285700312823,157.2323760986328,171224100
NVDA,2025-07-03,158.35225101493015,160.96195919540767,157.7523273944205,159.3221435546875,143716100
NVDA,2025-07-07,158.18227071828886,159.29214695363126,157.3223664705724,158.22227478027344,140139000
NVDA,2025-07-08,159.31214783171163,160.20204749093682,158.3722507239072,159.98207092285156,138133000
NVDA,2025-07-09,161.20193770023792,164.40157611225678,161.14194686393122,162.86175537109375,183656400
NVDA,2025-07-10,164.30159583301895,164.48156834124046,161.5918927660757,164.0816192626953,167704100
NVDA,2025-07-11,163.70165728031435,167.87118822352508,163.4516852914618,164.90151977539062,193633300
NVDA,2025-07-14,165.35146259057728,165.4714595173457,162.00184716942397,164.05162048339844,136975800
NVDA,2025-07-15,171.17081299302788,172.38066881478494,169.18103056842588,170.6808624267578,230627400
NVDA,2025-07-16,171.04083672550954,171.73076187811773,168.88107501049606,171.35079956054688,158831500
NVDA,2025-07-17,172.00073538495315,174.1404950617398,170.81086624213197,172.98062133789062,160841100
NVDA,2025-07-18,173.62054394819432,174.23047621121117,171.24080573231237,172.39068603515625,146456400
NVDA,2025-07-21,172.73065099594356,173.36058531454748,170.9808470061149,171.36080932617188,123126100
NVDA,2025-07-22,171.32080634495316,171.37080379639445,164.5615689540832,167.01129150390625,193114300
NVDA,2025-07-23,169.511004310231,171.24080620570157,167.95118153678195,170.7608642578125,154082200
NVDA,2025-07-24,172.42067791171223,173.81052153075,171.28080627636527,173.7205352783203,128984600
NVDA,2025-07-25,173.59054858813744,174.70042482917586,172.9406275198062,173.48056030273438,122316800
NVDA,2025-07-28,174.00050427681666,176.98016607778243,173.9505068282037,176.73019409179688,140023500
NVDA,2025-07-29,177.94006357342778,179.35990260986108,175.00039060425894,175.49032592773438,154077500
NVDA,2025-07-30,176.49022309733303,179.869849375745,176.0202745228646,179.2499237060547,174312200
NVDA,2025-07-31,182.87950237318685,183.2794667127293,175.9102820488597,177.85006713867188,221685400
NVDA,2025-08-01,174.07048465468185,176.52020701181988,170.8708463561498,173.70053100585938,204529000
NVDA,2025-08-04,175.14037394842856,180.17980241597786,174.500446281802,179.97982788085938,148174600
NVDA,2025-08-05,179.59986897635343,180.23979665506658,175.8802845759961,178.24002075195312,156407600
NVDA,2025-08-06,176.31023710297544,179.87982901005608,176.23024423927978,179.39988708496094,137192300
NVDA,2025-08-07,181.54965397485878,183.85939259097617,178.77996020998395,180.74974060058594,151878400
NVDA,2025-08-08,181.52965464990967,183.27945850723472,180.3797743894202,182.6795196533203,123396700
NVDA,2025-08-11,182.02960317073044,183.8193958765311,180.22980182096376,182.0395965576172,138323200
NVDA,2025-08-12,182.9395060522284,184.4593247511904,179.43989822709233,183.1394805908203,145485700
NVDA,2025-08-13,182.59952443546638,183.9493792108361,179.32990196930365,181.56964111328125,179871700
NVDA,2025-08-14,179.7298534235828,182.99949119039164,179.43989264021437,181.99960327148438,129554000
NVDA,2025-08-15,181.85962676701382,181.87961354108583,178.02004541114613,180.42977905273438,156602200
NVDA,2025-08-18,180.57976314427117,182.91949719839158,180.56975450061333,181.98959350585938,132008000
NVDA,2025-08-19,182.4095478886331,182.47954736718557,175.47033846497254,175.6203155517578,185229200
NVDA,2025-08-20,175.1503706193276,175.9802794498554,168.7810892510499,175.38034057617188,215142700
NVDA,2025-08-21,174.83041312567687,176.88017120538285,173.79052111986658,174.96038818359375,140040900
NVDA,2025-08-22,172.59066018618677,178.56998587344157,171.18081451068767,177.97006225585938,172789400
NVDA,2025-08-25,178.33002804439553,181.88962682620624,176.5502286534902,179.78985595703125,163012800
NVDA,2025-08-26,180.0398187111229,182.36955942503778,178.78995879531527,181.7496337890625,168688200
NVDA,2025-08-27,181.95959791056248,182.46955051009175,179.07993109949993,181.57965087890625,235518900
NVDA,2025-08-28,180.79974711518173,184.44933204343067,176.39023757757423,180.14981079101562,281787800
NVDA,2025-08-29,178.09004428153852,178.130033086625,173.13059331145078,174.1604766845703,243257900
NVDA,2025-09-02,169.980952871088,172.36069109354864,167.20126556823303,170.7608642578125,231164900
NVDA,2025-09-03,171.0408442884315,172.3906992342715,168.86109570238054,170.60089111328125,164424900
NVDA,2025-09-04,170.55090333056648,171.8407521362954,169.39102958990665,171.64077758789062,141670100
NVDA,2025-09-05,168.01117837826322,169.0110663720669,164.05163046676552,167.0012969970703,224441400
NVDA,2025-09-08,167.53122834914853,170.940849905597,167.33125381142952,168.2911376953125,163769100
NVDA,2025-09-09,169.0710489481518,170.96083655380463,166.7213214317911,170.74085998535156,157548400
NVDA,2025-09-10,176.62020974984335,179.26990675759993,175.45034266016896,177.3101348876953,226852000
NVDA,2025-09-11,179.66999584989978,180.26996857097555,176.4701769393558,177.16014099121094,151159300
NVDA,2025-09-12,177.76010410307373,178.59005971058946,176.44017029123495,177.8101043701172,124911000
NVDA,2025-09-15,175.66021109761542,178.84004186496986,174.50027206258352,177.74009704589844,147061600
NVDA,2025-09-16,176.99014687805604,177.49011904437822,174.37029760906842,174.87026977539062,140737800
NVDA,2025-09-17,172.63039291663662,173.1903593144249,168.40063256525568,170.280517578125,211843800
NVDA,2025-09-18,173.9703101424577,177.09014682532762,172.95037791227023,176.23019409179688,191763300
NVDA,2025-09-19,175.7602124903078,178.07008136373162,175.17023376194967,176.66015625,237182100
NVDA,2025-09-22,175.29024236301854,184.53972732383275,174.70027887607205,183.5997772216797,269637000
NVDA,2025-09-23,181.9598706713119,182.409842567533,176.20019683221489,178.42005920410156,192559600
NVDA,2025-09-24,179.75999113536878,179.76998508551358,175.39022416770254,176.96014404296875,143564100
NVDA,2025-09-25,174.47028665549124,180.24996380236055,173.12037093203185,177.68011474609375,191586700
NVDA,2025-09-26,178.16008106951017,179.75999811527313,174.920255917913,178.18008422851562,148573700
NVDA,2025-09-29,180.4199550960203,183.98976381560166,180.30997586310093,181.8398895263672,193063500
NVDA,2025-09-30,182.06986121505474,187.3395719841704,181.4698885277926,186.56961059570312,236981000
NVDA,2025-10-01,185.22969505995906,188.12952754318238,183.88975804814035,187.22958374023438,173844900
NVDA,2025-10-02,189.5894532800495,191.0393695238543,188.04953044946197,188.87948608398438,136805800
NVDA,2025-10-03,189.1794627061203,190.34939569471342,185.36967740169,187.6095428466797,137596900
NVDA,2025-10-06,185.48967202648717,187.21957143407985,183.31979467524326,185.5296630859375,157678100
NVDA,2025-10-07,186.21962980709273,189.0494741147918,183.9897582054133,185.02969360351562,140088000
NVDA,2025-10-08,186.55962017208088,189.58945025835604,186.52960780500513,189.09947204589844,130168900
NVDA,2025-10-09,192.21928773885006,195.28912405123697,191.04935474353755,192.5592803955078,182997200
NVDA,2025-10-10,193.49922565779727,195.6091088464203,182.0398719523004,183.14981079101562,268774400
NVDA,2025-10-13,187.9595379156231,190.09941818271824,185.94965529464977,188.3095245361328,153482800
NVDA,2025-10-14,184.75971529942103,184.78971240822688,179.68999030007896,180.0199737548828,205641400
NVDA,2025-10-15,184.7897166440438,184.85970481354866,177.2801249034248,179.8199920654297,214450500
NVDA,2025-10-16,182.21985578014733,183.26980040587233,179.76000120804414,181.7998809814453,179723300
NVDA,2025-10-17,180.16996892604442,184.08976427610557,179.74000017155936,183.20980834960938,173135200
NVDA,2025-10-20,183.1198152646831,185.18969215276272,181.71988400794234,182.6298370361328,128544700
NVDA,2025-10-21,182.77981647710283,182.77981647710283,179.78999271004406,181.14991760253906,124240200
NVDA,2025-10-22,181.1299112106735,183.42978616900905,176.7501502622395,180.26995849609375,162249600
NVDA,2025-10-23,180.40994799999942,183.01980322210497,179.7799782111653,182.1498565673828,111363700
NVDA,2025-10-24,183.8297551720498,187.45955783835475,183.48977777431884,186.24961853027344,131296700
NVDA,2025-10-27,189.979423148828,191.98930570001696,188.41949722334647,191.47933959960938,153452700
NVDA,2025-10-28,193.03926234185508,203.1386912540773,191.89932637827522,201.01881408691406,297986200
NVDA,2025-10-29,207.96842303697136,212.1781954922272,204.76860414707738,207.02847290039062,308829600
NVDA,2025-10-30,205.1385766163601,206.1485301715792,201.39879452489242,202.8787078857422,178864400
NVDA,2025-10-31,206.43850017947892,207.95841980607935,202.05875446792163,202.47872924804688,179802200
NVDA,2025-11-03,208.06841462190084,211.32822759164594,205.5485506791992,206.8684844970703,180267300
NVDA,2025-11-04,202.98869740675082,203.9586446199207,197.9189723693821,198.67893981933594,188919300
NVDA,2025-11-05,198.75894188581304,202.90870481768462,194.63916080574026,195.1991424560547,171350300
NVDA,2025-11-06,196.40906647995496,197.60899664277025,186.3696319662745,188.0695343017578,223029800
NVDA,2025-11-07,184.8897071775586,188.3095303364016,178.90005019006267,188.1395263671875,264942300
NVDA,2025-11-10,195.09914200543773,199.9288750287355,193.7792081445882,199.03892517089844,198897100
NVDA,2025-11-11,195.14913483203398,195.40911485928362,191.28934919242405,193.1492462158203,176483300
NVDA,2025-11-12,195.70910637927892,195.87909508520013,191.1193655455878,193.78921508789062,154935300
NVDA,2025-11-13,191.03936321053533,191.42934088057365,183.8397672401686,186.84959411621094,207423100
NVDA,2025-11-14,182.8498180673128,190.99935813210442,180.56994624954729,190.15940856933594,186591900
NVDA,2025-11-17,185.95964506857126,188.98947511566342,184.30974305565786,186.58961486816406,173628900
NVDA,2025-11-18,183.36979105504545,184.7897101334883,179.63998782140993,181.3498992919922,213598900
NVDA,2025-11-19,184.7796984316032,187.8495347223247,182.8198161698128,186.50961303710938,247246400
NVDA,2025-11-20,195.9390891568929,195.9890894251709,179.83999453744622,180.62994384765625,343504800
NVDA,2025-11-21,181.22991004695137,184.54971718190046,172.92036011460985,178.8700408935547,346926200
NVDA,2025-11-24,179.48001348627363,183.4897847612219,176.47017128450955,182.5398406982422,256618300
NVDA,2025-11-25,174.90026276869568,178.15008177330986,169.54056066153746,177.8101043701172,320600300
NVDA,2025-11-26,181.61988829154,182.8998157763143,178.2300777211247,180.2499542236328,183852000
NVDA,2025-11-28,179.0000253919654,179.28000857805475,176.49017066740046,176.99014282226562,121332800
NVDA,2025-12-01,174.75027181562072,180.28997214473748,173.67033006996684,179.9099884033203,188131000
NVDA,2025-12-02,181.74987648908228,185.6496685428864,179.98997995570696,181.4499053955078,182632200
NVDA,2025-12-03,181.06992440272873,182.43984327721986,179.1000328161426,179.5800018310547,165138000
NVDA,2025-12-04,181.6199951171875,184.52000427246094,179.9600067138672,183.3800048828125,167364900
NVDA,2025-12-05,183.88999938964844,184.66000366210938,180.91000366210938,182.41000366210938,143971100
NVDA,2025-12-08,182.63999938964844,188.0,182.39999389648438,185.5500030517578,204378100
NVDA,2025-12-09,185.55999755859375,185.72000122070312,183.32000732421875,184.97000122070312,144719700
NVDA,2025-12-10,184.97000122070312,185.47999572753906,182.0399932861328,183.77999877929688,162785400
NVDA,2025-12-11,180.27999877929688,181.32000732421875,176.6199951171875,180.92999267578125,182136600
NVDA,2025-12-12,181.11000061035156,182.82000732421875,174.6199951171875,175.02000427246094,204274900
NVDA,2025-12-15,177.94000244140625,178.4199981689453,175.02999877929688,176.2899932861328,164775600
NVDA,2025-12-16,176.25999450683594,178.49000549316406,174.89999389648438,177.72000122070312,148588100
NVDA,2025-12-17,176.10000610351562,176.1300048828125,170.30999755859375,170.94000244140625,222775500
NVDA,2025-12-18,174.52999877929688,176.14999389648438,171.82000732421875,174.13999938964844,176096000
NVDA,2025-12-19,176.6699981689453,181.4499969482422,176.33999633789062,180.99000549316406,324925900
NVDA,2025-12-22,183.9199981689453,184.16000366210938,182.35000610351562,183.69000244140625,129064400
NVDA,2025-12-23,182.97000122070312,189.3300018310547,182.89999389648438,189.2100067138672,174873600
NVDA,2025-12-24,187.94000244140625,188.91000366210938,186.58999633789062,188.61000061035156,65528500
NVDA,2025-12-26,189.9199981689453,192.69000244140625,188.0,190.52999877929688,139740300
NVDA,2025-12-29,187.7100067138672,188.75999450683594,185.91000366210938,188.22000122070312,120006100
NVDA,2025-12-30,188.24000549316406,188.99000549316406,186.92999267578125,187.5399932861328,97687300
NVDA,2025-12-31,189.57000732421875,190.55999755859375,186.49000549316406,186.5,120100500
NVDA,2026-01-02,189.83999633789062,192.92999267578125,188.25999450683594,188.85000610351562,148240500
NVDA,2026-01-05,191.75999450683594,193.6300048828125,186.14999389648438,188.1199951171875,183529700
NVDA,2026-01-06,190.52000427246094,192.1699981689453,186.82000732421875,187.24000549316406,176862600
NVDA,2026-01-07,188.57000732421875,191.3699951171875,186.55999755859375,189.11000061035156,153543200
NVDA,2026-01-08,189.11000061035156,189.5500030517578,183.7100067138672,185.0399932861328,172457000
NVDA,2026-01-09,185.0800018310547,186.33999633789062,183.6699981689453,184.86000061035156,131327500
NVDA,2026-01-12,183.22000122070312,187.1199951171875,183.02000427246094,184.94000244140625,137968500
NVDA,2026-01-13,185.0,188.11000061035156,183.39999389648438,185.80999755859375,160128900
NVDA,2026-01-14,184.32000732421875,184.4600067138672,180.8000030517578,183.13999938964844,159586100
NVDA,2026-01-15,186.5,189.6999969482422,186.3300018310547,187.0500030517578,206188600
NVDA,2026-01-16,189.0800018310547,190.44000244140625,186.0800018310547,186.22999572753906,187967200
NVDA,2026-01-20,181.89999389648438,182.3800048828125,177.61000061035156,178.07000732421875,223345300
NVDA,2026-01-21,179.0500030517578,185.3800048828125,178.39999389648438,183.32000732421875,200381000
NVDA,2026-01-22,184.75,186.1699981689453,183.92999267578125,184.83999633789062,139636600
NVDA,2026-01-23,187.5,189.60000610351562,186.82000732421875,187.6699981689453,142748100
NVDA,2026-01-26,187.16000366210938,189.1199951171875,185.99000549316406,186.47000122070312,124799600
NVDA,2026-01-27,187.24000549316406,190.0,185.6999969482422,188.52000427246094,143711600
NVDA,2026-01-28,191.27000427246094,192.35000610351562,189.83999633789062,191.52000427246094,148552700
NVDA,2026-01-29,191.33999633789062,193.47999572753906,186.05999755859375,192.50999450683594,171764400
NVDA,2026-01-30,191.2100067138672,194.49000549316406,189.47000122070312,191.1300048828125,179489500
NVDA,2026-02-02,187.1999969482422,190.3000030517578,184.8800048828125,185.61000061035156,165794100
NVDA,2026-02-03,186.24000549316406,186.27000427246094,176.22999572753906,180.33999633789062,204019600
NVDA,2026-02-04,179.4600067138672,179.5800018310547,171.91000366210938,174.19000244140625,207014100
NVDA,2026-02-05,174.92999267578125,176.82000732421875,171.02999877929688,171.8800048828125,206312900
NVDA,2026-02-06,176.69000244140625,187.0,174.60000610351562,185.41000366210938,231346200
NVDA,2026-02-09,184.25999450683594,193.66000366210938,183.9499969482422,190.0399932861328,196387400
NVDA,2026-02-10,191.3800048828125,192.47999572753906,188.1199951171875,188.5399932861328,136764800
NVDA,2026-02-11,192.4499969482422,193.25999450683594,188.77000427246094,190.0500030517578,144192700
NVDA,2026-02-12,193.02999877929688,193.61000061035156,186.50999450683594,186.94000244140625,189932500
NVDA,2026-02-13,187.47999572753906,187.5,181.58999633789062,182.80999755859375,161888000
NVDA,2026-02-17,181.75,187.14999389648438,179.17999267578125,184.97000122070312,162276900
NVDA,2026-02-18,188.75,190.3699951171875,186.75999450683594,187.97999572753906,164749100
NVDA,2026-02-19,187.05999755859375,188.42999267578125,185.66000366210938,187.89999389648438,126554500
NVDA,2026-02-20,186.57000732421875,190.3300018310547,185.94000244140625,189.82000732421875,178422300
NVDA,2026-02-23,191.39999389648438,193.9499969482422,189.5800018310547,191.5500030517578,171584800
NVDA,2026-02-24,191.49000549316406,193.77000427246094,187.39999389648438,192.85000610351562,175123600
NVDA,2026-02-25,194.4499969482422,197.6300048828125,193.7899932861328,195.55999755859375,250637100
NVDA,2026-02-26,194.27000427246094,194.2899932861328,184.32000732421875,184.88999938964844,360807900
NVDA,2026-02-27,181.25,182.58999633789062,176.3800048828125,177.19000244140625,311636500
NVDA,2026-03-02,175.00999450683594,183.4600067138672,174.63999938964844,182.47999572753906,209095300
NVDA,2026-03-03,178.49000549316406,180.89999389648438,176.9199981689453,180.0500030517578,178099400
NVDA,2026-03-04,180.3699951171875,184.6999969482422,180.05999755859375,183.0399932861328,175709563
MSFT,2025-03-05,386.3820118850688,398.61835249883035,385.85603973587394,397.9732666015625,23433100
MSFT,2025-03-06,391.28450820827493,399.09471206990673,389.69665794124984,393.87469482421875,23304600
MSFT,2025-03-07,389.33936956128906,391.80050846371955,382.61088158953936,390.32183837890625,22034100
MSFT,2025-03-10,382.9085673048331,383.4643102679539,374.3540628163808,377.271728515625,32840100
MSFT,2025-03-11,376.12060487129355,383.0674234309217,374.04648696420594,377.5596008300781,30380200
MSFT,2025-03-12,380.0405779726452,382.2933209136247,376.0709676751301,380.3581237792969,24253600
MSFT,2025-03-13,380.24893433302753,382.3925273041687,374.58232470495466,375.89227294921875,20473000
MSFT,2025-03-14,376.8946473094157,387.2652662935844,376.6267095180303,385.6079406738281,19952800
MSFT,2025-03-17,383.7620517263702,389.72637004614455,382.6406320765131,385.7468566894531,22474300
MSFT,2025-03-18,384.1292790671939,384.4269877309022,378.2046343736099,380.6062316894531,19486900
MSFT,2025-03-19,382.60095534567967,386.719419886704,381.0825806498319,384.8735656738281,19185500
MSFT,2025-03-20,382.80938253905003,388.81343664918575,380.3680805381929,383.9010314941406,18470500
MSFT,2025-03-21,380.30848991510493,388.76374837124365,379.8916675364793,388.28741455078125,39675900
MSFT,2025-03-24,392.39594799568545,392.39594799568545,386.8484215764684,390.09356689453125,21004500
MSFT,2025-03-25,390.9272368910712,393.34867131877104,389.65696280253144,392.1578063964844,15775000
MSFT,2025-03-26,391.99901639757354,392.30665877239477,385.61787512073846,387.0072326660156,16108400
MSFT,2025-03-27,387.1660163642304,389.259971232933,384.4567464670721,387.6125793457031,13766800
MSFT,2025-03-28,385.1315521729189,386.1735929782764,374.06627026028934,375.92205810546875,21632000
MSFT,2025-03-31,369.7096411618319,374.20522334023684,364.449889664545,372.5379943847656,35184700
MSFT,2025-04-01,371.80359254811333,379.9413052057438,370.39439795061145,379.28631591796875,19689500
MSFT,2025-04-02,375.0983928958324,382.1543604865691,373.7586433966847,379.2367248535156,16092600
MSFT,2025-04-03,371.9425583652147,374.61212363444304,366.54388609690864,370.2752990722656,30198000
MSFT,2025-04-04,361.363555677575,371.74407816646067,356.74888974568233,357.10614013671875,49209900
MSFT,2025-04-07,348.2142236601539,368.1813588125757,342.17049555544185,355.14117431640625,50425000
MSFT,2025-04-08,365.46216834014683,370.8112022714622,347.5889889390993,351.8662414550781,35868900
MSFT,2025-04-09,350.854026698487,390.2424886537646,350.4173671278774,387.5232849121094,50199700
MSFT,2025-04-10,379.1573256201752,380.9833427250372,365.0056552003408,378.4527282714844,38024400
MSFT,2025-04-11,377.7481178718862,387.0865991344375,376.0114134245454,385.498779296875,23839200
MSFT,2025-04-14,390.23254912743425,391.651677567929,381.29099206627785,384.8636474609375,19251200
MSFT,2025-04-15,385.558347033726,388.91267269542334,381.24138963056953,382.7994689941406,17199900
MSFT,2025-04-16,377.7779079921512,378.71073856569086,365.2041538267982,368.7867126464844,21967800
MSFT,2025-04-17,370.9104537724408,371.4761304955969,364.10258680355696,364.9858093261719,21120200
MSFT,2025-04-21,360.0635031391147,361.71089501866106,352.9678309109542,356.3916015625,20807300
MSFT,2025-04-22,360.6192443688487,364.9758758256959,357.12596800122816,364.0331115722656,19485000
MSFT,2025-04-23,373.20291916052497,377.50003937654276,370.18600677791767,371.5456237792969,20545500
MSFT,2025-04-24,372.8456379358323,385.49877003384853,372.33950296048084,384.35748291015625,22232300
MSFT,2025-04-25,384.05979677325973,389.1805976978566,381.67803664886475,388.8729553222656,18973200
MSFT,2025-04-28,388.9821118643913,389.7561846754867,383.7025530868883,388.1882019042969,16579400
MSFT,2025-04-29,388.32712198825146,392.0982700078575,387.41412856396244,391.04632568359375,14974000
MSFT,2025-04-30,387.3347110069874,393.6464071015826,381.5192464831796,392.2570495605469,36461100
MSFT,2025-05-01,427.8346397458207,433.669971462135,421.67182852064957,422.16802978515625,58938100
MSFT,2025-05-02,428.4598783453456,436.1013902925972,426.7231738378541,431.9729919433594,30757400
MSFT,2025-05-05,429.58128511716615,436.1609188409604,428.827049490993,432.8562316894531,20136100
MSFT,2025-05-06,428.91639204817295,434.4043769104007,427.8942186382879,430.0179443359375,15104200
MSFT,2025-05-07,430.54391525930873,434.79139692835327,427.83464541633373,430.0576477050781,23295300
MSFT,2025-05-08,434.6028672327044,440.2992788018954,432.35012421343623,434.841064453125,23491300
MSFT,2025-05-09,436.6570993033328,437.3914674607305,432.5684058555715,435.3967590332031,15324200
MSFT,2025-05-12,442.551987565255,445.9559209816134,436.43878433354007,445.8467712402344,22821900
MSFT,2025-05-13,444.37800844651383,447.24606632617565,441.9763809723924,445.7276916503906,23618800
MSFT,2025-05-14,444.73528972695,450.45150777480933,444.73528972695,449.4988098144531,19902800
MSFT,2025-05-15,448.16655392379437,453.55526390744575,447.82852124457236,450.512939453125,21992300
MSFT,2025-05-16,449.4391826540583,451.735838870633,446.13838030321216,451.6463623046875,23849800
MSFT,2025-05-19,448.27591363294266,456.9355998797858,448.1963586877965,456.2197570800781,21336500
MSFT,2025-05-20,452.9587181303489,455.69283539558984,451.69606398891386,455.5238342285156,15441800
MSFT,2025-05-21,451.944595050179,455.1360468945702,449.2005259832327,449.9561462402344,19216900
MSFT,2025-05-22,452.32244757902833,457.5918252828005,451.27849365115543,452.2329406738281,18025600
MSFT,2025-05-23,447.38115987330883,451.06972434232773,446.3173323563206,447.5799865722656,16883500
MSFT,2025-05-27,453.8435596609756,458.2877438900054,453.48562310372705,458.02923583984375,20974300
MSFT,2025-05-28,458.5562282330538,459.8487079553447,454.29099660337516,454.718505859375,17086300
MSFT,2025-05-29,458.884303233251,459.05333474747385,452.68035209769624,456.0308837890625,13974800
MSFT,2025-05-30,457.0648535034259,459.0135248792732,452.90900269221845,457.7011413574219,34770500
MSFT,2025-06-02,454.49978904014216,459.44105553120437,454.2512329224997,459.3018798828125,16626500
MSFT,2025-06-03,458.8047753297213,461.4593680607732,458.1982826150306,460.2961120605469,15743800
MSFT,2025-06-04,461.3201414833542,463.00038321907994,460.3457906064832,461.1908874511719,14162700
MSFT,2025-06-05,462.2745901279283,466.93750520910584,461.3499686746429,464.9788818359375,20131700
MSFT,2025-06-06,467.37496597576217,470.6061954238558,466.0725343793748,467.6632995605469,15285600
MSFT,2025-06-09,466.98725027602023,470.69568816704816,465.9134708467471,470.0196228027344,16469900
MSFT,2025-06-10,468.4686249933991,470.06931180763127,464.26304461137784,468.2001953125,15375900
MSFT,2025-06-11,467.30536072753216,472.72389606625393,466.9474544926898,469.8903503417969,16399200
MSFT,2025-06-12,472.2764779222473,477.6453141185156,470.7851412769109,476.104248046875,18950600
MSFT,2025-06-13,473.6584649544854,476.4124557062983,470.0295518485209,472.2168273925781,16814500
MSFT,2025-06-16,472.4653860858625,477.91374692205306,472.25660744971805,476.3727111816406,15626100
MSFT,2025-06-17,472.65428568792316,475.97499162724574,471.3419021646973,475.279052734375,15414100
MSFT,2025-06-18,475.2392860574369,478.2219594008936,471.71972301658775,477.4663391113281,17526500
MSFT,2025-06-20,479.44488246554124,480.667759158903,474.1158234691147,474.64276123046875,37576200
MSFT,2025-06-23,475.4480376949825,484.9329468840925,469.78097686904323,483.19305419921875,24864000
MSFT,2025-06-24,486.1260537385937,489.009298556199,483.9884469122188,487.2793273925781,22305600
MSFT,2025-06-25,489.1981971647186,491.70363180611855,486.5635084927723,489.4268493652344,17495100
MSFT,2025-06-26,490.13278082199906,495.1635541172166,489.9637493151316,494.57696533203125,21578900
MSFT,2025-06-27,494.6763704185467,496.4162632322767,490.1824867596744,493.07568359375,34539200
MSFT,2025-06-30,494.1693427257206,497.86785899517616,492.4691970236715,494.5372009277344,28369000
MSFT,2025-07-01,493.602615314542,495.17347659984546,488.14433277768,489.2081298828125,19945400
MSFT,2025-07-02,487.1600396387865,490.6497772469701,485.87751191483574,488.2536926269531,16319600
MSFT,2025-07-03,490.9580057562307,497.2415119784696,490.59014753996934,495.9589538574219,13984800
MSFT,2025-07-07,494.50736527479916,495.8694479262707,492.36978876052433,494.84539794921875,13981600
MSFT,2025-07-08,494.36815380384166,495.3226311177228,491.25622643335066,493.7517395019531,11846600
MSFT,2025-07-09,497.41047691930333,503.8530622357068,496.85371365827956,500.6019592285156,18659500
MSFT,2025-07-10,500.14458849842043,501.52657502305914,494.87521114411277,498.58367919921875,16492100
MSFT,2025-07-11,495.59106078877636,502.1131707269345,494.9249170598048,500.4130554199219,16459500
MSFT,2025-07-14,498.6234399223271,501.05930198422453,498.1362796464767,500.1147766113281,12058800
MSFT,2025-07-15,500.11477392946824,505.36427783294863,499.88612172349406,502.89862060546875,14927200
MSFT,2025-07-16,502.26227638441253,503.7933904598671,498.99129994586445,502.6997375488281,15154400
MSFT,2025-07-17,502.75940886082554,510.40499725185873,502.6997578215743,508.7446594238281,17503100
MSFT,2025-07-18,511.50859420333654,511.6677041033988,504.499323712682,507.10418701171875,21209700
MSFT,2025-07-21,503.7834473494323,509.132409924825,502.630143381304,507.1141052246094,14066800
MSFT,2025-07-22,508.01886761548803,508.2475501614973,502.3517761230469,502.3517761230469,13868600
MSFT,2025-07-23,503.8232561388069,503.8630336136484,497.80821016060554,502.9483337402344,16396600
MSFT,2025-07-24,505.83155299665924,510.70324664183266,504.370041868975,507.92938232421875,16107000
MSFT,2025-07-25,509.51021364184703,515.2966076642933,507.41241445610984,510.74310302734375,19125700
MSFT,2025-07-28,511.110930710653,512.0256002286585,507.17377997770546,509.5400390625,14308000
MSFT,2025-07-29,512.5525759685828,514.6304711522027,508.60547322287385,509.6096496582031,16469200
MSFT,2025-07-30,512.1946027794743,512.9701269930791,506.49771598970693,510.2757568359375,26380400
MSFT,2025-07-31,552.0232408256204,552.2420017670738,528.8280273057109,530.4187622070312,51617300
MSFT,2025-08-01,531.9101275902764,532.7054950837879,517.8517780654563,521.0830078125,28977600
MSFT,2025-08-04,525.218957545317,535.141297909759,525.0797515616827,532.54638671875,25349000
MSFT,2025-08-05,534.077432699505,534.196734767709,524.194840165689,524.701904296875,19171600
MSFT,2025-08-06,527.8338028961505,528.6291703469228,521.0034855448089,521.908203125,21355700
MSFT,2025-08-07,523.757448292983,525.0400367197672,514.5608717763297,517.8319091796875,16079100
MSFT,2025-08-08,519.5817267008259,521.629826851029,516.4101479520375,519.0249633789062,15531000
MSFT,2025-08-11,519.2834381856256,524.5429245664681,516.7183220142601,518.7565307617188,20194400
MSFT,2025-08-12,520.7250669698358,527.9132904806338,519.6811434112465,526.183349609375,18667000
MSFT,2025-08-13,529.0368026236954,529.6234217995657,516.3703917601634,517.5734252929688,19619200
MSFT,2025-08-14,519.5418962511537,522.9123315064297,517.1358902118243,519.4623413085938,20269100
MSFT,2025-08-15,519.7507304052322,523.0614541020369,516.0820397908819,517.1657104492188,25213300
MSFT,2025-08-18,518.5775217659684,519.8003983365775,511.0512359172718,514.1134033203125,23760600
MSFT,2025-08-19,512.0256106523992,512.1846598699071,505.61285057663105,506.8258056640625,21481000
MSFT,2025-08-20,506.925219770199,508.0486982628479,501.52658824278717,502.7991943359375,27723000
MSFT,2025-08-21,501.6041452591809,505.5278315490841,500.6381609615915,502.15185546875,18443300
MSFT,2025-08-22,502.1618461633245,508.6150227226763,500.32946944945456,505.1295166015625,24324200
MSFT,2025-08-25,504.5319946732823,506.0855321115255,502.0323791323648,502.17181396484375,21638600
MSFT,2025-08-26,502.2713680297872,502.88882606141556,496.4456179190968,499.96099853515625,30835700
MSFT,2025-08-27,499.9211487290224,505.1892506185915,497.82983904056124,504.6415100097656,17277900
MSFT,2025-08-28,504.9900522378754,508.9734875719172,503.4066403395377,507.5295104980469,18015600
MSFT,2025-08-29,506.5535790393771,507.4896888132377,502.40083415821226,504.59173583984375,20961600
MSFT,2025-09-02,498.3974910813857,503.90458943006223,494.75264396148896,503.0282287597656,18128000
MSFT,2025-09-03,501.70375627159575,505.68719181229375,500.2398424947412,503.2572937011719,16345100
MSFT,2025-09-04,502.2116394820944,506.04570238922344,501.0664078062513,505.866455078125,15509500
MSFT,2025-09-05,506.9619070760115,509.8498918622262,490.3310509759443,492.9501647949219,31994800
MSFT,2025-09-08,496.04724781279185,499.1244784694731,492.9800158612091,496.13690185546875,16771000
MSFT,2025-09-09,499.3535217605099,500.17013335375145,495.6389875077243,496.3460388183594,14410500
MSFT,2025-09-10,500.8971201283455,501.1460848531792,494.6630336933239,498.29791259765625,21611800
MSFT,2025-09-11,500.17012751524385,501.08633106619584,495.8182290284252,498.9352722167969,18881600
MSFT,2025-09-12,504.55191069082485,510.42747218178897,501.7635178992086,507.7884521484375,23624900
MSFT,2025-09-15,506.68306017742736,513.3353599697668,504.9004642300766,513.225830078125,17143800
MSFT,2025-09-16,514.7395367165727,515.0880630075219,506.4938265025834,506.9320068359375,19711900
MSFT,2025-09-17,508.5054498653079,509.1726886784055,503.8348693472275,507.9079284667969,15816600
MSFT,2025-09-18,509.37184097126715,510.9453149965379,505.55771489166153,506.3444519042969,18913700
MSFT,2025-09-19,508.44568153944795,517.1494779837726,508.1967168320822,515.78515625,52474100
MSFT,2025-09-22,513.4548737162081,515.5959337012963,510.4174557013089,512.319580078125,20009300
MSFT,2025-09-23,511.67229848312854,512.4590659268906,505.2091838485409,507.1212463378906,19799600
MSFT,2025-09-24,508.26644250853604,510.35772177145367,504.82077941210207,508.0373840332031,13533700
MSFT,2025-09-25,506.1950582100621,507.89799878212006,502.94857891661616,504.9303283691406,15786500
MSFT,2025-09-26,507.94778361103766,511.8117209714621,504.52202659403474,509.34197998046875,16213100
MSFT,2025-09-29,509.3817950243417,514.7096154882738,506.77264973451184,512.4689331054688,17617800
MSFT,2025-09-30,511.11459757878936,516.0142062084105,507.54943619028296,515.8051147460938,19728200
MSFT,2025-10-01,512.6681599915194,518.3545363078492,509.5710533372991,517.557861328125,22632300
MSFT,2025-10-02,515.496404228155,519.439966484546,508.5652045551738,513.604248046875,21222900
MSFT,2025-10-03,514.9585548343116,518.3345307125708,512.8672756929882,515.20751953125,15112300
MSFT,2025-10-06,516.4623876768178,528.8309994124726,516.0541122577388,526.3811645507812,21388600
MSFT,2025-10-07,526.1022689962125,527.6060256392368,519.2806599401652,521.8101196289062,14615200
MSFT,2025-10-08,521.1130687043808,524.7678538085896,520.923853084141,522.676513671875,13363400
MSFT,2025-10-09,520.1769452354545,522.158694647609,515.2574000210162,520.2366943359375,18343600
MSFT,2025-10-10,517.4881335274953,521.4118200258811,507.5195762105422,508.84405517578125,24133800
MSFT,2025-10-13,514.2714464494894,514.2714464494894,509.56105349845876,511.9212341308594,14284200
MSFT,2025-10-14,508.11707238992415,513.1461778212379,503.9045785101632,511.4432373046875,14684300
MSFT,2025-10-15,512.8274957075639,515.0482414945574,507.888013925759,511.3038024902344,14694700
MSFT,2025-10-16,510.4573477017149,514.7096236704256,506.02576365101777,509.4913330078125,15559600
MSFT,2025-10-17,506.93203901166436,513.3453425707617,505.2091921192977,511.4532470703125,19867800
MSFT,2025-10-20,512.4788764440519,516.5519656323323,511.30377036778043,514.6498413085938,14665600
MSFT,2025-10-21,515.3569857054445,516.5420602391357,510.91543308707116,515.5162963867188,15586200
MSFT,2025-10-22,518.9919195722497,523.0549803520576,515.5661623300699,518.3843994140625,18962700
MSFT,2025-10-23,520.2964530626382,521.7802730707533,516.4623598997719,518.404296875,14023500
MSFT,2025-10-24,520.6250388201142,523.1744351060786,518.5536961256696,521.441650390625,15532400
MSFT,2025-10-27,529.577902779321,532.3662956890146,526.819354031342,529.3189697265625,18734700
MSFT,2025-10-28,547.7224103521172,551.4269763883988,538.5306518978505,539.8252563476562,29986700
MSFT,2025-10-29,542.6833492925585,544.0078586434945,534.507325873603,539.307373046875,36023000
MSFT,2025-10-30,528.2831883129468,532.7545848667123,519.9578228356851,523.582763671875,41023100
MSFT,2025-10-31,526.6898137654194,527.1279940743384,512.9668501497666,515.6656494140625,34006400
MSFT,2025-11-03,517.657371934483,522.7860691817526,512.4590180581705,514.888916015625,22374700
MSFT,2025-11-04,509.6407695643784,513.4150529816625,505.73698923396887,512.2001342773438,20958700
MSFT,2025-11-05,511.17434154282535,512.6980347767452,504.4821687767013,505.0597839355469,23024300
MSFT,2025-11-06,503.5659922381216,503.6058351018555,493.75677643867937,495.04144287109375,27406500
MSFT,2025-11-07,494.89207027354036,497.31199999791255,491.2073803526309,494.7626037597656,24019800
MSFT,2025-11-10,497.9692613740871,504.7510576229119,496.73437575016374,503.9045715332031,26101500
MSFT,2025-11-11,502.70954902224156,507.48968986721945,500.26971300797675,506.573486328125,17980000
MSFT,2025-11-12,507.2506574723947,509.5511194130969,497.05307240824305,509.0233154296875,26574900
MSFT,2025-11-13,508.1967287528611,511.3735209246628,499.2140928412288,501.205810546875,25273100
MSFT,2025-11-14,496.166765720741,509.4813936811572,495.3800287197931,508.0672607421875,28505700
MSFT,2025-11-17,506.34444359286346,509.9992285471841,502.8190947602184,505.3883972167969,19092800
MSFT,2025-11-18,493.31862192366924,500.89712400975867,484.76419755903834,491.74517822265625,33815100
MSFT,2025-11-19,488.0704229659532,493.13934080841636,480.8305097576304,485.1027526855469,23245300
MSFT,2025-11-20,491.5879641710541,492.4460215630244,474.41716428973194,477.3404846191406,26802500
MSFT,2025-11-21,477.4103368698009,477.8293938228302,467.20362215472323,471.04486083984375,31769200
MSFT,2025-11-24,473.9183160323131,475.8139832068258,466.9542001322548,472.92059326171875,34421000
MSFT,2025-11-25,472.9904142849383,478.0588322743821,463.8313270788984,475.90374755859375,28019800
MSFT,2025-11-26,485.2025316262965,487.1979770584782,480.10418316215106,484.3943786621094,25709100
MSFT,2025-11-28,486.48962635446395,491.5081706450152,485.54177754838196,490.88958740234375,14386700
MSFT,2025-12-01,487.32770213243884,488.7444513856018,483.5463243869077,485.6315612792969,23964000
MSFT,2025-12-02,485.6116258193264,492.3761849539621,485.2125428025972,488.8841552734375,19562700
MSFT,2025-12-03,475.23529714339696,483.13724409881166,474.1178525596479,476.64208984375,34615100
MSFT,2025-12-04,478.6674679630734,480.2239129901724,475.40489514051177,479.7449951171875,22318200
MSFT,2025-12-05,481.4211657314621,482.299166614698,477.78947078944657,482.0597229003906,22608700
MSFT,2025-12-08,483.7858099301447,491.17890888246444,483.2769615726175,489.9018249511719,21965900
MSFT,2025-12-09,487.9862027558801,490.99931449735556,487.3875630167038,490.8995361328125,14696100
MSFT,2025-12-10,482.92772884397027,483.14722906115725,473.99809828560024,477.4701843261719,35756200
MSFT,2025-12-11,475.5445986070271,484.92318635563356,474.7763326037194,482.3690185546875,24669200
MSFT,2025-12-12,478.72734800157895,481.3513637649093,475.2552617920193,477.4402770996094,21248100
MSFT,2025-12-15,479.0066832317436,479.6252664455081,471.44392797474177,473.73870849609375,23727700
MSFT,2025-12-16,470.8353364785088,476.80172935648005,469.8076832860371,475.3051452636719,20705600
MSFT,2025-12-17,475.8239455574328,478.9069051052783,473.9182915104317,475.0357360839844,24527200
MSFT,2025-12-18,477.10104539067044,488.4850656489584,476.8017407441929,482.87786865234375,28573500
MSFT,2025-12-19,486.2501387748106,486.73904362092316,481.39123391446003,484.8134460449219,70836100
MSFT,2025-12-22,485.01298390813173,487.6170561484318,481.5908021440126,483.81573486328125,16963000
MSFT,2025-12-23,483.8755963136496,486.71908182827985,483.63612214595605,485.7413330078125,14683600
MSFT,2025-12-24,484.5739628623746,488.04604888584674,483.7258924615979,486.90863037109375,5855900
MSFT,2025-12-26,485.601642461088,487.00843522519267,484.85335038112265,486.599365234375,8842200
MSFT,2025-12-29,483.7558335295542,487.23790659993216,483.0773893732932,485.9907531738281,10893400
MSFT,2025-12-30,484.82341501264875,488.56487537463653,484.39440153201394,486.3699035644531,13944500
MSFT,2025-12-31,486.7290680267604,487.0284031238816,482.1993981667827,482.5186767578125,15601600
MSFT,2026-01-02,483.2869444224563,483.5563186075122,469.0893385249197,471.8630065917969,25571600
MSFT,2026-01-05,472.98042932285466,474.9858617296903,468.4308161640092,471.773193359375,25250300
MSFT,2026-01-06,472.72102257015473,477.64977534720424,468.68025764779384,477.4203186035156,23037700
MSFT,2026-01-07,478.6674756822987,488.5848422406915,476.86159994291296,482.3690185546875,25564200
MSFT,2026-01-08,480.14408679814625,481.5608665012806,474.7763335277468,477.0212097167969,18162600
MSFT,2026-01-09,472.9804540365218,478.72734693664125,471.1247042989064,478.1885681152344,18491000
MSFT,2026-01-12,475.5845048686955,479.89464390147504,474.59673866594744,476.09332275390625,23519900
MSFT,2026-01-13,473.5990225282599,474.6965236309785,464.888922501957,469.5981750488281,28545800
MSFT,2026-01-14,465.39775666549855,467.13381499707015,456.1289340170423,458.3338928222656,28184300
MSFT,2026-01-15,463.0630900555096,463.1927988881192,454.8618076165624,455.6200866699219,23225800
MSFT,2026-01-16,456.78739866953146,462.13520850615447,455.4404972994736,458.8127746582031,34246700
MSFT,2026-01-20,450.1924514863621,455.7597309230742,448.2568669541529,453.48492431640625,26130000
MSFT,2026-01-21,451.56931960591265,451.65911099901973,437.68100562513575,443.0986328125,37980500
MSFT,2026-01-22,446.600636936346,451.8087507279656,443.6873036586902,450.1126403808594,25349400
MSFT,2026-01-23,450.8409629929935,470.0271819611143,449.50401819491054,464.888916015625,38000200
MSFT,2026-01-26,464.25036221183507,473.1700058760031,460.94790240319116,469.20904541015625,29291200
MSFT,2026-01-27,472.62128861771004,481.7703893732875,472.0825097961169,479.485595703125,29213900
MSFT,2026-01-28,482.10959164059926,482.63838346935967,476.9114647448887,480.533203125,36875400
MSFT,2026-01-29,438.98802836564175,441.49232224197124,420.06122635013605,432.5128173828125,128855300
MSFT,2026-01-30,438.1699022937122,438.5989157576861,425.47886802078926,429.31011962890625,58566800
MSFT,2026-02-02,429.2602343395754,429.7590957240154,421.28843915961005,422.4058837890625,42219900
MSFT,2026-02-03,421.0489834358989,421.0888704228976,407.6296003977664,410.2735595703125,61424100
MSFT,2026-02-04,410.0640575889883,418.84400576689177,408.3080557741746,413.2467956542969,45012400
MSFT,2026-02-05,406.51216038211834,407.37018733348754,391.4265972483441,392.7735290527344,66289200
MSFT,2026-02-06,398.2609865133262,400.87501513504304,392.0252195920243,400.22650146484375,53515300
MSFT,2026-02-09,403.9280678877113,413.94521298339265,399.9571203178888,412.65814208984375,45480500
MSFT,2026-02-10,418.66440278178237,422.7151545880433,411.76017861216997,412.328857421875,44857900
MSFT,2026-02-11,415.2322299614449,415.51159110220135,400.096793508188,403.4491271972656,42491000
MSFT,2026-02-12,404.07770370563327,405.2749831551046,397.1036315998776,400.9248962402344,40802400
MSFT,2026-02-13,403.528974460687,404.61648859375555,397.1435245648219,400.4060974121094,34091600
MSFT,2026-02-17,398.31087932693146,399.60790672873594,393.6315571718042,395.95623779296875,32078800
MSFT,2026-02-18,397.2233488345012,401.6432531481791,395.41747315874426,398.69000244140625,23223400
MSFT,2026-02-19,400.69000244140625,404.42999267578125,396.6700134277344,398.4599914550781,28234000
MSFT,2026-02-20,396.1099853515625,400.1199951171875,395.1600036621094,397.2300109863281,34015200
MSFT,2026-02-23,395.0,395.3599853515625,383.1000061035156,384.4700012207031,43238300
MSFT,2026-02-24,384.1400146484375,389.3599853515625,381.7099914550781,389.0,33884700
MSFT,2026-02-25,390.5299987792969,401.4700012207031,390.1600036621094,400.6000061035156,43625500
MSFT,2026-02-26,404.7099914550781,407.489990234375,398.739990234375,401.7200012207031,34405900
MSFT,2026-02-27,390.8800048828125,396.82000732421875,389.8800048828125,392.739990234375,51367200
MSFT,2026-03-02,392.8599853515625,401.19000244140625,390.6300048828125,398.54998779296875,35474900
MSFT,2026-03-03,393.1400146484375,406.70001220703125,392.6700134277344,403.92999267578125,38199200
MSFT,2026-03-04,401.1619873046875,411.0325927734375,400.30999755859375,405.20001220703125,35644323
AMZN,2025-03-05,204.8000030517578,209.97999572753906,203.25999450683594,208.36000061035156,38610100
AMZN,2025-03-06,204.39999389648438,205.77000427246094,198.3000030517578,200.6999969482422,49863800
AMZN,2025-03-07,199.49000549316406,202.27000427246094,192.52999877929688,199.25,59802800
AMZN,2025-03-10,195.60000610351562,196.72999572753906,190.85000610351562,194.5399932861328,62350900
AMZN,2025-03-11,193.89999389648438,200.17999267578125,193.39999389648438,196.58999633789062,54002900
AMZN,2025-03-12,200.72000122070312,201.52000427246094,195.2899932861328,198.88999938964844,43679300
AMZN,2025-03-13,198.1699981689453,198.8800048828125,191.82000732421875,193.88999938964844,41270800
AMZN,2025-03-14,197.41000366210938,198.64999389648438,195.32000732421875,197.9499969482422,38096700
AMZN,2025-03-17,198.77000427246094,199.0,194.32000732421875,195.74000549316406,47341800
AMZN,2025-03-18,192.52000427246094,194.0,189.3800048828125,192.82000732421875,40414900
AMZN,2025-03-19,193.3800048828125,195.97000122070312,191.9600067138672,195.5399932861328,39442900
AMZN,2025-03-20,193.07000732421875,199.32000732421875,192.3000030517578,194.9499969482422,38921100
AMZN,2025-03-21,192.89999389648438,196.99000549316406,192.52000427246094,196.2100067138672,60056900
AMZN,2025-03-24,200.0,203.63999938964844,199.9499969482422,203.25999450683594,41625400
AMZN,2025-03-25,203.60000610351562,206.2100067138672,203.22000122070312,205.7100067138672,31171200
AMZN,2025-03-26,205.83999633789062,206.00999450683594,199.92999267578125,201.1300048828125,32855300
AMZN,2025-03-27,200.88999938964844,203.7899932861328,199.27999877929688,201.36000061035156,27317700
AMZN,2025-03-28,198.4199981689453,199.25999450683594,191.8800048828125,192.72000122070312,52548200
AMZN,2025-03-31,188.19000244140625,191.3300018310547,184.39999389648438,190.25999450683594,63547600
AMZN,2025-04-01,187.86000061035156,193.92999267578125,187.1999969482422,192.1699981689453,41267300
AMZN,2025-04-02,187.66000366210938,198.33999633789062,187.66000366210938,196.00999450683594,53679200
AMZN,2025-04-03,183.0,184.1300048828125,176.9199981689453,178.41000366210938,95553600
AMZN,2025-04-04,167.14999389648438,178.13999938964844,166.0,171.0,123159400
AMZN,2025-04-07,162.0,183.41000366210938,161.3800048828125,175.25999450683594,109327100
AMZN,2025-04-08,185.22999572753906,185.89999389648438,168.57000732421875,170.66000366210938,87710400
AMZN,2025-04-09,172.1199951171875,192.64999389648438,169.92999267578125,191.10000610351562,116804300
AMZN,2025-04-10,185.44000244140625,186.8699951171875,175.85000610351562,181.22000122070312,68302000
AMZN,2025-04-11,179.92999267578125,185.86000061035156,178.0,184.8699951171875,50594300
AMZN,2025-04-14,186.83999633789062,187.44000244140625,179.22999572753906,182.1199951171875,48002500
AMZN,2025-04-15,181.41000366210938,182.35000610351562,177.92999267578125,179.58999633789062,43642000
AMZN,2025-04-16,176.2899932861328,179.10000610351562,171.41000366210938,174.3300018310547,51875300
AMZN,2025-04-17,176.0,176.2100067138672,172.0,172.61000061035156,44726500
AMZN,2025-04-21,169.60000610351562,169.60000610351562,165.2899932861328,167.32000732421875,48126100
AMZN,2025-04-22,169.85000610351562,176.77999877929688,169.35000610351562,173.17999267578125,56607200
AMZN,2025-04-23,183.4499969482422,187.3800048828125,180.19000244140625,180.60000610351562,63470100
AMZN,2025-04-24,180.9199981689453,186.74000549316406,180.17999267578125,186.5399932861328,43763200
AMZN,2025-04-25,187.6199951171875,189.94000244140625,185.49000549316406,188.99000549316406,36414300
AMZN,2025-04-28,190.11000061035156,190.22000122070312,184.88999938964844,187.6999969482422,33224700
AMZN,2025-04-29,183.99000549316406,188.02000427246094,183.67999267578125,187.38999938964844,41667300
AMZN,2025-04-30,182.1699981689453,185.0500030517578,178.85000610351562,184.4199981689453,55176500
AMZN,2025-05-01,190.6300048828125,191.80999755859375,187.5,190.1999969482422,74266000
AMZN,2025-05-02,191.44000244140625,192.8800048828125,186.39999389648438,189.97999572753906,77903500
AMZN,2025-05-05,186.50999450683594,188.17999267578125,185.52999877929688,186.35000610351562,35217500
AMZN,2025-05-06,184.57000732421875,187.92999267578125,183.85000610351562,185.00999450683594,29314100
AMZN,2025-05-07,185.55999755859375,190.99000549316406,185.00999450683594,188.7100067138672,43948600
AMZN,2025-05-08,191.42999267578125,194.3300018310547,188.82000732421875,192.0800018310547,41043600
AMZN,2025-05-09,193.3800048828125,194.69000244140625,191.16000366210938,193.05999755859375,29663100
AMZN,2025-05-12,210.7100067138672,211.66000366210938,205.75,208.63999938964844,75205000
AMZN,2025-05-13,211.0800018310547,214.83999633789062,210.10000610351562,211.3699951171875,56193700
AMZN,2025-05-14,211.4499969482422,211.92999267578125,208.85000610351562,210.25,38492100
AMZN,2025-05-15,206.4499969482422,206.8800048828125,202.6699981689453,205.1699981689453,64347300
AMZN,2025-05-16,206.85000610351562,206.85000610351562,204.3699951171875,205.58999633789062,43318500
AMZN,2025-05-19,201.64999389648438,206.6199951171875,201.25999450683594,206.16000366210938,34314800
AMZN,2025-05-20,204.6300048828125,205.58999633789062,202.64999389648438,204.07000732421875,29470400
AMZN,2025-05-21,201.61000061035156,203.4600067138672,200.05999755859375,201.1199951171875,42460900
AMZN,2025-05-22,201.3800048828125,205.75999450683594,200.16000366210938,203.10000610351562,38938900
AMZN,2025-05-23,198.89999389648438,202.3699951171875,197.85000610351562,200.99000549316406,33393500
AMZN,2025-05-27,203.08999633789062,206.69000244140625,202.19000244140625,206.02000427246094,34892000
AMZN,2025-05-28,205.9199981689453,207.66000366210938,204.41000366210938,204.72000122070312,28549800
AMZN,2025-05-29,208.02999877929688,208.80999755859375,204.22999572753906,205.6999969482422,34650000
AMZN,2025-05-30,204.83999633789062,205.99000549316406,201.6999969482422,205.00999450683594,51679400
AMZN,2025-06-02,204.97999572753906,207.0,202.67999267578125,206.64999389648438,29113300
AMZN,2025-06-03,207.11000061035156,208.9499969482422,205.02999877929688,205.7100067138672,33139100
AMZN,2025-06-04,206.5500030517578,208.17999267578125,205.17999267578125,207.22999572753906,29915600
AMZN,2025-06-05,209.5500030517578,212.80999755859375,207.55999755859375,207.91000366210938,51864200
AMZN,2025-06-06,212.39999389648438,213.8699951171875,210.5,213.57000732421875,39832500
AMZN,2025-06-09,214.75,217.85000610351562,212.8800048828125,216.97999572753906,38102500
AMZN,2025-06-10,216.77999877929688,217.69000244140625,214.14999389648438,217.61000061035156,31303300
AMZN,2025-06-11,217.41000366210938,218.39999389648438,212.88999938964844,213.1999969482422,39326000
AMZN,2025-06-12,211.77999877929688,213.5800018310547,211.3300018310547,213.24000549316406,27640000
AMZN,2025-06-13,209.9600067138672,214.0500030517578,209.6199951171875,212.10000610351562,29337800
AMZN,2025-06-16,212.30999755859375,217.05999755859375,211.60000610351562,216.10000610351562,33284200
AMZN,2025-06-17,215.1999969482422,217.41000366210938,214.55999755859375,214.82000732421875,32086300
AMZN,2025-06-18,215.08999633789062,217.9600067138672,212.33999633789062,212.52000427246094,44360500
AMZN,2025-06-20,214.67999267578125,214.88999938964844,208.27000427246094,209.69000244140625,75350700
AMZN,2025-06-23,209.7899932861328,210.38999938964844,207.30999755859375,208.47000122070312,37311700
AMZN,2025-06-24,212.13999938964844,214.33999633789062,211.0500030517578,212.77000427246094,38378800
AMZN,2025-06-25,214.6199951171875,216.02999877929688,211.11000061035156,211.99000549316406,31755700
AMZN,2025-06-26,213.1199951171875,218.0399932861328,212.00999450683594,217.1199951171875,50480800
AMZN,2025-06-27,219.9199981689453,223.3000030517578,216.74000549316406,223.3000030517578,119217100
AMZN,2025-06-30,223.52000427246094,223.82000732421875,219.1199951171875,219.38999938964844,58887800
AMZN,2025-07-01,219.5,221.8800048828125,217.92999267578125,220.4600067138672,39256800
AMZN,2025-07-02,219.72999572753906,221.60000610351562,219.05999755859375,219.9199981689453,30894200
AMZN,2025-07-03,221.82000732421875,224.00999450683594,221.36000061035156,223.41000366210938,29632400
AMZN,2025-07-07,223.0,224.2899932861328,222.3699951171875,223.47000122070312,36604100
AMZN,2025-07-08,223.9199981689453,224.0,218.42999267578125,219.36000061035156,45692000
AMZN,2025-07-09,221.07000732421875,224.2899932861328,220.47000122070312,222.5399932861328,38155100
AMZN,2025-07-10,221.5500030517578,222.7899932861328,219.6999969482422,222.25999450683594,30370600
AMZN,2025-07-11,223.5800018310547,226.67999267578125,222.3699951171875,225.02000427246094,50518300
AMZN,2025-07-14,225.07000732421875,226.66000366210938,224.24000549316406,225.69000244140625,35702600
AMZN,2025-07-15,226.1999969482422,227.27000427246094,225.4600067138672,226.35000610351562,34907300
AMZN,2025-07-16,225.8800048828125,226.10000610351562,222.17999267578125,223.19000244140625,39535900
AMZN,2025-07-17,223.32000732421875,224.5,222.50999450683594,223.8800048828125,31855800
AMZN,2025-07-18,225.13999938964844,226.39999389648438,222.97999572753906,226.1300048828125,37833800
AMZN,2025-07-21,225.83999633789062,229.69000244140625,225.64999389648438,229.3000030517578,40297600
AMZN,2025-07-22,229.67999267578125,230.0,226.35000610351562,227.47000122070312,37483700
AMZN,2025-07-23,228.47000122070312,228.7899932861328,227.08999633789062,228.2899932861328,28294900
AMZN,2025-07-24,229.1699981689453,236.0,228.63999938964844,232.22999572753906,42902300
AMZN,2025-07-25,232.22000122070312,232.47999572753906,231.17999267578125,231.44000244140625,28712100
AMZN,2025-07-28,233.35000610351562,234.2899932861328,232.25,232.7899932861328,26300100
AMZN,2025-07-29,234.14999389648438,234.72000122070312,230.30999755859375,231.00999450683594,33716200
AMZN,2025-07-30,231.63999938964844,231.8000030517578,229.2899932861328,230.19000244140625,32993300
AMZN,2025-07-31,235.77000427246094,236.52999877929688,231.39999389648438,234.11000061035156,104357300
AMZN,2025-08-01,217.2100067138672,220.44000244140625,212.8000030517578,214.75,122258800
AMZN,2025-08-04,217.39999389648438,217.44000244140625,211.4199981689453,211.64999389648438,77890100
AMZN,2025-08-05,213.0500030517578,216.3000030517578,212.8699951171875,213.75,51505100
AMZN,2025-08-06,214.6999969482422,222.64999389648438,213.74000549316406,222.30999755859375,54823000
AMZN,2025-08-07,221.0,226.22000122070312,220.82000732421875,223.1300048828125,40603500
AMZN,2025-08-08,223.13999938964844,223.8000030517578,221.8800048828125,222.69000244140625,32970500
AMZN,2025-08-11,221.77999877929688,223.0500030517578,220.39999389648438,221.3000030517578,31646200
AMZN,2025-08-12,222.22999572753906,223.5,219.0500030517578,221.47000122070312,37185800
AMZN,2025-08-13,222.0,224.9199981689453,222.0,224.55999755859375,36508300
AMZN,2025-08-14,227.39999389648438,233.11000061035156,227.02000427246094,230.97999572753906,61545800
AMZN,2025-08-15,232.5800018310547,234.0800018310547,229.80999755859375,231.02999877929688,39649200
AMZN,2025-08-18,230.22999572753906,231.91000366210938,228.3300018310547,231.49000549316406,25248900
AMZN,2025-08-19,230.08999633789062,230.52999877929688,227.1199951171875,228.00999450683594,29891000
AMZN,2025-08-20,227.1199951171875,227.27000427246094,220.9199981689453,223.80999755859375,36604300
AMZN,2025-08-21,222.64999389648438,222.77999877929688,220.5,221.9499969482422,32140500
AMZN,2025-08-22,222.7899932861328,229.13999938964844,220.82000732421875,228.83999633789062,37315300
AMZN,2025-08-25,227.35000610351562,229.60000610351562,227.30999755859375,227.94000244140625,22633700
AMZN,2025-08-26,227.11000061035156,229.0,226.02000427246094,228.7100067138672,26105400
AMZN,2025-08-27,228.57000732421875,229.8699951171875,227.80999755859375,229.1199951171875,21254500
AMZN,2025-08-28,229.00999450683594,232.7100067138672,228.02000427246094,231.60000610351562,33679600
AMZN,2025-08-29,231.32000732421875,231.80999755859375,228.16000366210938,229.0,26199200
AMZN,2025-09-02,223.52000427246094,226.1699981689453,221.8300018310547,225.33999633789062,38843900
AMZN,2025-09-03,225.2100067138672,227.1699981689453,224.36000061035156,225.99000549316406,29223100
AMZN,2025-09-04,231.19000244140625,235.77000427246094,230.77999877929688,235.67999267578125,59391800
AMZN,2025-09-05,235.19000244140625,236.0,231.92999267578125,232.3300018310547,36721800
AMZN,2025-09-08,234.94000244140625,237.60000610351562,233.75,235.83999633789062,33947100
AMZN,2025-09-09,236.36000061035156,238.85000610351562,235.0800018310547,238.24000549316406,27033800
AMZN,2025-09-10,237.52000427246094,237.67999267578125,229.10000610351562,230.3300018310547,60907700
AMZN,2025-09-11,231.49000549316406,231.52999877929688,229.33999633789062,229.9499969482422,37485600
AMZN,2025-09-12,230.35000610351562,230.7899932861328,226.2899932861328,228.14999389648438,38496200
AMZN,2025-09-15,230.6300048828125,233.72999572753906,230.32000732421875,231.42999267578125,33243300
AMZN,2025-09-16,232.94000244140625,235.89999389648438,232.22999572753906,234.0500030517578,38203900
AMZN,2025-09-17,233.77000427246094,234.3000030517578,228.7100067138672,231.6199951171875,42815200
AMZN,2025-09-18,232.5,233.47999572753906,228.7899932861328,231.22999572753906,37931700
AMZN,2025-09-19,232.3699951171875,234.16000366210938,229.6999969482422,231.47999572753906,97943200
AMZN,2025-09-22,230.55999755859375,230.57000732421875,227.50999450683594,227.6300048828125,45914500
AMZN,2025-09-23,227.8300018310547,227.86000061035156,220.07000732421875,220.7100067138672,70956200
AMZN,2025-09-24,224.14999389648438,224.55999755859375,219.4499969482422,220.2100067138672,49509000
AMZN,2025-09-25,220.05999755859375,220.6699981689453,216.47000122070312,218.14999389648438,52226300
AMZN,2025-09-26,219.0800018310547,221.0500030517578,218.02000427246094,219.77999877929688,41650100
AMZN,2025-09-29,220.0800018310547,222.60000610351562,219.3000030517578,222.1699981689453,44259200
AMZN,2025-09-30,222.02999877929688,222.24000549316406,217.88999938964844,219.57000732421875,48396400
AMZN,2025-10-01,217.36000061035156,222.14999389648438,216.61000061035156,220.6300048828125,43933800
AMZN,2025-10-02,221.00999450683594,222.80999755859375,218.9499969482422,222.41000366210938,41258600
AMZN,2025-10-03,223.44000244140625,224.1999969482422,219.33999633789062,219.50999450683594,43639000
AMZN,2025-10-06,221.0,221.72999572753906,216.02999877929688,220.89999389648438,43690900
AMZN,2025-10-07,220.8800048828125,222.88999938964844,220.1699981689453,221.77999877929688,31194700
AMZN,2025-10-08,222.9199981689453,226.72999572753906,221.19000244140625,225.22000122070312,46686000
AMZN,2025-10-09,225.0,228.2100067138672,221.75,227.74000549316406,46412100
AMZN,2025-10-10,226.2100067138672,228.25,216.0,216.3699951171875,72367500
AMZN,2025-10-13,217.6999969482422,220.67999267578125,217.0399932861328,220.07000732421875,37809700
AMZN,2025-10-14,215.55999755859375,219.32000732421875,212.60000610351562,216.38999938964844,45665600
AMZN,2025-10-15,216.6199951171875,217.7100067138672,212.66000366210938,215.57000732421875,45909500
AMZN,2025-10-16,215.6699981689453,218.58999633789062,212.80999755859375,214.47000122070312,42414600
AMZN,2025-10-17,214.55999755859375,214.8000030517578,211.02999877929688,213.0399932861328,45986900
AMZN,2025-10-20,213.8800048828125,216.69000244140625,213.58999633789062,216.47999572753906,38882800
AMZN,2025-10-21,218.42999267578125,223.32000732421875,217.99000549316406,222.02999877929688,50494600
AMZN,2025-10-22,219.3000030517578,220.00999450683594,216.52000427246094,217.9499969482422,44308500
AMZN,2025-10-23,219.0,221.3000030517578,218.17999267578125,221.08999633789062,31540000
AMZN,2025-10-24,221.97000122070312,225.39999389648438,221.89999389648438,224.2100067138672,38685100
AMZN,2025-10-27,227.66000366210938,228.39999389648438,225.5399932861328,226.97000122070312,38267000
AMZN,2025-10-28,228.22000122070312,231.49000549316406,226.2100067138672,229.25,47100000
AMZN,2025-10-29,231.6699981689453,232.82000732421875,227.75999450683594,230.3000030517578,52036200
AMZN,2025-10-30,227.05999755859375,228.44000244140625,222.75,222.86000061035156,102252900
AMZN,2025-10-31,250.10000610351562,250.5,243.97999572753906,244.22000122070312,166340800
AMZN,2025-11-03,255.36000061035156,258.6000061035156,252.89999389648438,254.0,95997800
AMZN,2025-11-04,250.3800048828125,257.010009765625,248.66000366210938,249.32000732421875,51546300
AMZN,2025-11-05,249.02999877929688,251.0,246.16000366210938,250.1999969482422,40610700
AMZN,2025-11-06,249.16000366210938,250.3800048828125,242.1699981689453,243.0399932861328,46004200
AMZN,2025-11-07,242.89999389648438,244.89999389648438,238.49000549316406,244.41000366210938,46374300
AMZN,2025-11-10,248.33999633789062,251.75,245.58999633789062,248.39999389648438,36476500
AMZN,2025-11-11,248.41000366210938,249.75,247.22999572753906,249.10000610351562,23564100
AMZN,2025-11-12,250.24000549316406,250.3699951171875,243.75,244.1999969482422,31190100
AMZN,2025-11-13,243.0500030517578,243.75,236.5,237.5800018310547,41401700
AMZN,2025-11-14,235.05999755859375,238.72999572753906,232.88999938964844,234.69000244140625,38956700
AMZN,2025-11-17,233.25,234.60000610351562,229.19000244140625,232.8699951171875,59919000
AMZN,2025-11-18,228.10000610351562,230.1999969482422,222.4199981689453,222.5500030517578,60608400
AMZN,2025-11-19,223.74000549316406,223.74000549316406,218.52000427246094,222.69000244140625,58335600
AMZN,2025-11-20,227.0500030517578,227.41000366210938,216.74000549316406,217.13999938964844,50309000
AMZN,2025-11-21,216.35000610351562,222.2100067138672,215.17999267578125,220.69000244140625,68490500
AMZN,2025-11-24,222.55999755859375,227.3300018310547,222.27000427246094,226.27999877929688,54318400
AMZN,2025-11-25,226.3800048828125,230.52000427246094,223.8000030517578,229.6699981689453,39379300
AMZN,2025-11-26,230.74000549316406,231.75,228.77000427246094,229.16000366210938,38497900
AMZN,2025-11-28,231.24000549316406,233.2899932861328,230.22000122070312,233.22000122070312,20292300
AMZN,2025-12-01,233.22000122070312,235.8000030517578,232.25,233.8800048828125,42904000
AMZN,2025-12-02,235.00999450683594,238.97000122070312,233.5500030517578,234.4199981689453,45785400
AMZN,2025-12-03,233.35000610351562,233.3800048828125,230.61000061035156,232.3800048828125,35495100
AMZN,2025-12-04,232.77000427246094,233.5,226.8000030517578,229.11000061035156,45683200
AMZN,2025-12-05,230.32000732421875,231.24000549316406,228.5500030517578,229.52999877929688,33117400
AMZN,2025-12-08,229.58999633789062,230.8300018310547,226.27000427246094,226.88999938964844,35019200
AMZN,2025-12-09,226.83999633789062,228.57000732421875,225.11000061035156,227.9199981689453,25841700
AMZN,2025-12-10,228.80999755859375,232.4199981689453,228.4600067138672,231.77999877929688,38790700
AMZN,2025-12-11,230.7100067138672,232.11000061035156,228.69000244140625,230.27999877929688,28249600
AMZN,2025-12-12,229.8699951171875,230.0800018310547,225.1199951171875,226.19000244140625,35639100
AMZN,2025-12-15,227.92999267578125,227.92999267578125,221.5,222.5399932861328,47286100
AMZN,2025-12-16,223.0399932861328,223.66000366210938,221.1300048828125,222.55999755859375,39298900
AMZN,2025-12-17,224.66000366210938,225.19000244140625,220.99000549316406,221.27000427246094,44034400
AMZN,2025-12-18,225.7100067138672,229.22999572753906,224.41000366210938,226.75999450683594,50272400
AMZN,2025-12-19,226.75999450683594,229.1300048828125,225.5800018310547,227.35000610351562,85544400
AMZN,2025-12-22,228.61000061035156,229.47999572753906,226.7100067138672,228.42999267578125,32261300
AMZN,2025-12-23,229.05999755859375,232.4499969482422,228.72999572753906,232.13999938964844,29230200
AMZN,2025-12-24,232.1300048828125,232.9499969482422,231.3300018310547,232.3800048828125,11420500
AMZN,2025-12-26,232.0399932861328,232.99000549316406,231.17999267578125,232.52000427246094,15994700
AMZN,2025-12-29,231.94000244140625,232.60000610351562,230.77000427246094,232.07000732421875,19797900
AMZN,2025-12-30,231.2100067138672,232.77000427246094,230.1999969482422,232.52999877929688,21910500
AMZN,2025-12-31,232.91000366210938,232.99000549316406,230.1199951171875,230.82000732421875,24383700
AMZN,2026-01-02,231.33999633789062,235.4600067138672,224.6999969482422,226.5,51456200
AMZN,2026-01-05,228.83999633789062,234.0,227.17999267578125,233.05999755859375,49733300
AMZN,2026-01-06,232.10000610351562,243.17999267578125,232.07000732421875,240.92999267578125,53764700
AMZN,2026-01-07,239.61000061035156,245.2899932861328,239.52000427246094,241.55999755859375,42236500
AMZN,2026-01-08,243.05999755859375,246.41000366210938,241.8800048828125,246.2899932861328,39509800
AMZN,2026-01-09,244.57000732421875,247.86000061035156,242.24000549316406,247.3800048828125,34560000
AMZN,2026-01-12,246.72999572753906,248.94000244140625,245.9600067138672,246.47000122070312,35867800
AMZN,2026-01-13,246.52999877929688,247.66000366210938,240.25,242.60000610351562,38371800
AMZN,2026-01-14,241.14999389648438,241.27999877929688,236.22000122070312,236.64999389648438,41410600
AMZN,2026-01-15,239.30999755859375,240.64999389648438,236.6300048828125,238.17999267578125,43003600
AMZN,2026-01-16,239.08999633789062,239.57000732421875,236.41000366210938,239.1199951171875,45888300
AMZN,2026-01-20,233.75999450683594,235.08999633789062,229.33999633789062,231.0,47737900
AMZN,2026-01-21,231.08999633789062,232.3000030517578,226.8800048828125,231.30999755859375,47276100
AMZN,2026-01-22,234.0500030517578,235.72000122070312,230.89999389648438,234.33999633789062,31913300
AMZN,2026-01-23,234.9600067138672,240.4499969482422,234.57000732421875,239.16000366210938,33778500
AMZN,2026-01-26,239.97999572753906,240.9499969482422,237.5399932861328,238.4199981689453,32825500
AMZN,2026-01-27,239.69000244140625,244.8800048828125,238.0800018310547,244.67999267578125,38029200
AMZN,2026-01-28,246.3699951171875,247.77999877929688,241.52999877929688,243.00999450683594,40882700
AMZN,2026-01-29,242.82000732421875,243.0,236.74000549316406,241.72999572753906,47229600
AMZN,2026-01-30,239.88999938964844,243.32000732421875,237.63999938964844,239.3000030517578,46585000
AMZN,2026-02-02,238.30999755859375,245.6300048828125,238.1699981689453,242.9600067138672,37546100
AMZN,2026-02-03,244.97999572753906,246.35000610351562,235.4499969482422,238.6199951171875,53831300
AMZN,2026-02-04,238.86000061035156,238.86000061035156,231.82000732421875,232.99000549316406,51299900
AMZN,2026-02-05,224.91000366210938,226.30999755859375,220.3800048828125,222.69000244140625,103509200
AMZN,2026-02-06,202.6999969482422,211.44000244140625,200.30999755859375,210.32000732421875,179210900
AMZN,2026-02-09,208.97000122070312,212.80999755859375,203.35000610351562,208.72000122070312,91178400
AMZN,2026-02-10,208.8000030517578,212.64999389648438,206.41000366210938,206.9600067138672,67175000
AMZN,2026-02-11,208.05999755859375,208.57000732421875,202.49000549316406,204.0800018310547,65545500
AMZN,2026-02-12,203.9600067138672,203.9600067138672,197.55999755859375,199.60000610351562,83975400
AMZN,2026-02-13,198.8800048828125,201.16000366210938,197.27999877929688,198.7899932861328,66321600
AMZN,2026-02-17,198.1300048828125,201.74000549316406,196.0,201.14999389648438,69879200
AMZN,2026-02-18,202.07000732421875,206.86000061035156,201.50999450683594,204.7899932861328,51003300
AMZN,2026-02-19,203.8000030517578,205.63999938964844,202.80999755859375,204.86000061035156,35669600
AMZN,2026-02-20,204.75999450683594,211.1699981689453,203.75,210.11000061035156,65881600
AMZN,2026-02-23,208.10000610351562,208.42999267578125,203.11000061035156,205.27000427246094,53581500
AMZN,2026-02-24,205.47000122070312,210.36000061035156,203.25,208.55999755859375,41137200
AMZN,2026-02-25,210.4600067138672,211.58999633789062,208.92999267578125,210.63999938964844,41346400
AMZN,2026-02-26,210.72999572753906,211.0500030517578,205.35000610351562,207.9199981689453,47756800
AMZN,2026-02-27,206.8300018310547,210.3300018310547,205.1999969482422,210.0,57422800
AMZN,2026-03-02,204.5500030517578,209.72999572753906,203.4600067138672,208.38999938964844,46001000
AMZN,2026-03-03,203.10000610351562,209.17999267578125,202.47999572753906,208.72999572753906,43184900
AMZN,2026-03-04,210.47000122070312,217.53500366210938,210.14999389648438,216.82000732421875,54286831
JPM,2025-03-05,246.2017318631641,247.96556815650442,242.8504503819176,246.47610473632812,7861400
JPM,2025-03-06,243.12481119110677,244.3496953684526,238.950411297504,241.5863494873047,9983200
JPM,2025-03-07,240.30266509821263,241.7627323707991,234.6094060276731,237.4119415283203,20498700
JPM,2025-03-10,231.46391270541537,232.73778024903012,224.10479922419384,227.5540771484375,18887200
JPM,2025-03-11,227.09352369484046,228.63198537977485,222.13519499810542,224.5359649658203,18143000
JPM,2025-03-12,229.29831783730396,229.6118953635389,222.69373697492486,223.3208770751953,16054000
JPM,2025-03-13,224.69276414889097,224.88874263351286,219.72462657901622,220.66534423828125,16467900
JPM,2025-03-14,223.53646161747008,228.45560073894006,223.00731822336598,227.76966857910156,11962100
JPM,2025-03-17,226.53496075554793,230.9347498826832,225.82944126080733,229.22970581054688,9586000
JPM,2025-03-18,229.6118912936414,231.42471087138168,228.82796244414868,230.2488250732422,10344900
JPM,2025-03-19,231.00335075055796,237.46093622614148,230.1704235702104,234.30563354492188,10120600
JPM,2025-03-20,231.80687167408394,236.90238671351167,231.45410444315897,234.2076416015625,8328500
JPM,2025-03-21,233.03175603733484,237.43154526163565,231.7480798478655,236.77500915527344,19326900
JPM,2025-03-24,240.54765810241156,243.69316735348227,239.49916498685462,243.07582092285156,9422700
JPM,2025-03-25,244.30068326517667,246.76026012430498,242.64463755823172,246.08412170410156,9287700
JPM,2025-03-26,247.52459140779072,249.55299175550442,244.7612456285821,245.9861297607422,12779300
JPM,2025-03-27,244.51627067852738,245.6039683943203,242.21348251151562,243.1345977783203,8022500
JPM,2025-03-28,241.97832221404934,244.49667631604888,236.2654605973164,237.9705047607422,11978400
JPM,2025-03-31,234.59962314020567,240.92002258119433,232.5908100746605,240.37127685546875,13603000
JPM,2025-04-01,237.74509401166458,240.75341646901336,236.04006495315252,238.7642059326172,8054700
JPM,2025-04-02,236.74561869740594,242.28208917285224,236.6084322682575,240.88082885742188,7758800
JPM,2025-04-03,229.56290134081743,230.41541595904243,222.73294584761328,224.0950164794922,17188500
JPM,2025-04-04,212.2834044818624,214.63980786720018,205.9930827481223,207.32411193847656,27170700
JPM,2025-04-07,202.87751892186455,218.92867162545016,199.318263676067,211.42564392089844,22914400
JPM,2025-04-08,220.3780027140348,224.63726902095286,210.25236301213724,213.82147216796875,19485700
JPM,2025-04-09,209.51290511747,234.14175911605213,208.03399049311142,231.0458984375,24022400
JPM,2025-04-10,226.76691650517765,227.11200261323083,217.00608568202182,223.91754150390625,18896400
JPM,2025-04-11,223.12876931722607,235.22629475740231,221.83718632835738,232.87974548339844,20284500
JPM,2025-04-14,233.7670966934882,236.4094167729895,230.34587320126917,231.42054748535156,13017800
JPM,2025-04-15,232.7811727531539,235.29531563163073,229.54728057723042,229.85292053222656,10912900
JPM,2025-04-16,228.73880396905287,230.29659590484752,224.72600824712578,226.3824005126953,9322300
JPM,2025-04-17,227.5556737150443,231.04590571903626,227.30918793654973,228.69937133789062,9557900
JPM,2025-04-21,227.38804889454264,228.55145446439505,223.1583448139033,225.77110290527344,8716200
JPM,2025-04-22,228.71908031334866,232.6727218450888,228.1176544095649,232.27833557128906,10701400
JPM,2025-04-23,236.84324673802962,243.32088491933087,236.6263380579327,237.4939727783203,14126800
JPM,2025-04-24,236.36999583866177,242.01944538917732,234.2403552074537,241.20111083984375,9055200
JPM,2025-04-25,241.21097798902758,242.167344017777,238.35174896231777,240.12644958496094,8588600
JPM,2025-04-28,241.12224659361283,243.3701956996928,237.45453699015647,239.80108642578125,7394300
JPM,2025-04-29,238.78556197088412,241.80254545200498,238.29259042052325,241.181396484375,7216800
JPM,2025-04-30,237.8193419445802,241.77296836252717,235.07840628381982,241.181396484375,12991700
JPM,2025-05-01,239.42640700289516,244.95754812328786,238.76582696374092,243.4194793701172,8689600
JPM,2025-05-02,247.72805089612243,250.0548771482027,245.9533654016641,248.96047973632812,7165000
JPM,2025-05-05,247.64918980005874,251.57325431514832,247.0674869601665,249.00979614257812,5450700
JPM,2025-05-06,246.48576466704802,249.09850775479987,245.49982160837982,245.74630737304688,6369900
JPM,2025-05-07,246.33789409154292,248.90133717219618,245.33222789860994,245.8843536376953,8724100
JPM,2025-05-08,248.03371181647788,252.283124152028,248.01398874215974,249.90699768066406,8320100
JPM,2025-05-09,250.92252890731987,251.91832606188873,248.7928881161782,249.52249145507812,5087600
JPM,2025-05-12,259.2044446904927,259.8946169218072,255.0635015683959,256.3945007324219,9603900
JPM,2025-05-13,257.3607186160682,259.9636227659981,256.7297306967061,259.3128967285156,8589000
JPM,2025-05-14,259.30304054504273,262.8918879441619,258.60302935469,261.90594482421875,8643100
JPM,2025-05-15,263.2172398355203,265.7313827931952,261.03831393296224,263.72991943359375,9214600
JPM,2025-05-16,263.7397655019056,264.6862624037603,260.9889759714906,263.7989196777344,8932900
JPM,2025-05-19,261.817181246086,264.5482629218792,258.2480719963219,261.1566162109375,12145000
JPM,2025-05-20,258.8297593604445,262.9115780411088,258.6128506853088,261.9453430175781,8436300
JPM,2025-05-21,260.6340439477094,261.91575784118834,257.06493502136397,257.3705749511719,7464000
JPM,2025-05-22,255.79307750804895,258.6128603010642,255.2310827258566,257.00579833984375,6514100
JPM,2025-05-23,253.20005483078515,258.30723306371834,252.40144329619352,257.04522705078125,6671800
JPM,2025-05-27,258.35653699260183,261.5706910214846,258.30722178470336,261.56085205078125,7506600
JPM,2025-05-28,262.49747628554394,262.9707397963694,259.20443000527837,259.7861328125,5535400
JPM,2025-05-29,261.0777263969251,261.6791673467857,258.83964634422205,260.6537780761719,5081200
JPM,2025-05-30,259.74671429323007,261.600261993738,259.0368340780119,260.2889709472656,10977700
JPM,2025-06-02,259.3227361836595,261.3044913883967,258.21848475626587,260.939697265625,6011200
JPM,2025-06-03,260.02276495317653,262.83267850504353,259.184707363763,262.52703857421875,6998400
JPM,2025-06-04,262.182005216077,263.3651188956681,260.4664437433463,260.5058898925781,5915700
JPM,2025-06-05,261.0185820125706,261.0185820125706,256.6508610440278,258.267822265625,8173800
JPM,2025-06-06,260.61431507286125,262.90171018684686,260.5453219261883,261.9946594238281,7738100
JPM,2025-06-09,262.26085974590114,264.13414558351,259.6481165969787,262.9904479980469,8285000
JPM,2025-06-10,262.1425742010461,265.12011173513696,262.1129971095637,264.8243408203125,7538100
JPM,2025-06-11,264.9031944101953,265.8299833646017,262.05383439482847,264.3806457519531,7434100
JPM,2025-06-12,263.108754096244,264.51867555838396,261.41296089523235,264.4693603515625,6618000
JPM,2025-06-13,261.3537637738832,263.2664956490745,259.0170836192922,261.2256164550781,7098300
JPM,2025-06-16,263.2467856983216,267.91030700344754,263.0989002634007,266.5595397949219,8566000
JPM,2025-06-17,264.4003547444176,266.78632001973784,264.0355305500715,265.7313537597656,6739300
JPM,2025-06-18,266.2046518031783,273.8161341619834,265.92858892337074,270.1089782714844,9586400
JPM,2025-06-20,271.6963331378996,273.40199535536493,269.96106374392457,271.13433837890625,13969700
JPM,2025-06-23,271.19352924792304,274.63446132493044,268.2849848254327,274.3583984375,8094600
JPM,2025-06-24,276.2711076585184,278.7359654088068,275.580965541595,277.3063659667969,9267900
JPM,2025-06-25,277.5429742316298,280.283894762949,276.96127143090536,280.0669860839844,6826900
JPM,2025-06-26,280.69798294148404,285.34176602692577,280.47120522055536,284.6910400390625,8942100
JPM,2025-06-27,281.79238274090324,284.6417726184297,281.0332174188349,283.0740966796875,17868600
JPM,2025-06-30,286.31784977059453,288.5362215871362,284.8586733435247,285.8347473144531,12689200
JPM,2025-07-01,286.80096120516055,287.03757788649216,282.56138843689246,286.32769775390625,9338300
JPM,2025-07-02,287.93486241282807,288.703896910252,285.62775892055635,287.8954162597656,8158700
JPM,2025-07-03,289.43094323142554,293.6413883261785,288.4996894270786,293.2451171875,6541600
JPM,2025-07-07,292.50209620860613,293.28475211178096,287.38020030669605,289.25262451171875,8825700
JPM,2025-07-08,286.5777506799395,287.0037716436535,277.7011499441943,280.1481628417969,15440900
JPM,2025-07-09,284.5072025788075,284.5270357878685,279.8509637155815,280.5246276855469,11273800
JPM,2025-07-10,280.3661434799506,285.6267213505897,280.3661434799506,285.5078430175781,8410900
JPM,2025-07-11,282.86263015148194,284.70533469446724,281.0100392381615,284.1901550292969,7384700
JPM,2025-07-14,284.39825755240173,286.60748367671823,282.6051055730771,286.0130920410156,9079900
JPM,2025-07-15,285.3196042033426,289.23285392385833,282.82306855064246,283.8830871582031,12526100
JPM,2025-07-16,285.7158562387447,288.0241878683028,280.3760366699049,283.1598815917969,9979800
JPM,2025-07-17,280.8020357673763,287.5981754634707,280.8020357673763,287.201904296875,8509500
JPM,2025-07-18,286.825430293332,289.7777063567027,285.54745807447995,288.55914306640625,12217000
JPM,2025-07-21,288.29168247329045,291.4420791700386,287.8755780824213,288.261962890625,7898100
JPM,2025-07-22,288.7870071326712,290.89718804274116,286.4885921354602,288.7176513671875,6717500
JPM,2025-07-23,290.11454735759395,294.2259174432094,289.82723790945846,293.9980773925781,7083500
JPM,2025-07-24,294.6519062776982,296.80169301766455,293.443259686642,293.78997802734375,7001200
JPM,2025-07-25,293.9386151952536,296.1181215809882,293.20548184137607,295.8407287597656,5918500
JPM,2025-07-28,294.8896814285751,296.64319715105114,294.05750293823644,295.50390625,5840400
JPM,2025-07-29,297.2079252413877,298.4859277853207,293.4433036150849,294.2754821777344,7635700
JPM,2025-07-30,294.65191611543503,297.8121988713861,294.6122799312847,296.8413391113281,8061700
JPM,2025-07-31,296.3559134765009,298.17878493737805,292.7497765059144,293.4828796386719,14749700
JPM,2025-08-01,287.6972620199026,289.0842262737886,281.5945890692511,286.6768493652344,12007100
JPM,2025-08-04,287.5585597880286,291.5807709484115,287.5585597880286,291.5213317871094,6649500
JPM,2025-08-05,291.9473110106125,293.03707931410463,284.56663635989554,288.658203125,7182300
JPM,2025-08-06,289.5795679968632,290.5603746805144,287.45950057977757,288.638427734375,6330200
JPM,2025-08-07,290.21362859909465,290.72877810831733,283.7444041002437,284.26947021484375,8057100
JPM,2025-08-08,286.2904634268994,288.5195225943897,282.0601851240125,286.072509765625,6634100
JPM,2025-08-11,286.70653676779995,288.6086805550258,286.0923119695598,286.86505126953125,5510100
JPM,2025-08-12,288.78700908878795,292.00676133420325,287.6378015823982,290.12445068359375,8570900
JPM,2025-08-13,291.21423332900423,291.808624970505,284.48741907286416,287.8260498046875,8420400
JPM,2025-08-14,287.8755435263192,291.46187739425125,286.9443199700671,291.4222412109375,6322400
JPM,2025-08-15,292.0959281808534,292.7497892060912,287.1226600740198,287.7864074707031,7340500
JPM,2025-08-18,287.30098279519575,289.1832935323159,285.7257844830691,288.8167419433594,5386900
JPM,2025-08-19,288.12323486532705,289.7579025190641,286.83534604543564,287.954833984375,6031500
JPM,2025-08-20,288.1034577259254,290.59999345153756,284.59639568977303,289.5201416015625,7374200
JPM,2025-08-21,289.2229206266122,290.04518252461884,286.77590767522184,288.7572937011719,6624000
JPM,2025-08-22,290.4711947382056,294.3943304858857,287.42976002403793,293.4828796386719,8552800
JPM,2025-08-25,293.4828900064588,294.58257497799383,291.4024588552954,292.1553649902344,5856300
JPM,2025-08-26,291.42226929827126,295.9596301346493,290.7684082615478,295.7912292480469,6714700
JPM,2025-08-27,294.48349281779485,298.2679473154416,294.2754557542009,296.4945983886719,6056500
JPM,2025-08-28,297.2277289724018,298.43637574745594,295.92003707552567,298.2679748535156,6410500
JPM,2025-08-29,299.228909855917,300.1304440767961,296.9404115388967,298.61468505859375,6796400
JPM,2025-09-02,297.4654912302876,297.6636116910732,291.75908984916356,296.91070556640625,7221900
JPM,2025-09-03,297.77260531660534,297.77260531660534,293.62159918539595,296.72247314453125,6316900
JPM,2025-09-04,297.2079158871201,301.5966788556673,295.50392262669186,300.99237060546875,6605800
JPM,2025-09-05,300.82391058861464,302.3099500253114,291.57084199080845,291.64019775390625,9837700
JPM,2025-09-08,292.1454512845812,293.7008161999689,288.7275485985168,290.1838684082031,8188500
JPM,2025-09-09,289.8767732101451,296.21720226202,289.58946377934626,295.0779113769531,7848200
JPM,2025-09-10,293.93863182647567,298.73358242665296,292.6507127572817,297.7428894042969,7787300
JPM,2025-09-11,298.43635491424595,302.88458712159553,297.99056119650595,302.7161560058594,7942500
JPM,2025-09-12,302.1613616302637,304.6876166586702,300.8734728380468,304.0535888671875,6846700
JPM,2025-09-15,304.31117542875756,307.0653006989229,304.31117542875756,306.0250549316406,7122000
JPM,2025-09-16,307.11483685892506,308.00645453212775,304.271552722793,306.3123779296875,10525600
JPM,2025-09-17,307.50121329837117,309.99774876224666,305.89626524993236,308.8485412597656,8657800
JPM,2025-09-18,308.8881884357977,310.5228258893637,306.7284546518725,310.3147888183594,8050700
JPM,2025-09-19,310.6813313111796,312.8608377743073,306.2430157804659,311.850341796875,23568600
JPM,2025-09-22,306.9166908790444,310.78041791156915,306.6789342248159,309.5321350097656,7520200
JPM,2025-09-23,308.9178945679837,313.3660964063979,307.68941470486936,309.8293151855469,8584400
JPM,2025-09-24,311.12713244988527,313.633584594132,308.76930844625,310.5030212402344,7310500
JPM,2025-09-25,311.1964927670822,312.7122519083539,308.8980776591185,310.5327453613281,7083200
JPM,2025-09-26,311.96923117025176,314.8521515347066,310.78041766649494,313.1184387207031,7258100
JPM,2025-09-29,314.1091367340854,315.0503072271631,310.74078640307744,312.75189208984375,6462400
JPM,2025-09-30,313.3066687483855,314.45587628391564,307.22379907069933,312.4942932128906,11823300
JPM,2025-10-01,311.0478755707353,311.66210037984325,304.54893205251216,307.8182067871094,9235200
JPM,2025-10-02,307.11483202977473,307.66961769475733,303.29077153660535,304.6876220703125,7600000
JPM,2025-10-03,305.63868886394835,308.7593655809934,305.34146284155645,307.14453125,6029900
JPM,2025-10-06,308.78713549615594,310.3500927332471,303.759824574425,307.7916259765625,7214500
JPM,2025-10-07,307.96086849994276,308.617908412618,303.3317554221121,306.3083190917969,8454200
JPM,2025-10-08,306.82598699255016,307.3934347220047,302.1869088878288,302.6647644042969,6489900
JPM,2025-10-09,303.68016451672463,306.65675861669814,302.0276454614978,304.15802001953125,7060300
JPM,2025-10-10,304.28744895257694,309.07584739868366,299.45922161840923,299.53887939453125,8597400
JPM,2025-10-13,304.2277139599526,308.0703661064548,304.0783936087615,306.5870666503906,10788700
JPM,2025-10-14,304.46663636257074,305.62143108333873,292.8888554642275,300.7235107421875,16178800
JPM,2025-10-15,305.014160038565,310.71840983834574,304.0684138931284,304.3172912597656,11354800
JPM,2025-10-16,303.97881882847634,307.29385195347595,295.73600173818085,297.19940185546875,10549400
JPM,2025-10-17,297.8166372560658,298.2048701782948,292.878918450451,296.22381591796875,10153500
JPM,2025-10-20,297.15957582421487,302.3262723870789,296.8211062511852,301.0022277832031,6894900
JPM,2025-10-21,300.3054062195614,302.6846581805869,295.66632819879106,295.75592041015625,7372700
JPM,2025-10-22,296.43284443493457,296.7215506882625,289.2353303984808,292.7892761230469,8054100
JPM,2025-10-23,293.05809154328034,295.0391457269973,291.1964936387067,293.2173767089844,5438800
JPM,2025-10-24,294.7504440610291,301.24118554737896,294.1232985857486,299.09088134765625,7228300
JPM,2025-10-27,300.80315600970596,303.1625086782835,299.6583261537955,302.7842102050781,5642200
JPM,2025-10-28,303.4910147760203,306.58706515142967,301.7986668365627,303.98876953125,6336000
JPM,2025-10-29,302.14710352264194,306.86580891607514,301.64934876365396,304.13812255859375,7520300
JPM,2025-10-30,304.41687231061707,311.20622431916547,303.72996829403695,308.05047607421875,7514600
JPM,2025-10-31,307.1544993342095,311.46504195719143,305.8702836157328,309.722900390625,7721300
JPM,2025-11-03,309.60346109874524,310.9175409580823,304.83496198556077,307.96087646484375,7770000
JPM,2025-11-04,305.332725363194,310.8179927016808,303.7299695714597,307.861328125,7085200
JPM,2025-11-05,308.2196835392686,311.6940323736288,304.2575751493287,310.2803955078125,6865200
JPM,2025-11-06,309.59349256305353,313.42621024981315,308.8667900648387,312.0126037597656,7206100
JPM,2025-11-07,310.4894827215045,313.0180550604519,306.2585672077333,312.7990417480469,7302300
JPM,2025-11-10,313.58548301728496,318.1250037695683,312.7990220295163,315.4670104980469,5794100
JPM,2025-11-11,316.0742604403922,317.617287984815,313.86422817579216,314.20269775390625,5030200
JPM,2025-11-12,314.8398332015723,320.8029251766445,314.7900394999871,318.97119140625,10578300
JPM,2025-11-13,317.7965194699941,319.1902267414606,307.7120030298724,308.0903015136719,8973300
JPM,2025-11-14,306.1291237470128,306.25854483769064,299.8773255538296,302.2466125488281,10327000
JPM,2025-11-17,302.6348834912671,304.2177399270206,296.3333218175865,299.02117919921875,8344000
JPM,2025-11-18,298.15508292828906,301.5896027135679,295.686208533325,298.06549072265625,8077300
JPM,2025-11-19,298.3939949218268,303.0828663383219,297.9261042618115,301.90814208984375,5546600
JPM,2025-11-20,304.9643777592117,308.52831879604355,296.8211173091691,297.0401306152344,7501600
JPM,2025-11-21,299.93706770739834,300.32530061703676,291.4951361556371,296.6817321777344,11766800
JPM,2025-11-24,296.9007472780177,298.4736693208262,293.18751624004057,296.6618347167969,10940200
JPM,2025-11-25,298.70260864804214,303.13263800592705,294.23278078476807,301.6393737792969,8877200
JPM,2025-11-26,303.6303853642607,307.1445325435829,301.83848048809654,306.258544921875,7910900
JPM,2025-11-28,307.71199439271356,312.31124344972676,306.85584041963983,311.6741027832031,4322400
JPM,2025-12-01,311.5447084439427,312.6298101472411,307.1545079277028,307.5328063964844,7727300
JPM,2025-12-02,307.3535906208714,309.0857977944923,305.7110060363412,306.4974670410156,7249000
JPM,2025-12-03,305.8205388774128,310.9573413023751,305.4223107621409,310.7283935546875,8535300
JPM,2025-12-04,311.8533290542866,317.0598245188333,311.594486851423,314.6805725097656,9627800
JPM,2025-12-05,314.22264749671507,317.0498909600222,313.26693645912985,313.6253356933594,6518900
JPM,2025-12-08,313.64523530818684,315.04890741449873,311.9429224901236,313.7945556640625,7417200
JPM,2025-12-09,313.53574377586375,317.36843122488773,298.6727631596137,299.16058349609375,18049200
JPM,2025-12-10,299.1506059920777,309.79260502170655,297.1197580970947,308.7174377441406,18874100
JPM,2025-12-11,307.85134172095206,316.57201448320507,307.85134172095206,315.9548034667969,9721900
JPM,2025-12-12,318.2444858866232,318.8318328758901,315.1783298378069,317.0896911621094,8982900
JPM,2025-12-15,318.15488497356307,321.43011981246894,316.9602917736724,318.58294677734375,10864100
JPM,2025-12-16,317.65713843404893,318.0852002489096,312.9881962174831,314.1330261230469,8331300
JPM,2025-12-17,317.0000717018951,317.93585302959536,313.247011955208,313.5655822753906,8718700
JPM,2025-12-18,314.5810110073882,316.2733893580616,310.8179862048632,311.594482421875,11444900
JPM,2025-12-19,312.38092757719465,317.12949684979,311.7836158143462,315.7855529785156,24494400
JPM,2025-12-22,316.0842305232393,321.778546068669,316.0842305232393,321.63916015625,8354600
JPM,2025-12-23,322.15681084289565,326.3080987754714,321.63915684610726,324.4664001464844,6668300
JPM,2025-12-24,324.7749981915486,328.5081586858931,324.0383309091034,327.6918640136719,4289300
JPM,2025-12-26,327.6321237138718,329.3742653747722,325.0736873353596,326.4375305175781,4158300
JPM,2025-12-29,325.5316095182794,326.29814090339255,322.077190306029,322.29620361328125,8635300
JPM,2025-12-30,323.35145488056963,323.48087598310644,321.0418654305578,321.96771240234375,7904300
JPM,2025-12-31,322.8835465614906,323.42113019633854,320.59388687095947,320.7730712890625,5048500
JPM,2026-01-02,321.0518034652283,324.2673099842148,319.2996970795839,324.0184326171875,8054000
JPM,2026-01-05,324.03834873814424,335.7355855973553,323.7297432174082,332.5400085449219,10752600
JPM,2026-01-06,332.6199951171875,335.8699951171875,330.6499938964844,334.6099853515625,7660800
JPM,2026-01-07,331.1400146484375,332.1499938964844,324.6000061035156,326.989990234375,9815200
JPM,2026-01-08,326.3900146484375,331.3999938964844,325.6499938964844,329.7900085449219,11737100
JPM,2026-01-09,329.3399963378906,331.8999938964844,328.1700134277344,329.19000244140625,6738100
JPM,2026-01-12,321.8800048828125,326.0199890136719,321.2300109863281,324.489990234375,12805100
JPM,2026-01-13,324.29998779296875,326.8599853515625,310.57000732421875,310.8999938964844,19371200
JPM,2026-01-14,308.20001220703125,311.760009765625,306.1199951171875,307.8699951171875,25951500
JPM,2026-01-15,308.4700012207031,312.94000244140625,307.75,309.260009765625,14751400
JPM,2026-01-16,310.3500061035156,317.2099914550781,310.0,312.4700012207031,14652500
JPM,2026-01-20,306.2099914550781,311.1499938964844,301.8599853515625,302.739990234375,12900600
JPM,2026-01-21,303.42999267578125,305.3999938964844,301.1499938964844,302.0400085449219,10270100
JPM,2026-01-22,304.8599853515625,308.20001220703125,302.8999938964844,303.6300048828125,10535800
JPM,2026-01-23,302.0,302.3699951171875,296.510009765625,297.7200012207031,11107900
JPM,2026-01-26,297.80999755859375,301.7799987792969,297.45001220703125,301.0400085449219,11752700
JPM,2026-01-27,301.3299865722656,301.9700012207031,298.1499938964844,300.30999755859375,11527400
JPM,2026-01-28,300.2699890136719,301.9200134277344,298.04998779296875,300.7699890136719,9556700
JPM,2026-01-29,302.3999938964844,306.8299865722656,302.2200012207031,306.4200134277344,11580000
JPM,2026-01-30,305.25,307.92999267578125,302.55999755859375,305.8900146484375,11953200
JPM,2026-02-02,304.4599914550781,309.29998779296875,301.3699951171875,308.1400146484375,9839400
JPM,2026-02-03,309.7300109863281,316.25,309.1000061035156,314.8500061035156,12688000
JPM,2026-02-04,314.4100036621094,319.30999755859375,314.4100036621094,317.2699890136719,9848800
JPM,2026-02-05,315.0,316.010009765625,305.5400085449219,310.1600036621094,9388000
JPM,2026-02-06,314.7099914550781,324.25,314.7099914550781,322.3999938964844,17797400
JPM,2026-02-09,321.3399963378906,326.3999938964844,320.1099853515625,322.1000061035156,11477500
JPM,2026-02-10,322.54998779296875,326.1300048828125,315.1199951171875,318.2799987792969,9902200
JPM,2026-02-11,323.239990234375,325.2799987792969,308.7300109863281,310.82000732421875,8703500
JPM,2026-02-12,312.2799987792969,313.6199951171875,300.0199890136719,302.6400146484375,13443400
JPM,2026-02-13,298.5199890136719,304.2900085449219,296.5199890136719,302.54998779296875,9114500
JPM,2026-02-17,302.760009765625,308.239990234375,302.5,307.1300048828125,8896800
JPM,2026-02-18,308.4599914550781,312.2799987792969,307.2200012207031,308.7799987792969,7209600
JPM,2026-02-19,307.1700134277344,309.17999267578125,305.1199951171875,308.04998779296875,6737700
JPM,2026-02-20,308.3999938964844,311.0,305.67999267578125,310.7900085449219,7792700
JPM,2026-02-23,308.79998779296875,311.0,295.1000061035156,297.6700134277344,12955400
JPM,2026-02-24,296.82000732421875,299.75,291.3800048828125,297.29998779296875,13554100
JPM,2026-02-25,298.6400146484375,303.6600036621094,297.010009765625,303.29998779296875,8095500
JPM,2026-02-26,304.5799865722656,309.010009765625,303.6400146484375,306.1300048828125,7007800
JPM,2026-02-27,300.0,302.95001220703125,294.45001220703125,300.29998779296875,18620800
JPM,2026-03-02,294.80999755859375,299.9800109863281,293.2099914550781,297.55999755859375,8508900
JPM,2026-03-03,292.2900085449219,302.3900146484375,289.5,300.260009765625,10278200
JPM,2026-03-04,299.989990234375,301.0,295.9100036621094,299.3900146484375,6594098
JNJ,2025-03-05,160.05068422605132,161.9478381887641,159.09725287252516,160.64414978027344,8744800
JNJ,2025-03-06,160.52738148858535,161.37379384052454,159.07776524482028,161.3348846435547,8037900
JNJ,2025-03-07,160.65388903997257,163.89362578587057,160.2355371659095,162.17160034179688,9637600
JNJ,2025-03-10,162.9401676061837,165.294567637911,162.5218306080433,163.15420532226562,17559000
JNJ,2025-03-11,162.66776347857538,162.76505875064484,160.5760487356501,161.3640899658203,9890300
JNJ,2025-03-12,159.29182023694912,159.75881972232855,157.83248024677997,158.43568420410156,8010700
JNJ,2025-03-13,158.99994473690649,160.0798568926511,158.25082758516842,158.57188415527344,5286700
JNJ,2025-03-14,157.72546026726332,158.727539199118,156.73311976951868,158.39675903320312,6235800
JNJ,2025-03-17,158.0076120830635,159.0680622686795,157.34603688747066,158.4259490966797,6669800
JNJ,2025-03-18,159.00968826991965,160.39119501744185,158.55242721709214,159.7977294921875,7348800
JNJ,2025-03-19,159.52531543168692,159.90474322450672,157.81302856963381,158.57188415527344,5936400
JNJ,2025-03-20,158.58159693865755,158.7761726161735,157.5405940539295,158.60105895996094,7485900
JNJ,2025-03-21,158.58162197668406,159.68099625372687,158.07571325912787,159.19454956054688,17047100
JNJ,2025-03-24,158.4259400015963,159.93392757223305,158.09515984537686,158.86373901367188,8046400
JNJ,2025-03-25,159.0875220297203,159.739358781659,156.20775123106108,156.65528869628906,7456200
JNJ,2025-03-26,156.8401486890274,158.08545103073016,156.28559233544456,157.33631896972656,7223500
JNJ,2025-03-27,157.94924372823283,159.6226215034605,156.9471647500084,158.70809936523438,6752500
JNJ,2025-03-28,159.1556273411305,160.06042592033606,158.49406695648568,159.2723846435547,5760300
JNJ,2025-03-31,159.9144805497099,162.11322909532817,159.77827606995103,161.34463500976562,12481400
JNJ,2025-04-01,156.37315537949164,157.42388205545032,148.97917428799886,149.09591674804688,23303100
JNJ,2025-04-02,149.83528506528043,151.56703387395896,149.29046721695548,151.14869689941406,10356900
JNJ,2025-04-03,154.44680531172344,156.29529657108586,153.21122671258118,155.48780822753906,13249300
JNJ,2025-04-04,154.84570846579808,155.4878216368075,148.78457223350892,149.086181640625,16601700
JNJ,2025-04-07,147.1792988166815,148.57054397010987,143.40446802169475,146.5371856689453,18083000
JNJ,2025-04-08,149.42668937844223,149.42668937844223,143.98821899414062,145.9340057373047,12018400
JNJ,2025-04-09,138.34542251739794,149.03752509158932,137.6644001851633,146.87770080566406,18773700
JNJ,2025-04-10,146.29396909214825,147.1014723585021,141.19601741107385,144.65951538085938,13830500
JNJ,2025-04-11,145.2821579701608,148.22029988673702,144.17306020425994,147.61709594726562,9943900
JNJ,2025-04-14,147.4808931450617,150.47740631813335,147.072279736712,150.17581176757812,10685300
JNJ,2025-04-15,151.47949153017248,152.0632334778731,147.97708437949197,149.45587158203125,10847700
JNJ,2025-04-16,151.15843785474706,151.41139963137073,148.1132917072422,149.73802185058594,7986900
JNJ,2025-04-17,149.9812331535937,155.11810853732888,149.9812331535937,153.20150756835938,10981100
JNJ,2025-04-21,153.67822968223672,153.9409001804085,151.27518208299085,152.66641235351562,6285400
JNJ,2025-04-22,153.2793470326259,154.41763044672643,152.02430632426632,153.4739227294922,7136300
JNJ,2025-04-23,152.24807928113609,152.8415447934777,150.14662617069615,151.1681671142578,9099400
JNJ,2025-04-24,151.57678926088408,151.67406969029523,149.2807603253007,150.73036193847656,8310400
JNJ,2025-04-25,150.13691512332085,150.70118022596543,148.31759438866158,150.38986206054688,8643600
JNJ,2025-04-28,151.2849051047744,151.58649964647577,149.65045151935777,151.13897705078125,5815200
JNJ,2025-04-29,151.23626989541486,152.76371959682837,150.10771003458157,151.68380737304688,5246700
JNJ,2025-04-30,153.9117200490407,153.9117200490407,150.8179264212635,152.0729522705078,9598200
JNJ,2025-05-01,150.79847295546213,150.88602979627174,149.20292841606295,150.2731170654297,7325800
JNJ,2025-05-02,151.83947450772436,152.47184925651504,150.8373806848308,151.8881072998047,5974500
JNJ,2025-05-05,152.42319194810284,152.53993439396783,150.5357765656926,150.7984619140625,5464100
JNJ,2025-05-06,150.62334023116017,151.67405187838798,149.52396610717955,150.28282165527344,8644200
JNJ,2025-05-07,150.5455131054373,153.65876866577935,150.31201337147158,153.03611755371094,7853100
JNJ,2025-05-08,151.5962487740799,152.77344141312827,150.58443137777405,151.44058227539062,7606100
JNJ,2025-05-09,151.20709623082035,151.82974743683212,149.64073720309423,150.0396270751953,6520400
JNJ,2025-05-12,147.8992476319424,151.148707779188,147.08200595545642,149.96177673339844,9023800
JNJ,2025-05-13,147.5879172387248,147.5879172387248,144.06604808573897,144.41629028320312,10549600
JNJ,2025-05-14,144.6400509154053,144.78599382334744,142.1591699321315,142.39266967773438,10216000
JNJ,2025-05-15,143.98820664200468,145.59347462933604,143.336369920384,145.5545654296875,7945800
JNJ,2025-05-16,145.6129445411787,147.39334113632552,145.17514550683833,147.2279510498047,8051200
JNJ,2025-05-19,147.7727644229513,148.52189642911543,146.95553760450343,148.35650634765625,12639900
JNJ,2025-05-20,148.20083168038465,149.86447083723303,147.99651756445562,149.49478149414062,7351500
JNJ,2025-05-21,149.0375552082151,150.2439336276162,148.85270307100328,149.02781677246094,7032200
JNJ,2025-05-22,148.51214528121932,149.16399680757792,147.26684313728586,148.47323608398438,7535300
JNJ,2025-05-23,148.85268274928774,149.31966740126413,148.0841035336355,148.7943115234375,6727300
JNJ,2025-05-27,149.6578031550245,151.1492679480594,149.07886375742697,150.3740997314453,6990700
JNJ,2025-05-28,150.40352805427477,150.75677285026757,149.0788563261916,149.56947326660156,8459300
JNJ,2025-05-29,148.90223155564834,151.14925040607753,148.71579473504596,150.69789123535156,6810600
JNJ,2025-05-30,151.0118885418378,152.7879344461785,150.34465668844726,152.2973175048828,15529700
JNJ,2025-06-02,151.58100078655963,152.62110627080844,149.4419181827181,152.48373413085938,6669300
JNJ,2025-06-03,151.8950141846294,152.7388759568056,151.18852456269389,151.5221405029297,8209800
JNJ,2025-06-04,152.02255175157072,152.02255175157072,150.2563428162781,150.3446502685547,6983900
JNJ,2025-06-05,150.79599634124082,151.19830577433518,149.77551982351054,150.77638244628906,5295400
JNJ,2025-06-06,151.1100272577506,153.1019309647165,151.1100272577506,152.12069702148438,5391500
JNJ,2025-06-09,151.9440663702561,153.06267235085258,151.5515638501274,152.31692504882812,5319000
JNJ,2025-06-10,152.513190491746,154.48548037607026,152.11089593856136,153.51405334472656,6791600
JNJ,2025-06-11,153.3668508220171,153.66122396588617,151.8263065201517,152.3463592529297,6016000
JNJ,2025-06-12,153.30797636857517,153.7397066695454,152.2580490016518,153.7200927734375,7075500
JNJ,2025-06-13,153.0430563433094,154.71115101983074,153.0430563433094,154.15185546875,6587500
JNJ,2025-06-16,153.48459122854055,153.56309173027117,151.5515594191886,152.30711364746094,7024000
JNJ,2025-06-17,152.06180829378278,152.36598838641433,149.2456719843281,149.52041625976562,6407100
JNJ,2025-06-18,149.70684876716982,149.7853342957975,147.8817532915629,147.9013671875,8325200
JNJ,2025-06-20,148.42141878604235,148.55879091876358,146.24307855829224,146.97900390625,22605500
JNJ,2025-06-23,146.92996485325,148.58823751409696,146.92996485325,148.48031616210938,7397900
JNJ,2025-06-24,148.65693061226455,149.85403712588132,148.14668480995888,149.333984375,9544200
JNJ,2025-06-25,148.5391976946219,150.19748543838807,147.90138665416632,149.42230224609375,7153700
JNJ,2025-06-26,149.83440236894492,150.34464815120182,148.6863605881969,149.1573486328125,7156900
JNJ,2025-06-27,149.15734795144718,150.45258378377332,148.17611412905705,149.5498504638672,10010800
JNJ,2025-06-30,149.3045442573842,150.0993412699026,148.67655520049212,149.8834686279297,9039300
JNJ,2025-07-01,150.1287868430718,154.78964787251357,149.94235000630354,152.99398803710938,10896700
JNJ,2025-07-02,153.07249239316593,153.3668655653334,152.15995202913243,152.6407470703125,5544000
JNJ,2025-07-03,152.5131732081926,153.3472279865642,151.97350655771282,153.08229064941406,3482500
JNJ,2025-07-07,153.09211130943166,153.41592028051664,151.98331225442314,152.35618591308594,6270900
JNJ,2025-07-08,151.5809954009529,153.8182072991739,151.31607305131817,152.8664093017578,6438200
JNJ,2025-07-09,152.86641901439813,153.74953848661053,152.15994439804524,153.34722900390625,6147400
JNJ,2025-07-10,153.17061563995466,156.25168944402995,152.89587134958674,154.73077392578125,6732900
JNJ,2025-07-11,154.142033765266,154.23034122517612,152.2678733741525,153.95559692382812,7872000
JNJ,2025-07-14,153.92615542940482,154.5149017519845,152.60149866226192,153.87710571289062,10185600
JNJ,2025-07-15,153.4257273325383,154.24015323506973,151.8950049026972,152.258056640625,6873200
JNJ,2025-07-16,157.29179013965734,163.0025633969383,156.80117321156885,161.68771362304688,22134800
JNJ,2025-07-17,160.1177373117364,161.60921700124823,159.25426167881125,159.92149353027344,11295700
JNJ,2025-07-18,160.85365505316872,162.0017118134992,160.2943595540406,160.6279754638672,9792600
JNJ,2025-07-21,160.6966798409886,161.8250928359287,159.7252528908425,161.27560424804688,8254000
JNJ,2025-07-22,161.90358694684275,164.90616016372098,161.61903571523425,164.77859497070312,9288000
JNJ,2025-07-23,165.43603407308774,165.946264897935,163.4637444406128,165.92665100097656,10617600
JNJ,2025-07-24,166.3191343471783,166.79994431442555,165.7107741631659,166.3780059814453,6636900
JNJ,2025-07-25,166.5644487084836,166.6920139022101,164.29780087422668,165.14166259765625,6254900
JNJ,2025-07-28,164.70991567403397,164.78841617921015,161.95265093414764,163.10069274902344,8014600
JNJ,2025-07-29,163.54223638019647,165.61264030634692,163.24786324439296,164.95521545410156,7663400
JNJ,2025-07-30,164.5529153379632,165.44584174400563,163.65018198339874,164.1211700439453,6189200
JNJ,2025-07-31,162.81613907808057,163.93476013361044,161.1480443889056,161.6484832763672,11036200
JNJ,2025-08-01,162.37457646550328,164.47441634646825,161.69752270023744,164.1898651123047,8927800
JNJ,2025-08-04,163.89548837392292,167.97742477350116,163.51280777223997,167.83023071289062,12679100
JNJ,2025-08-05,167.3396146645784,168.34047738669344,166.4663171345052,167.53587341308594,7934400
JNJ,2025-08-06,166.72144007168663,168.94883003784128,166.49574551547207,167.388671875,8957200
JNJ,2025-08-07,167.9578056105761,168.39935787304452,166.73126323014094,168.31105041503906,9315900
JNJ,2025-08-08,167.81062263672857,170.69545264445026,167.19244050009084,170.0772705078125,7686800
JNJ,2025-08-11,170.1459587804455,171.32345148344675,169.80253588577153,170.55809020996094,7256800
JNJ,2025-08-12,170.73470425167199,171.48043665027848,168.58579954394824,169.53759765625,7916700
JNJ,2025-08-13,169.75343941699913,171.26453281006349,169.4590662963547,171.14678955078125,5878700
JNJ,2025-08-14,171.03886790121015,172.4224112061355,169.4787096922212,171.44117736816406,8241700
JNJ,2025-08-15,172.27525225126996,173.94334697626468,171.67669894126365,173.32516479492188,9477600
JNJ,2025-08-18,173.1877828395113,174.23771029618828,172.79529526964464,172.94247436523438,9284000
JNJ,2025-08-19,172.73639777380563,174.83623758239492,172.6775261392796,174.46337890625,9274200
JNJ,2025-08-20,175.15024028924466,177.22064428876024,174.65962336966695,175.48385620117188,9030000
JNJ,2025-08-21,175.19931537251938,176.70060203772263,174.81663475143702,175.57217407226562,8859600
JNJ,2025-08-22,176.66134044605786,177.76033256843067,174.13957717042288,175.9254150390625,9524000
JNJ,2025-08-25,176.1511056012645,176.8772090706108,174.94417718110606,175.0619354248047,6229100
JNJ,2025-08-26,174.7060999231484,175.1113623885591,173.7374366614811,174.44911193847656,9145000
JNJ,2025-08-27,174.92354707776784,175.63522231400546,174.12291620758523,174.74562072753906,5951100
JNJ,2025-08-28,174.3305021472525,174.4491247570279,172.61063267008686,173.421142578125,6424700
JNJ,2025-08-29,173.93511071425883,175.3584611850056,173.4211196926361,175.12123107910156,6942300
JNJ,2025-09-02,175.41777231103694,177.12776270121626,174.84447750943602,176.00094604492188,9049000
JNJ,2025-09-03,175.6154493916547,176.22827497981044,174.48863278118253,175.94163513183594,7111700
JNJ,2025-09-04,175.9416497264455,176.83123630448588,175.49685643742527,176.69285583496094,7854800
JNJ,2025-09-05,175.94163314117105,177.4341662848054,174.51828268460764,176.3666534423828,9733800
JNJ,2025-09-08,175.30904455833596,177.37487259095406,174.65667304834938,176.0701446533203,8382500
JNJ,2025-09-09,175.94164806814993,176.03060370864756,174.4095689027739,174.91368103027344,6005700
JNJ,2025-09-10,174.26131428978755,174.5677271148135,172.31409366624945,173.7572021484375,6891600
JNJ,2025-09-11,173.7176526494387,176.78181073479666,173.5990451382739,176.43585205078125,5792500
JNJ,2025-09-12,175.65500242690814,176.73239425710358,174.67644516657117,176.00094604492188,7220200
JNJ,2025-09-15,175.7044094043786,176.92019676144542,174.88400556753885,175.34857177734375,4768100
JNJ,2025-09-16,175.51662893199313,175.5660386777145,173.61881809435098,174.41946411132812,7959300
JNJ,2025-09-17,174.6665700727086,176.4457431926535,174.5479474709965,175.15089416503906,6714900
JNJ,2025-09-18,174.55784393897036,174.97298534494763,171.8594021766082,172.14605712890625,8200900
JNJ,2025-09-19,172.66993349357537,175.111372273971,171.32565957029007,174.152587890625,25621000
JNJ,2025-09-22,174.05373018239203,174.59737311930513,172.10650962439226,172.1954803466797,7193900
JNJ,2025-09-23,172.8675959300631,174.92354491124786,172.80829217483426,174.53805541992188,8350400
JNJ,2025-09-24,174.10316185129446,174.9037928069642,173.70779338109767,174.6468048095703,6676800
JNJ,2025-09-25,175.15088893974706,176.3370093451046,173.87581289751407,175.6747589111328,8475000
JNJ,2025-09-26,176.534716894135,177.82956594360434,175.26951972500925,177.6318817138672,8634400
JNJ,2025-09-29,177.75048125277442,179.76688443728418,177.72082937376246,179.519775390625,8597100
JNJ,2025-09-30,179.59884936490977,183.83924898722276,178.97614483278656,183.2758331298828,11569000
JNJ,2025-10-01,183.8491347434297,184.40265660690224,181.78330668784835,183.8985595703125,13063800
JNJ,2025-10-02,182.06006679331983,184.432307649533,181.96121714000282,183.82936096191406,7728100
JNJ,2025-10-03,184.89687190994138,187.58541956236877,184.74861251387858,186.45860290527344,8675100
JNJ,2025-10-06,185.8260079631804,187.72380368143425,185.20328832291253,185.98416137695312,5806100
JNJ,2025-10-07,181.64491547464473,187.04176840652755,180.82451166041724,186.70570373535156,8776800
JNJ,2025-10-08,186.68595025285137,188.02034522715945,186.09289755053467,187.49647521972656,5751200
JNJ,2025-10-09,187.80287893451043,189.87860099777504,187.53599693612736,188.87039184570312,7484800
JNJ,2025-10-10,189.78963297098187,189.8489518132843,187.6546222006277,188.51455688476562,9598000
JNJ,2025-10-13,187.63484024575644,189.0878426244488,187.09119733496354,188.6924591064453,7979500
JNJ,2025-10-14,190.68910619899648,192.15198752359413,183.73052212206747,188.64305114746094,13613300
JNJ,2025-10-15,189.26576340131732,191.33160656608345,187.1109796787497,188.9593505859375,9473000
JNJ,2025-10-16,189.12738216329106,190.81761473078961,188.2279015859536,189.8983612060547,10611800
JNJ,2025-10-17,190.27396621744242,191.36125205733495,189.46344130364264,190.9856414794922,7764400
JNJ,2025-10-20,191.26240123179355,192.2310644671735,190.10593270864481,191.4798583984375,8034700
JNJ,2025-10-21,190.77807075185612,191.31183476056947,189.55241948302077,189.66114807128906,6716000
JNJ,2025-10-22,189.7797603324635,191.21298988100622,189.56230315049532,190.70889282226562,6343100
JNJ,2025-10-23,190.33326410610792,191.75661458631456,189.3250550022384,190.2443084716797,8882500
JNJ,2025-10-24,189.97743032369885,190.08615890653152,187.2295789564792,188.1982421875,6903400
JNJ,2025-10-27,187.79299820332676,188.59362910846755,187.33831091719009,188.0994110107422,7126000
JNJ,2025-10-28,187.071429737358,187.31853878729856,184.4619587732793,184.76837158203125,8329500
JNJ,2025-10-29,184.54103427695995,184.93641780369282,182.5246310788101,184.44219970703125,10551100
JNJ,2025-10-30,184.91664062115282,187.19004683019028,184.7486082820175,186.86386108398438,7072500
JNJ,2025-10-31,185.2922599991901,187.30866324699156,184.60034258095476,186.68594360351562,8791700
JNJ,2025-11-03,186.81444554993618,186.8440974299442,183.37469172794485,184.1061248779297,7542600
JNJ,2025-11-04,184.66953635312188,185.6480936170402,183.47352191944393,184.69918823242188,7209400
JNJ,2025-11-05,184.48173492809292,185.65797643943674,183.25606858943368,183.84913635253906,5049400
JNJ,2025-11-06,184.60032887796228,185.35155000031943,183.22640324069272,184.8079071044922,6767400
JNJ,2025-11-07,185.56902044160103,186.17196713607015,183.5526021168054,184.4125518798828,6959200
JNJ,2025-11-10,183.84914248376896,186.24115639867696,182.97931375749687,186.2312774658203,5323800
JNJ,2025-11-11,187.19993334062747,191.6775481684981,186.86386864875197,191.58859252929688,7465600
JNJ,2025-11-12,191.12401706134077,193.28869467126262,190.83737721032932,192.14210510253906,8803000
JNJ,2025-11-13,191.96420520711595,193.73349940731035,191.2129840261044,192.99217224121094,8631600
JNJ,2025-11-14,192.74506817041248,194.8998519494097,191.31183862869028,193.664306640625,8824800
JNJ,2025-11-17,194.68239675983705,197.96399703648848,193.6346417392758,197.2720947265625,13257000
JNJ,2025-11-18,196.7086833299708,197.9837744779547,196.23423817558447,197.68724060058594,12468600
JNJ,2025-11-19,197.68724341540397,201.12699722777688,197.07441778716495,200.168212890625,14690800
JNJ,2025-11-20,199.66410677890858,202.14507614142028,199.23908646439702,200.72174072265625,10612600
JNJ,2025-11-21,201.60144835610953,204.54698392676534,200.64266406230783,201.54212951660156,13189100
JNJ,2025-11-24,201.35434501536758,203.73646479570215,200.65254867686934,203.6672821044922,14803900
JNJ,2025-11-25,204.09500679162497,206.6215838446117,204.09500679162497,205.57713317871094,10275300
JNJ,2025-11-26,205.39808366901323,206.71109559930028,204.85098904051847,206.46241760253906,6729000
JNJ,2025-11-28,205.90538444560678,206.3629586449613,203.54792185749713,205.8258056640625,5638300
JNJ,2025-12-01,205.40801990791223,206.601671225268,204.254150390625,204.254150390625,8473700
JNJ,2025-12-02,204.15469935722084,204.5227379456605,202.02601625292777,204.333740234375,8393600
JNJ,2025-12-03,204.8111948667149,205.9252826285737,203.90601848146164,204.2442169189453,8363300
JNJ,2025-12-04,203.50812947813563,203.7767059746564,200.64336916828415,201.40928649902344,9049900
JNJ,2025-12-05,201.90663323067022,202.37414907500914,199.74811005779273,200.8621826171875,7785300
JNJ,2025-12-08,201.58834201037314,202.18516011668032,199.927174755095,200.5538330078125,7785700
JNJ,2025-12-09,201.84695743157303,204.45309801733026,198.85287977253054,198.90261840820312,7509400
JNJ,2025-12-10,199.52928142896002,205.70644978186098,199.1214458560129,205.44781494140625,11599800
JNJ,2025-12-11,206.800616929999,210.1229665164575,206.73099498321687,208.8994598388672,9009000
JNJ,2025-12-12,209.16803774867068,211.14752008902906,207.8550258037756,210.46116638183594,6922700
JNJ,2025-12-15,209.23766850267896,214.05207078419528,207.9047429304409,213.03746032714844,8467000
JNJ,2025-12-16,212.86836535212407,213.5945008532235,207.7058077078452,208.19322204589844,9949800
JNJ,2025-12-17,208.28274174394826,210.40148312707717,207.35766688422177,209.2177734375,8457600
JNJ,2025-12-18,208.69057663307282,209.94390826491855,206.6613556922556,207.2084503173828,7499900
JNJ,2025-12-19,206.46242678675088,208.13355089193627,204.94051859312015,205.27871704101562,24803900
JNJ,2025-12-22,205.03998416945456,206.97966948419256,204.41331076850065,206.22369384765625,8187800
JNJ,2025-12-23,203.9358578426093,205.43786749372595,202.20505350398636,204.69183349609375,7047300
JNJ,2025-12-24,204.91067300087317,206.84041671879498,204.48295412427228,206.68125915527344,2376500
JNJ,2025-12-26,206.4325814439545,206.93987910302855,205.61692549143734,206.5320587158203,2316700
JNJ,2025-12-29,206.90009330533488,208.36232114053888,206.28337673035918,206.46241760253906,4348900
JNJ,2025-12-30,206.41267500751042,206.59173105435548,205.4279198732129,205.81585693359375,3937400
JNJ,2025-12-31,205.8158700525786,206.40274650834,205.27871705590465,205.85565185546875,4083800
JNJ,2026-01-02,205.72634389134794,206.29332184084635,202.60293362874384,206.2535400390625,6325500
JNJ,2026-01-05,204.781347234846,204.8509843578355,199.8475843916204,203.22959899902344,9477000
JNJ,2026-01-06,203.51807923906964,205.6169221452363,203.04060655560488,203.70706176757812,8107900
JNJ,2026-01-07,204.17457313070608,207.15870903533664,203.94579362788576,206.39279174804688,7545900
JNJ,2026-01-08,205.83574014080108,207.87490270971202,203.88611318431748,204.6619873046875,6557800
JNJ,2026-01-09,204.82115536067752,205.60697117688437,202.9311934187722,203.30918884277344,6154300
JNJ,2026-01-12,204.4630603557572,208.79004856995033,202.77205294406903,208.6110076904297,11794300
JNJ,2026-01-13,208.8000046390471,213.25631025751974,207.75555397803453,212.5202178955078,11379600
JNJ,2026-01-14,213.59449538718158,217.70266064794117,213.0175606277502,217.39430236816406,11858800
JNJ,2026-01-15,217.07599467784007,218.5879611619112,214.76827073930042,218.40892028808594,8492100
JNJ,2026-01-16,217.88170337226921,218.94605246635012,216.9864686699265,217.50372314453125,10021500
JNJ,2026-01-20,215.94201883517667,217.5733458657319,213.36571846475653,217.0561065673828,14057100
JNJ,2026-01-21,209.8842366647272,217.523617709026,209.38688065367336,216.85716247558594,14762900
JNJ,2026-01-22,217.61314338335688,220.99515803275426,216.946688180368,217.33462524414062,13160000
JNJ,2026-01-23,218.63769268831862,220.0402402000813,216.68805056082226,218.97589111328125,6950600
JNJ,2026-01-26,219.04554118755243,220.85590917617478,218.83664498443017,220.3187713623047,6856700
JNJ,2026-01-27,220.8260589167103,224.30755083656834,219.53293031085727,223.25315856933594,8154100
JNJ,2026-01-28,225.20279620683007,227.36133465606514,224.88449625169972,226.5158233642578,9026500
JNJ,2026-01-29,227.60005551381826,228.78376524947475,225.87920796420136,226.0880889892578,9645300
JNJ,2026-01-30,227.0529476880107,227.29168402374904,224.13844891577625,226.0482940673828,11045500
JNJ,2026-02-02,227.11265747297156,229.96747613576758,226.0483083177362,229.52980041503906,8187500
JNJ,2026-02-03,230.27582535252645,233.95625667459254,229.26121487432323,231.86737060546875,9346600
JNJ,2026-02-04,233.75731392991355,234.58292668984654,231.70820969161971,233.23011779785156,8641400
JNJ,2026-02-05,233.75732242542819,238.31310525407034,233.74738076944124,236.53256225585938,10267500
JNJ,2026-02-06,237.6963798882826,239.6659053461298,236.72155122592875,238.72093200683594,8274000
JNJ,2026-02-09,238.97955391635966,239.466968252147,235.78652177255736,237.37806701660156,9378500
JNJ,2026-02-10,238.71098513165373,239.22823962936926,236.62209900682328,237.08961486816406,6723300
JNJ,2026-02-11,238.07436773043472,239.9842129594366,236.14462401145659,239.58633422851562,6803900
JNJ,2026-02-12,239.2083355857912,245.0473052999273,238.41256295657277,243.25682067871094,10254300
JNJ,2026-02-13,243.29659922239838,243.6546961418469,241.32707375448166,242.16262817382812,13268500
JNJ,2026-02-17,242.83904656516387,243.19714349398103,240.5909877205504,242.04327392578125,12703000
JNJ,2026-02-18,241.9537577453205,243.7740825673282,241.53598051736643,243.6945037841797,8129700
JNJ,2026-02-19,243.3264406566298,245.6540782344269,242.97830056910783,245.60433959960938,7553900
JNJ,2026-02-20,245.16666739827662,245.57450296026227,239.00939770123207,241.2077178955078,13565800
JNJ,2026-02-23,242.3416882762172,245.5048651358389,241.31713613528814,244.5399932861328,9622700
JNJ,2026-02-24,245.35000610351562,247.25,244.5399932861328,246.27999877929688,7246300
JNJ,2026-02-25,244.86000061035156,247.25,243.72000122070312,245.1699981689453,7698200
JNJ,2026-02-26,245.11000061035156,245.47000122070312,242.02000427246094,243.47000122070312,7172600
JNJ,2026-02-27,244.02999877929688,248.94000244140625,242.5,248.42999267578125,16428600
JNJ,2026-03-02,249.19000244140625,251.7100067138672,246.8699951171875,248.55999755859375,9042400
JNJ,2026-03-03,246.4600067138672,247.8800048828125,244.36000061035156,246.75,6178700
JNJ,2026-03-04,245.75,246.57000732421875,243.17999267578125,245.3000030517578,5455830
XOM,2025-03-05,102.3242069127349,102.79793541996979,100.22629166970569,101.9375,24822200
XOM,2025-03-06,101.92782713983019,104.51880320973387,100.89337068893364,104.04508209228516,17150200
XOM,2025-03-07,104.80884457017373,106.73273876585021,104.70249795562242,105.39857482910156,19625000
XOM,2025-03-10,105.64994017450721,108.83065397192892,105.45658671684892,108.08623504638672,22749100
XOM,2025-03-11,108.20225660316203,108.37627768543436,105.17623112494239,105.53394317626953,19904700
XOM,2025-03-12,105.42759162610635,106.47171069501778,104.81851417861573,105.50492858886719,14051500
XOM,2025-03-13,104.73150119586734,107.13878643392896,104.054749335619,105.0602035522461,17767800
XOM,2025-03-14,105.32124070170333,108.45361253239622,104.71216327909512,108.18291473388672,15890100
XOM,2025-03-17,108.0862404980442,110.69654918789806,108.01856604685427,109.98113250732422,19908800
XOM,2025-03-18,110.30016127970447,110.73521763068317,108.83065579932648,109.8651123046875,15998700
XOM,2025-03-19,110.40649654522016,111.97268597099412,110.04879194172509,111.57630920410156,17315000
XOM,2025-03-20,110.90924563510153,112.60111433974028,110.41618469019453,112.050048828125,16230800
XOM,2025-03-21,111.663330078125,112.13705123136893,110.55152921254437,111.663330078125,41102800
XOM,2025-03-24,111.83734501281609,113.02649014968856,111.74066828545153,111.95336151123047,14207500
XOM,2025-03-25,112.56242839589436,113.7322337291251,112.10803967638297,112.71710968017578,12081800
XOM,2025-03-26,113.77091073076934,115.22108379036823,113.77091073076934,114.34130859375,14110800
XOM,2025-03-27,114.17695369549739,115.11473342362385,113.3648603490547,113.97393035888672,12740800
XOM,2025-03-28,114.17696429920083,114.52500644455961,113.34553110483955,113.81925964355469,10233400
XOM,2025-03-31,113.87726202486216,115.92684268866641,113.87726202486216,114.9793930053711,21652300
XOM,2025-04-01,115.25976020434511,115.3177647685588,114.01261044201776,115.08573913574219,12425400
XOM,2025-04-02,114.45732193086486,114.89237088633742,113.75157519190171,114.72801971435547,12614600
XOM,2025-04-03,110.5708566243378,111.61497554677483,108.50194379749028,108.69529724121094,21204600
XOM,2025-04-04,106.2203417612518,107.14845160282862,100.38097755403149,100.87403106689453,30841300
XOM,2025-04-07,97.05524879714055,102.28554319510634,95.18935915737323,99.52054595947266,35068500
XOM,2025-04-08,101.95683279718244,102.09218169236553,95.72109160523044,97.42262268066406,27147800
XOM,2025-04-09,96.0691363808891,103.03963417909021,94.87032131051387,102.2855453491211,30063300
XOM,2025-04-10,100.26496187453732,100.33263632053807,94.55128400229889,96.61052703857422,33999300
XOM,2025-04-11,96.96824028802325,100.47765639175616,95.50839736153934,99.71389770507812,22884600
XOM,2025-04-14,101.54111891739375,101.59912348087778,99.30785471171718,99.95559692382812,18020000
XOM,2025-04-15,100.19728747758687,101.90849577523994,99.57854757785961,99.67522430419922,13164900
XOM,2025-04-16,100.49698617382924,102.08250806728972,100.25529067329,100.72901916503906,13607000
XOM,2025-04-17,101.21241213301136,104.94419132393493,100.99004902277103,103.36833190917969,17916500
XOM,2025-04-21,102.10185215182162,102.1211845472586,100.66134897301362,101.8504867553711,16926500
XOM,2025-04-22,102.61424661272504,105.3212393140787,102.61424661272504,104.70249938964844,13147000
XOM,2025-04-23,105.19555935944585,105.66928790552763,102.93329275539685,103.80339813232422,14235700
XOM,2025-04-24,104.38346542471429,105.26323330786315,103.40701342995517,105.02153778076172,9849600
XOM,2025-04-25,104.54780730012389,105.14721480928844,103.85172306392285,104.9635238647461,11245800
XOM,2025-04-28,105.13755428911678,105.6209453433196,104.10309772816119,105.02153778076172,13890900
XOM,2025-04-29,104.16109813763202,105.21489442924099,103.94840490211672,104.76050567626953,9483100
XOM,2025-04-30,103.85172605763076,103.85172605763076,100.6903519990406,102.12118530273438,20379300
XOM,2025-05-01,101.60880032037669,103.36834350077051,101.49279118546954,102.2662124633789,18610300
XOM,2025-05-02,104.14176590560021,105.37924577676985,101.07706850966261,102.68192291259766,16581900
XOM,2025-05-05,101.1737406395789,101.18341052512184,99.64622326610179,99.8395767211914,19624000
XOM,2025-05-06,100.43898190982163,102.45956013578055,100.04260512326975,101.23174285888672,16303400
XOM,2025-05-07,101.50244532429048,101.79248288956103,100.61300760887127,101.13507080078125,12332200
XOM,2025-05-08,101.84081569553878,103.82272181123383,101.84081569553878,102.54656982421875,19196500
XOM,2025-05-09,103.58103303044942,104.17077069826132,102.846276573248,103.7453842163086,10992100
XOM,2025-05-12,106.60706457832606,106.77142314977837,104.72184233367783,105.53394317626953,14244600
XOM,2025-05-13,105.68861807708178,106.83909112768256,105.39858049889204,105.82396697998047,13350800
XOM,2025-05-14,105.2438851108109,105.2438851108109,104.3447775899385,104.87651062011719,15494900
XOM,2025-05-15,103.9008295112673,106.00831544180177,103.39347592274727,105.94001770019531,15004300
XOM,2025-05-16,106.00832410800483,106.24248674924188,104.83749601402728,105.55950927734375,14042500
XOM,2025-05-19,104.95457824251392,104.95457824251392,103.14956002041183,103.8813247680664,16802700
XOM,2025-05-20,103.80326024488056,104.12523849609568,102.23240477623206,102.39826965332031,12429300
XOM,2025-05-21,101.9884830862127,102.41778742063637,101.120122914416,101.13964080810547,16716100
XOM,2025-05-22,100.55422359562291,100.95425853538052,99.41267245770727,100.46641540527344,13417400
XOM,2025-05-23,100.10541035339202,100.9542600926748,99.58829781852495,100.52495574951172,12061600
XOM,2025-05-27,100.97376710278596,101.33477369213719,100.39811579306146,101.00303649902344,13043600
XOM,2025-05-28,101.75432336029878,101.89091884442455,99.31510765248808,99.62732696533203,14292400
XOM,2025-05-29,99.79319471464648,100.3493356142531,99.27608216075384,100.19322967529297,13825300
XOM,2025-05-30,99.6761181336087,99.90052181887317,98.7297012111472,99.81271362304688,28645800
XOM,2025-06-02,101.22744914292399,101.32501627982484,99.73465036104437,100.54447174072266,17290500
XOM,2025-06-03,100.39812592199532,102.1153359654938,99.72489996503198,101.2762451171875,19194300
XOM,2025-06-04,101.39332069908734,102.36900702015761,99.81271362304688,99.81271362304688,15648500
XOM,2025-06-05,100.47618200888121,100.54447975454497,99.25657409067419,99.35414123535156,13924800
XOM,2025-06-06,100.26152888371986,101.95922100564745,100.18347219115182,101.73480987548828,15487800
XOM,2025-06-09,101.79334704741406,103.27638685459355,101.30550392817281,102.41778564453125,17087300
XOM,2025-06-10,103.5008011353111,105.03262827889746,103.35444670627638,104.61308288574219,17634800
XOM,2025-06-11,105.13995815193145,106.73032414687151,103.87156297979323,106.65226745605469,22648200
XOM,2025-06-12,106.27175412902669,107.51087994664228,105.58877667010975,107.06206512451172,17469400
XOM,2025-06-13,109.6183550980345,109.7939789310429,107.9889607519484,109.39395141601562,28540200
XOM,2025-06-16,109.10123697864539,110.40866043407462,108.4280110791537,109.74519348144531,22986100
XOM,2025-06-17,111.17945367302501,112.13562954612395,110.35988073370811,111.22824096679688,19451700
XOM,2025-06-18,111.82340763741772,112.43808732770862,110.19401330005441,110.43793487548828,17968900
XOM,2025-06-20,110.69160130256559,112.24294629992615,110.4281692922415,111.91120910644531,36273300
XOM,2025-06-23,113.8625889136665,114.10651049012584,108.45729332995556,109.02318572998047,26631100
XOM,2025-06-24,106.59372678752763,108.24263899356436,105.28631073684204,105.70584869384766,24828300
XOM,2025-06-25,105.48144216876216,106.58396496280842,105.08140722907473,105.73512268066406,17483200
XOM,2025-06-26,106.29126115031855,107.75479050732615,105.91074411300819,107.31572723388672,18304800
XOM,2025-06-27,107.26694752231803,107.42305344976833,105.73512042449238,106.7205581665039,22002100
XOM,2025-06-30,105.9985585105668,106.19369279204032,105.10092890555543,105.17898559570312,19199000
XOM,2025-07-01,105.50096428171967,106.97425278154654,104.54479580975509,106.58397674560547,15536900
XOM,2025-07-02,107.3254943510879,108.65242833130392,106.18394315225223,108.34996795654297,11892200
XOM,2025-07-03,108.16458405027839,109.73543959222857,107.93042142205663,109.47200012207031,11223600
XOM,2025-07-07,108.82805371880768,109.32565582946599,107.54014806596541,108.40850830078125,15415900
XOM,2025-07-08,108.1938522559937,111.67705201847662,108.15482391107088,111.41361999511719,17913400
XOM,2025-07-09,111.15018153480453,111.49167025110323,110.5159839508808,111.0331039428711,10652100
XOM,2025-07-10,110.94528171064431,112.46734986647577,110.32084311112908,112.1356201171875,14901700
XOM,2025-07-11,112.0575666683239,112.94544474747092,111.72583690945281,112.62346649169922,11683900
XOM,2025-07-14,112.42833106496879,112.42833106496879,110.46719959720843,111.15017700195312,13220300
XOM,2025-07-15,110.89650622656659,111.28677478369188,109.86227370727693,110.16474151611328,10959300
XOM,2025-07-16,110.13546423362257,110.74039240497638,109.37443012882311,109.50127410888672,11158900
XOM,2025-07-17,108.77926469374889,109.50127792325922,108.38898868069654,108.94513702392578,13151400
XOM,2025-07-18,108.40850779402297,109.01343599324838,104.73016619282146,105.14971160888672,32366600
XOM,2025-07-21,104.9838416782704,106.1253928332359,104.82773574513018,105.42290496826172,17010400
XOM,2025-07-22,105.35460380369202,106.7791048253295,104.99359721394806,105.90098571777344,13970900
XOM,2025-07-23,106.28150066576148,107.32548462756472,106.2034439813157,107.25718688964844,12002700
XOM,2025-07-24,106.99376015152022,108.25238889166548,106.47664017453182,108.09628295898438,15647200
XOM,2025-07-25,108.03774516598995,108.2816667362299,107.0327820437291,107.71576690673828,10548900
XOM,2025-07-28,108.30117205407066,109.38418437012298,108.14505868344554,108.73047637939453,12353000
XOM,2025-07-29,109.17929911810425,110.2525525658064,108.70121491250794,110.13546752929688,15928000
XOM,2025-07-30,109.67690049790582,109.87203478024404,108.55485976472171,109.1792984008789,12996900
XOM,2025-07-31,107.67674372423865,109.76471187007779,107.67674372423865,108.92562103271484,17233700
XOM,2025-08-01,109.27687117442993,109.80374269657418,106.21321663165848,106.97425079345703,19652000
XOM,2025-08-04,106.56446343383507,107.24744089548165,104.48624676187502,104.75944519042969,19129500
XOM,2025-08-05,104.61308842586648,105.19849872911217,103.49104766903966,104.63259887695312,21314300
XOM,2025-08-06,105.67657998163877,106.39859319785086,103.78375363562566,103.92034912109375,15321800
XOM,2025-08-07,104.53503150267342,105.4326611285925,103.31542360531733,103.37396240234375,13468300
XOM,2025-08-08,103.91059160666616,104.89603686018451,103.37396116071662,104.20330047607422,14417700
XOM,2025-08-11,104.50575897230986,104.91554542700594,102.96417284971534,103.25688171386719,13570700
XOM,2025-08-12,103.75447666300208,104.67162415904068,103.20809472181944,103.5495834350586,14109400
XOM,2025-08-13,103.42274440244574,104.98384094238281,103.16906388848864,104.98384094238281,17958700
XOM,2025-08-14,104.93506024881967,104.97408114859478,103.85204790462278,104.7691879272461,13683500
XOM,2025-08-15,104.5722430318389,105.92136685755888,104.3358939200289,104.86766815185547,19271900
XOM,2025-08-18,104.48361233533863,105.59640209792867,104.06016289296167,105.09416961669922,13040000
XOM,2025-08-19,104.58208564486281,105.82289219016042,104.53285188126867,105.78350067138672,16113600
XOM,2025-08-20,106.23649548959764,107.66440991946308,106.03954540217825,106.87659454345703,18959700
XOM,2025-08-21,106.76826810543525,107.90074987365453,106.31527690078036,107.56593322753906,12194900
XOM,2025-08-22,107.93028771504713,109.71271822075039,107.93028771504713,109.5846939086914,13586700
XOM,2025-08-25,109.21048226579067,110.21493964871304,108.85596612754429,110.03768157958984,9744900
XOM,2025-08-26,109.67332161186246,110.10661326432938,108.67870648764875,109.79148864746094,18143900
XOM,2025-08-27,109.72256302402589,111.25880221241029,109.72256302402589,111.03230285644531,15262600
XOM,2025-08-28,111.150478111266,111.9185939536985,110.36266275262726,111.62316131591797,14189800
XOM,2025-08-29,111.98751979045258,113.0412184425248,111.84965323882919,112.54883575439453,14597900
XOM,2025-09-02,112.44051655288608,113.48436549941368,111.60346744407637,112.9427490234375,15206700
XOM,2025-09-03,112.23371536045128,112.68670654900797,109.76195206928233,110.2051010131836,14920100
XOM,2025-09-04,110.40204683925596,111.40650421639117,109.68316480940825,110.68762969970703,12864400
XOM,2025-09-05,109.89982253167047,110.07708061289752,107.35912587180405,107.56593322753906,16826700
XOM,2025-09-08,108.05830848768933,108.3734331088634,106.69932745443077,108.17647552490234,15440500
XOM,2025-09-09,108.84611987931373,110.79595870253287,108.84611987931373,108.96429443359375,14899500
XOM,2025-09-10,109.46652786575879,110.84519344539693,109.1513957182256,110.7861099243164,15837600
XOM,2025-09-11,109.70287053326427,111.05199436552122,109.18094605685853,110.43159484863281,11534500
XOM,2025-09-12,111.1406267392382,111.49514289416113,110.17555331457825,110.4512939453125,11105700
XOM,2025-09-15,110.47098127498258,110.74671438088893,109.62408244217666,110.63838958740234,12880500
XOM,2025-09-16,111.23910173845827,113.56314874735921,111.06184366106196,112.93289947509766,17208000
XOM,2025-09-17,112.78518365139172,113.73055756391628,112.31250045171144,113.53360748291016,13302000
XOM,2025-09-18,113.41542765313403,113.59268572306348,111.67239622646412,112.19432067871094,14628700
XOM,2025-09-19,112.16478289329383,112.24356593009016,110.92397635982539,111.10123443603516,38746500
XOM,2025-09-22,110.7368649449766,111.08153884152429,109.8604243501585,110.31341552734375,15611500
XOM,2025-09-23,111.00276248192702,113.00183513892328,110.76642087813288,112.21401977539062,25369100
XOM,2025-09-24,112.82456991134899,113.99644312425588,112.72609487543596,112.8147201538086,14756100
XOM,2025-09-25,112.89350874101174,114.13431529140912,112.66701689858705,113.82903289794922,15012600
XOM,2025-09-26,114.1933975647311,116.55683608287912,114.15400604622617,115.4342041015625,18568900
XOM,2025-09-29,114.29187664042857,114.72517584612002,111.93828779708491,112.47991180419922,19189300
XOM,2025-09-30,111.62316061513285,111.76102717505447,110.23464525787536,111.03230285644531,18076200
XOM,2025-10-01,110.8451904864916,111.29818166673253,109.59454174030076,110.28387451171875,16614000
XOM,2025-10-02,110.26418423682554,111.36711668837108,109.33850234656653,109.59454345703125,13062600
XOM,2025-10-03,110.19525664039946,112.01707124147411,110.19525664039946,111.53453826904297,12950100
XOM,2025-10-06,111.56408004432434,113.0215287200953,111.45575524249708,112.46021270751953,12036800
XOM,2025-10-07,112.33218691183123,112.76548608446156,110.03768176682227,112.51929473876953,11945000
XOM,2025-10-08,112.63746751188236,113.2578745430427,111.68225135301425,112.28295135498047,12301000
XOM,2025-10-09,112.68671294919874,113.75026145917077,111.0224569019183,111.18987274169922,10976200
XOM,2025-10-10,110.54976541469829,110.90428155817044,109.02337604623959,109.04307556152344,13811600
XOM,2025-10-13,109.84073466255515,110.58915847736117,109.62408507038785,110.53006744384766,10296500
XOM,2025-10-14,109.07261769777679,111.2390985703282,109.02337642256091,110.57930755615234,11167200
XOM,2025-10-15,111.08154121041032,111.83980727002569,109.27941870764626,109.90966796875,12182900
XOM,2025-10-16,110.17555961074069,110.48084201963705,108.7082611437254,108.95445251464844,11782200
XOM,2025-10-17,109.92935994307969,111.18986597812913,109.48621851412935,110.53006744384766,13460100
XOM,2025-10-20,110.29372235529097,111.42620404282175,110.27403035351949,110.9830551147461,9523600
XOM,2025-10-21,111.17017037292834,111.63301133371802,110.28387997068897,110.99291229248047,9202300
XOM,2025-10-22,111.72163395713265,113.42528144049153,111.35727555995079,112.96244049072266,12938800
XOM,2025-10-23,114.85318813056784,115.06983772488677,113.60253935404117,114.21309661865234,15001100
XOM,2025-10-24,114.57745397030573,114.69562852426475,113.42528024356957,113.632080078125,9919400
XOM,2025-10-27,113.93735694263816,114.22293981815812,113.34649918884276,114.1737060546875,10975400
XOM,2025-10-28,113.73055619382959,114.41004673749381,113.23817348408193,113.2775650024414,9535200
XOM,2025-10-29,113.16923636983752,115.26679145069946,113.06091157631114,114.6759262084961,12570600
XOM,2025-10-30,114.65623875964566,114.74486404159735,112.78518294908257,112.9427490234375,16172900
XOM,2025-10-31,112.24356680542397,113.47452359060154,110.90428522209764,112.6177749633789,20213400
XOM,2025-11-03,112.75564081245807,113.23817376552417,111.90874194853409,112.02691650390625,12290300
XOM,2025-11-04,111.65269923325023,112.60792288093636,110.7959581368766,112.401123046875,16860700
XOM,2025-11-05,112.3518852990128,113.4252835340798,111.93828561790328,111.94813537597656,12400900
XOM,2025-11-06,111.90874685092898,113.188944960802,111.90874685092898,112.75564575195312,14219700
XOM,2025-11-07,113.45482349738259,115.71978697585025,113.14954862042434,115.4342041015625,17181100
XOM,2025-11-10,115.650852381483,116.64546003805616,113.70101356006596,116.4189682006836,13048000
XOM,2025-11-11,117.01967605641752,118.96950737055927,117.01967605641752,117.9552001953125,16077100
XOM,2025-11-12,117.28556152206164,117.46281960045928,115.99552120954574,116.32049560546875,13790900
XOM,2025-11-13,116.82271957033755,117.93550930812972,116.47805317449375,116.98028564453125,17291900
XOM,2025-11-14,117.66571049271275,118.68889697657293,115.88756919075867,118.50015258789062,17064300
XOM,2025-11-17,118.18226972374043,118.70875924248826,116.33458466394876,116.90081024169922,16034900
XOM,2025-11-18,116.48359759303432,118.68889969210812,115.70876335906323,118.24187469482422,15808500
XOM,2025-11-19,116.07630865802689,117.39750425129373,115.16240200147725,116.572998046875,15919200
XOM,2025-11-20,117.1988284939755,118.22200739590019,115.96703338472082,116.24517822265625,14401000
XOM,2025-11-21,116.215378652987,116.60279576188553,114.88425475654147,116.3047866821289,15667600
XOM,2025-11-24,116.42398477931181,116.42398477931181,113.98027399923178,115.20213317871094,18034900
XOM,2025-11-25,114.41736246752856,115.13259636601772,113.4339196465451,113.75180053710938,14434600
XOM,2025-11-26,113.65246904450274,114.97365705250216,113.55312510411062,114.01007843017578,11650600
XOM,2025-11-28,114.1888871955968,117.95379366366068,114.05975068319684,115.1524658203125,7240800
XOM,2025-12-01,115.33127565327204,116.6326070178609,115.33127565327204,115.8577651977539,12658100
XOM,2025-12-02,115.66902207182511,115.82795872805552,113.93060928943486,114.61603546142578,14607700
XOM,2025-12-03,115.18226278457817,117.19882800902268,115.11272657538204,117.02001953125,16819100
XOM,2025-12-04,116.72200447264626,117.55643899441883,115.8875699508737,116.36438751220703,13686900
XOM,2025-12-05,115.97697258701088,117.99353029817301,115.63922743960852,115.76836395263672,12516900
XOM,2025-12-08,115.06306594695681,116.22531730103631,114.2782958010143,115.21207427978516,14904200
XOM,2025-12-09,116.12598117519698,119.67234312511398,116.11604526528723,117.467041015625,23790800
XOM,2025-12-10,117.94386264481753,119.07631381660484,117.58624568752907,118.74849700927734,19845200
XOM,2025-12-11,118.32134384245383,119.5630672833503,118.28160778287973,118.74849700927734,14781800
XOM,2025-12-12,118.64916172079668,119.12597928223312,117.52663886961135,118.03326416015625,14459500
XOM,2025-12-15,118.22200910243764,118.24187334305759,116.07630732931369,116.98028564453125,16358700
XOM,2025-12-16,115.99683516808265,116.0663713785457,113.85114097459555,113.9206771850586,17638700
XOM,2025-12-17,114.44716863723637,116.84121514123433,114.40743257646578,116.63260650634766,18502200
XOM,2025-12-18,116.2153813721701,116.2153813721701,114.86438562480342,115.76836395263672,13705600
XOM,2025-12-19,115.97696632618475,116.79153657881096,115.1921962227349,115.91736602783203,45412800
XOM,2025-12-22,116.56305674309674,117.67564365102822,116.56305674309674,117.3676986694336,11768600
XOM,2025-12-23,117.68558094503335,119.23524935952017,117.53657261774538,118.62928771972656,12567600
XOM,2025-12-24,118.53989055724838,119.2551244849581,118.33128192481281,118.43061828613281,6137400
XOM,2025-12-26,118.10279793258158,118.758431539622,117.74518097944652,118.32134246826172,8066100
XOM,2025-12-29,119.35446002118661,120.49684711566579,118.60942594811912,119.73194122314453,14782500
XOM,2025-12-30,120.29816845104502,120.99353814268906,119.83127921295453,120.18889617919922,11150500
XOM,2025-12-31,120.37763974026633,120.45711186085562,119.07631597585063,119.54319763183594,10559900
XOM,2026-01-02,119.29485111594778,121.86770603383496,118.81803355745646,121.83790588378906,14175100
XOM,2026-01-05,124.38095230413707,125.09618621633267,121.57962453395653,124.52996063232422,30112200
XOM,2026-01-06,124.52002885557945,124.96705385497772,120.19883266800142,120.24850463867188,23328600
XOM,2026-01-07,119.00677563405961,119.32465652650383,117.48689980134242,117.7054443359375,20353000
XOM,2026-01-08,118.19220505090117,122.81141009874412,117.87432415932456,122.09618377685547,20232700
XOM,2026-01-09,122.4140674135384,124.0332720571173,122.28492332480052,123.78492736816406,16137700
XOM,2026-01-12,123.6359162811852,123.67565233999679,121.74849517146582,123.2087631225586,15314900
XOM,2026-01-13,124.17234424691262,126.29817417410949,123.98359985841621,125.7021484375,21619700
XOM,2026-01-14,126.5067780569478,130.8478457773565,126.2882335266516,129.33790588378906,27593900
XOM,2026-01-15,128.27500915527344,129.337916588086,127.45050293323732,128.27500915527344,17400000
XOM,2026-01-16,128.0564613080259,129.29818477469024,128.0167176687486,129.02996826171875,16592400
XOM,2026-01-20,130.6392422928985,131.0664030646928,129.20878953412497,129.59620666503906,16477300
XOM,2026-01-21,131.0366008719565,132.84454240214342,131.0366008719565,132.725341796875,18879900
XOM,2026-01-22,132.1690523578367,133.29156009444506,130.9770008295119,132.75514221191406,16600100
XOM,2026-01-23,134.1955403288625,135.07964686690326,133.58957864608686,134.0763397216797,17758200
XOM,2026-01-26,136.02334731663586,136.03329080527234,133.28162737596318,133.9471893310547,16056100
XOM,2026-01-27,134.35447104370763,136.02334000719668,133.81805320765937,135.92401123046875,14517000
XOM,2026-01-28,136.77832439433692,137.09619771667622,135.7650738112262,136.66905212402344,15637300
XOM,2026-01-29,139.39092163787078,141.3975359167848,138.18892661057401,139.57965087890625,35760600
XOM,2026-01-30,137.82136923864124,141.2683946138898,136.9173909644709,140.4637451171875,29657700
XOM,2026-02-02,138.9041515460256,139.39091258721533,137.14586692556136,137.48361206054688,27735600
XOM,2026-02-03,137.7220262255062,144.04984387155233,137.39420942637852,142.7783203125,37577800
XOM,2026-02-04,143.16573706124296,146.86110713253416,143.16573706124296,146.61276245117188,29426200
XOM,2026-02-05,145.60946711265478,145.75846787035985,142.84787524629766,145.11277770996094,18431700
XOM,2026-02-06,145.64919203150373,148.57967156189628,145.12270249015177,148.0631103515625,17216000
XOM,2026-02-09,148.27170066061862,150.54654639275728,147.64588238117187,150.20880126953125,21297300
XOM,2026-02-10,150.34788724143306,150.77503284913647,148.82801889209236,150.58628845214844,15800300
XOM,2026-02-11,152.95053017548196,155.89092284145423,152.55318473124476,154.52999877929688,23091500
XOM,2026-02-12,153.88999938964844,155.25,149.8800048828125,149.92999267578125,30652500
XOM,2026-02-13,150.5500030517578,151.66000366210938,147.97999572753906,148.4499969482422,20166000
XOM,2026-02-17,148.1999969482422,149.1300048828125,145.14999389648438,146.19000244140625,19766600
XOM,2026-02-18,148.14999389648438,150.97999572753906,147.61000061035156,150.67999267578125,19849700
XOM,2026-02-19,152.1999969482422,153.3800048828125,150.83999633789062,150.97000122070312,20305000
XOM,2026-02-20,150.49000549316406,150.80999755859375,146.4600067138672,147.27999877929688,25908600
XOM,2026-02-23,148.14999389648438,151.27000427246094,148.1300048828125,150.75999450683594,16073100
XOM,2026-02-24,150.4199981689453,150.72000122070312,148.02999877929688,149.25999450683594,14185500
XOM,2026-02-25,149.91000366210938,150.17999267578125,147.3300018310547,149.05999755859375,15225700
XOM,2026-02-26,147.80999755859375,150.9600067138672,146.77000427246094,148.5399932861328,15632100
XOM,2026-02-27,151.0,153.64999389648438,149.25,152.5,30275100
XOM,2026-03-02,159.35000610351562,159.61000061035156,153.02999877929688,154.22000122070312,31493100
XOM,2026-03-03,155.42999267578125,156.0500030517578,150.3000030517578,151.8300018310547,25198900
XOM,2026-03-04,150.72000122070312,151.16000366210938,147.86000061035156,149.82000732421875,16717227
TSLA,2025-03-05,272.9200134277344,279.54998779296875,267.7099914550781,279.1000061035156,94042900
TSLA,2025-03-06,272.05999755859375,272.6499938964844,260.0199890136719,263.45001220703125,98451600
TSLA,2025-03-07,259.32000732421875,266.25,250.72999572753906,262.6700134277344,102369600
TSLA,2025-03-10,252.5399932861328,253.3699951171875,220.0,222.14999389648438,189076900
TSLA,2025-03-11,225.30999755859375,237.05999755859375,217.02000427246094,230.5800018310547,174896400
TSLA,2025-03-12,247.22000122070312,251.83999633789062,241.10000610351562,248.08999633789062,142215700
TSLA,2025-03-13,248.1300048828125,248.2899932861328,232.60000610351562,240.67999267578125,114813500
TSLA,2025-03-14,247.30999755859375,251.5800018310547,240.72999572753906,249.97999572753906,100242300
TSLA,2025-03-17,245.05999755859375,245.39999389648438,232.8000030517578,238.00999450683594,111900600
TSLA,2025-03-18,228.16000366210938,230.10000610351562,222.27999877929688,225.30999755859375,111477600
TSLA,2025-03-19,231.61000061035156,241.41000366210938,229.1999969482422,235.86000061035156,111993800
TSLA,2025-03-20,233.35000610351562,238.0,230.0500030517578,236.25999450683594,99028300
TSLA,2025-03-21,234.99000549316406,249.52000427246094,234.5500030517578,248.7100067138672,132728700
TSLA,2025-03-24,258.0799865722656,278.6400146484375,256.3299865722656,278.3900146484375,169079900
TSLA,2025-03-25,283.6000061035156,288.20001220703125,271.2799987792969,288.1400146484375,150361500
TSLA,2025-03-26,282.6600036621094,284.8999938964844,266.510009765625,272.05999755859375,153629800
TSLA,2025-03-27,272.4800109863281,291.8500061035156,271.82000732421875,273.1300048828125,162572100
TSLA,2025-03-28,275.5799865722656,276.1000061035156,260.57000732421875,263.54998779296875,123809400
TSLA,2025-03-31,249.30999755859375,260.55999755859375,243.36000061035156,259.1600036621094,134008900
TSLA,2025-04-01,263.79998779296875,277.45001220703125,259.25,268.4599914550781,146486900
TSLA,2025-04-02,254.60000610351562,284.989990234375,251.27000427246094,282.760009765625,212787800
TSLA,2025-04-03,265.2900085449219,276.29998779296875,261.510009765625,267.2799987792969,136174300
TSLA,2025-04-04,255.3800048828125,261.0,236.0,239.42999267578125,181229400
TSLA,2025-04-07,223.77999877929688,252.0,214.25,233.2899932861328,183453800
TSLA,2025-04-08,245.0,250.44000244140625,217.8000030517578,221.86000061035156,171603500
TSLA,2025-04-09,224.69000244140625,274.69000244140625,223.8800048828125,272.20001220703125,219433400
TSLA,2025-04-10,260.0,262.489990234375,239.3300018310547,252.39999389648438,181722600
TSLA,2025-04-11,251.83999633789062,257.739990234375,241.36000061035156,252.30999755859375,128948100
TSLA,2025-04-14,258.3599853515625,261.79998779296875,245.92999267578125,252.35000610351562,100135200
TSLA,2025-04-15,249.91000366210938,258.75,247.5399932861328,254.11000061035156,79594300
TSLA,2025-04-16,247.61000061035156,251.97000122070312,233.88999938964844,241.5500030517578,112378700
TSLA,2025-04-17,243.47000122070312,244.33999633789062,237.67999267578125,241.3699951171875,83404800
TSLA,2025-04-21,230.25999450683594,232.2100067138672,222.7899932861328,227.5,97768000
TSLA,2025-04-22,230.9600067138672,242.7899932861328,229.85000610351562,237.97000122070312,120858500
TSLA,2025-04-23,254.86000061035156,259.45001220703125,244.42999267578125,250.74000549316406,150381900
TSLA,2025-04-24,250.5,259.5400085449219,249.1999969482422,259.510009765625,94464200
TSLA,2025-04-25,261.69000244140625,286.8500061035156,259.6300048828125,284.95001220703125,167560700
TSLA,2025-04-28,288.9800109863281,294.8599853515625,272.4200134277344,285.8800048828125,151731800
TSLA,2025-04-29,285.5,293.32000732421875,279.4700012207031,292.0299987792969,108906600
TSLA,2025-04-30,279.8999938964844,284.45001220703125,270.7799987792969,282.1600036621094,128961100
TSLA,2025-05-01,280.010009765625,290.8699951171875,279.80999755859375,280.5199890136719,99659000
TSLA,2025-05-02,284.8999938964844,294.7799987792969,279.80999755859375,287.2099914550781,114454700
TSLA,2025-05-05,284.57000732421875,284.8500061035156,274.3999938964844,280.260009765625,94618900
TSLA,2025-05-06,273.1099853515625,277.7300109863281,271.3500061035156,275.3500061035156,76715800
TSLA,2025-05-07,276.8800048828125,277.9200134277344,271.0,276.2200012207031,71592600
TSLA,2025-05-08,279.6300048828125,289.79998779296875,279.4100036621094,284.82000732421875,97539400
TSLA,2025-05-09,290.2099914550781,307.0400085449219,290.0,298.260009765625,132387800
TSLA,2025-05-12,321.989990234375,322.2099914550781,311.5,318.3800048828125,112826700
TSLA,2025-05-13,320.0,337.5899963378906,316.79998779296875,334.07000732421875,136992600
TSLA,2025-05-14,342.5,350.0,337.0,347.67999267578125,136997300
TSLA,2025-05-15,340.3399963378906,346.1400146484375,334.7200012207031,342.82000732421875,97882600
TSLA,2025-05-16,346.239990234375,351.6199951171875,342.3299865722656,349.9800109863281,95895700
TSLA,2025-05-19,336.29998779296875,343.0,333.3699951171875,342.0899963378906,88869900
TSLA,2025-05-20,347.8699951171875,354.989990234375,341.6300048828125,343.82000732421875,131715500
TSLA,2025-05-21,344.42999267578125,347.3500061035156,332.20001220703125,334.6199951171875,102354800
TSLA,2025-05-22,331.8999938964844,347.2699890136719,331.3900146484375,341.0400085449219,97113400
TSLA,2025-05-23,337.9200134277344,343.17999267578125,333.2099914550781,339.3399963378906,84654800
TSLA,2025-05-27,347.3500061035156,363.7900085449219,347.32000732421875,362.8900146484375,120146400
TSLA,2025-05-28,364.8399963378906,365.0,355.9100036621094,356.8999938964844,91404300
TSLA,2025-05-29,365.2900085449219,367.7099914550781,356.0,358.42999267578125,88087800
TSLA,2025-05-30,355.5199890136719,363.67999267578125,345.2900085449219,346.4599914550781,123474900
TSLA,2025-06-02,343.5,348.0199890136719,333.3299865722656,342.69000244140625,81873800
TSLA,2025-06-03,346.6000061035156,355.3999938964844,343.0400085449219,344.2699890136719,99324500
TSLA,2025-06-04,345.1000061035156,345.6000061035156,327.3299865722656,332.04998779296875,98912100
TSLA,2025-06-05,322.489990234375,324.54998779296875,273.2099914550781,284.70001220703125,287499800
TSLA,2025-06-06,298.8299865722656,305.5,291.1400146484375,295.1400146484375,164747700
TSLA,2025-06-09,285.9599914550781,309.8299865722656,281.8500061035156,308.5799865722656,140908900
TSLA,2025-06-10,314.94000244140625,327.8299865722656,310.6700134277344,326.0899963378906,151256500
TSLA,2025-06-11,334.3999938964844,335.5,322.5,326.42999267578125,122611400
TSLA,2025-06-12,323.0799865722656,332.55999755859375,316.8599853515625,319.1099853515625,105127500
TSLA,2025-06-13,313.9700012207031,332.989990234375,313.29998779296875,325.30999755859375,128964300
TSLA,2025-06-16,331.2900085449219,332.04998779296875,326.4100036621094,329.1300048828125,83925900
TSLA,2025-06-17,326.0899963378906,327.260009765625,314.739990234375,316.3500061035156,88282700
TSLA,2025-06-18,317.30999755859375,329.32000732421875,315.45001220703125,322.04998779296875,95137700
TSLA,2025-06-20,327.95001220703125,332.3599853515625,317.7799987792969,322.1600036621094,108688000
TSLA,2025-06-23,327.5400085449219,357.5400085449219,327.4800109863281,348.67999267578125,190716800
TSLA,2025-06-24,356.1700134277344,356.260009765625,340.44000244140625,340.4700012207031,114736200
TSLA,2025-06-25,342.70001220703125,343.0,320.3999938964844,327.54998779296875,119845100
TSLA,2025-06-26,324.6099853515625,331.04998779296875,323.6099853515625,325.7799987792969,80440900
TSLA,2025-06-27,324.510009765625,329.3399963378906,317.5,323.6300048828125,89067000
TSLA,2025-06-30,319.8999938964844,325.5799865722656,316.6000061035156,317.6600036621094,76695100
TSLA,2025-07-01,298.4599914550781,305.8900146484375,293.2099914550781,300.7099914550781,145085700
TSLA,2025-07-02,312.6300048828125,316.8299865722656,303.82000732421875,315.6499938964844,119483700
TSLA,2025-07-03,317.989990234375,318.45001220703125,312.760009765625,315.3500061035156,58042300
TSLA,2025-07-07,291.3699951171875,296.1499938964844,288.7699890136719,293.94000244140625,131177900
TSLA,2025-07-08,297.0,304.04998779296875,294.3500061035156,297.80999755859375,103246700
TSLA,2025-07-09,297.54998779296875,300.1499938964844,293.54998779296875,295.8800048828125,75586800
TSLA,2025-07-10,300.04998779296875,310.4800109863281,300.0,309.8699951171875,104365300
TSLA,2025-07-11,307.8900146484375,314.0899963378906,305.6499938964844,313.510009765625,79236400
TSLA,2025-07-14,317.7300109863281,322.6000061035156,312.6700134277344,316.8999938964844,78043400
TSLA,2025-07-15,319.67999267578125,321.20001220703125,310.5,310.7799987792969,77556300
TSLA,2025-07-16,312.79998779296875,323.5,312.6199951171875,321.6700134277344,97284800
TSLA,2025-07-17,323.1499938964844,324.3399963378906,317.05999755859375,319.4100036621094,73922900
TSLA,2025-07-18,321.6600036621094,330.8999938964844,321.4200134277344,329.6499938964844,94255000
TSLA,2025-07-21,334.3999938964844,338.0,326.8800048828125,328.489990234375,75768800
TSLA,2025-07-22,329.739990234375,335.4100036621094,321.54998779296875,332.1099853515625,77370400
TSLA,2025-07-23,330.8999938964844,336.20001220703125,328.6700134277344,332.55999755859375,92553800
TSLA,2025-07-24,310.0,310.1499938964844,300.4100036621094,305.29998779296875,156966000
TSLA,2025-07-25,308.739990234375,323.6300048828125,308.010009765625,316.05999755859375,148227000
TSLA,2025-07-28,318.45001220703125,330.489990234375,315.69000244140625,325.5899963378906,112673800
TSLA,2025-07-29,325.54998779296875,326.25,318.25,321.20001220703125,87358900
TSLA,2025-07-30,322.17999267578125,324.45001220703125,311.6199951171875,319.0400085449219,83931900
TSLA,2025-07-31,319.6099853515625,321.3699951171875,306.1000061035156,308.2699890136719,85270900
TSLA,2025-08-01,306.2099914550781,309.30999755859375,297.82000732421875,302.6300048828125,89121400
TSLA,2025-08-04,309.0799865722656,312.1199951171875,303.0,309.260009765625,78683900
TSLA,2025-08-05,308.95001220703125,312.45001220703125,305.5,308.7200012207031,57961300
TSLA,2025-08-06,307.8900146484375,320.4700012207031,306.92999267578125,319.9100036621094,78523600
TSLA,2025-08-07,319.7900085449219,322.3999938964844,316.1600036621094,322.2699890136719,66658700
TSLA,2025-08-08,321.42999267578125,335.1499938964844,320.9800109863281,329.6499938964844,91200300
TSLA,2025-08-11,335.0,346.6400146484375,334.1499938964844,339.0299987792969,105320200
TSLA,2025-08-12,345.0,345.260009765625,332.94000244140625,340.8399963378906,80522100
TSLA,2025-08-13,341.5,348.9800109863281,338.20001220703125,339.3800048828125,67838900
TSLA,2025-08-14,335.760009765625,340.4700012207031,330.3999938964844,335.5799865722656,75000700
TSLA,2025-08-15,337.6600036621094,339.29998779296875,327.0199890136719,330.55999755859375,74319800
TSLA,2025-08-18,329.6199951171875,336.2699890136719,329.5899963378906,335.1600036621094,56956600
TSLA,2025-08-19,335.7900085449219,340.54998779296875,327.8500061035156,329.30999755859375,75956000
TSLA,2025-08-20,329.2200012207031,331.3699951171875,314.6000061035156,323.8999938964844,77481800
TSLA,2025-08-21,322.0799865722656,324.8999938964844,318.67999267578125,320.1099853515625,55744400
TSLA,2025-08-22,321.6600036621094,340.25,319.69000244140625,340.010009765625,94016300
TSLA,2025-08-25,338.8999938964844,349.5299987792969,335.0299987792969,346.6000061035156,86670000
TSLA,2025-08-26,344.92999267578125,351.8999938964844,343.7200012207031,351.6700134277344,76651600
TSLA,2025-08-27,351.94000244140625,355.3900146484375,349.1600036621094,349.6000061035156,65519000
TSLA,2025-08-28,350.9100036621094,353.54998779296875,340.260009765625,345.9800109863281,67903200
TSLA,2025-08-29,347.2300109863281,348.75,331.70001220703125,333.8699951171875,81145700
TSLA,2025-09-02,328.2300109863281,333.3299865722656,325.6000061035156,329.3599853515625,58392000
TSLA,2025-09-03,335.20001220703125,343.3299865722656,328.510009765625,334.0899963378906,88733300
TSLA,2025-09-04,336.1499938964844,338.8900146484375,331.4800109863281,338.5299987792969,60711000
TSLA,2025-09-05,348.0,355.8699951171875,344.67999267578125,350.8399963378906,108989800
TSLA,2025-09-08,354.6400146484375,358.44000244140625,344.8399963378906,346.3999938964844,75208300
TSLA,2025-09-09,348.44000244140625,350.7699890136719,343.82000732421875,346.9700012207031,53816000
TSLA,2025-09-10,350.54998779296875,356.3299865722656,346.07000732421875,347.7900085449219,72121700
TSLA,2025-09-11,350.1700134277344,368.989990234375,347.6000061035156,368.80999755859375,103756000
TSLA,2025-09-12,370.94000244140625,396.69000244140625,370.239990234375,395.94000244140625,168156400
TSLA,2025-09-15,423.1300048828125,425.70001220703125,402.42999267578125,410.0400085449219,163823700
TSLA,2025-09-16,414.5,423.25,411.42999267578125,421.6199951171875,104285700
TSLA,2025-09-17,415.75,428.30999755859375,409.6700134277344,425.8599853515625,106133500
TSLA,2025-09-18,428.8699951171875,432.2200012207031,416.55999755859375,416.8500061035156,90454500
TSLA,2025-09-19,421.82000732421875,429.4700012207031,421.7200012207031,426.07000732421875,93131000
TSLA,2025-09-22,431.1099853515625,444.9800109863281,429.1300048828125,434.2099914550781,97108800
TSLA,2025-09-23,439.8800048828125,440.9700012207031,423.7200012207031,425.8500061035156,83422700
TSLA,2025-09-24,429.8299865722656,444.2099914550781,429.0299987792969,442.7900085449219,93133600
TSLA,2025-09-25,435.239990234375,435.3500061035156,419.0799865722656,423.3900146484375,96746400
TSLA,2025-09-26,428.29998779296875,440.4700012207031,421.0199890136719,440.3999938964844,101628200
TSLA,2025-09-29,444.3500061035156,450.9800109863281,439.5,443.2099914550781,79491500
TSLA,2025-09-30,441.5199890136719,445.0,433.1199951171875,444.7200012207031,74358000
TSLA,2025-10-01,443.79998779296875,462.2900085449219,440.75,459.4599914550781,98122300
TSLA,2025-10-02,470.5400085449219,470.75,435.57000732421875,436.0,137009000
TSLA,2025-10-03,443.2900085449219,446.7699890136719,416.5799865722656,429.8299865722656,133188200
TSLA,2025-10-06,440.75,453.54998779296875,436.69000244140625,453.25,85324900
TSLA,2025-10-07,447.82000732421875,452.67999267578125,432.45001220703125,433.0899963378906,102296100
TSLA,2025-10-08,437.57000732421875,441.3299865722656,425.2300109863281,438.69000244140625,71192100
TSLA,2025-10-09,431.80999755859375,436.3500061035156,426.17999267578125,435.5400085449219,69339900
TSLA,2025-10-10,436.5400085449219,443.1300048828125,411.45001220703125,413.489990234375,112107900
TSLA,2025-10-13,423.5299987792969,436.8900146484375,419.70001220703125,435.8999938964844,79552800
TSLA,2025-10-14,426.7900085449219,434.20001220703125,417.8599853515625,429.239990234375,72669400
TSLA,2025-10-15,434.8999938964844,440.510009765625,426.3299865722656,435.1499938964844,71558200
TSLA,2025-10-16,434.7300109863281,439.3500061035156,421.30999755859375,428.75,77189900
TSLA,2025-10-17,425.5,441.4599914550781,423.6000061035156,439.30999755859375,89331600
TSLA,2025-10-20,443.8699951171875,449.79998779296875,440.6099853515625,447.42999267578125,63719000
TSLA,2025-10-21,445.760009765625,449.29998779296875,442.04998779296875,442.6000061035156,54412200
TSLA,2025-10-22,443.45001220703125,445.5400085449219,429.0,438.9700012207031,84023500
TSLA,2025-10-23,420.0,449.3999938964844,413.8999938964844,448.9800109863281,126709800
TSLA,2025-10-24,446.8299865722656,451.67999267578125,430.1700134277344,433.7200012207031,94727800
TSLA,2025-10-27,439.9800109863281,460.1600036621094,438.69000244140625,452.4200134277344,105867500
TSLA,2025-10-28,454.7799987792969,467.0,451.6000061035156,460.54998779296875,80185700
TSLA,2025-10-29,462.5,465.70001220703125,452.6499938964844,461.510009765625,67983500
TSLA,2025-10-30,451.04998779296875,455.05999755859375,439.6099853515625,440.1000061035156,72447900
TSLA,2025-10-31,446.75,458.0,443.69000244140625,456.55999755859375,83135800
TSLA,2025-11-03,455.989990234375,474.07000732421875,453.79998779296875,468.3699951171875,84595200
TSLA,2025-11-04,454.4599914550781,460.2200012207031,443.6000061035156,444.260009765625,87756600
TSLA,2025-11-05,452.04998779296875,466.3299865722656,440.7099914550781,462.07000732421875,85573000
TSLA,2025-11-06,461.9599914550781,467.45001220703125,435.0899963378906,445.9100036621094,109622900
TSLA,2025-11-07,437.9200134277344,439.3599853515625,421.8800048828125,429.5199890136719,103471500
TSLA,2025-11-10,439.6000061035156,449.6700134277344,433.3599853515625,445.2300109863281,76515900
TSLA,2025-11-11,439.3999938964844,442.489990234375,432.3599853515625,439.6199951171875,60533200
TSLA,2025-11-12,442.1499938964844,442.3299865722656,426.55999755859375,430.6000061035156,58513500
TSLA,2025-11-13,423.1300048828125,424.5,396.3399963378906,401.989990234375,118948000
TSLA,2025-11-14,386.29998779296875,412.19000244140625,382.7799987792969,404.3500061035156,105506700
TSLA,2025-11-17,398.739990234375,423.9599914550781,398.739990234375,408.9200134277344,102214300
TSLA,2025-11-18,405.3800048828125,408.8999938964844,393.7099914550781,401.25,80688600
TSLA,2025-11-19,406.17999267578125,411.7799987792969,398.5,403.989990234375,72047700
TSLA,2025-11-20,414.6300048828125,428.94000244140625,394.739990234375,395.2300109863281,113548800
TSLA,2025-11-21,402.32000732421875,402.79998779296875,383.760009765625,391.0899963378906,100460600
TSLA,2025-11-24,402.1700134277344,421.7200012207031,401.0899963378906,417.7799987792969,96806400
TSLA,2025-11-25,414.4200134277344,420.4800109863281,405.95001220703125,419.3999938964844,71915600
TSLA,2025-11-26,423.95001220703125,426.94000244140625,416.8900146484375,426.5799865722656,63463000
TSLA,2025-11-28,426.5899963378906,432.92999267578125,426.20001220703125,430.1700134277344,36252900
TSLA,2025-12-01,425.32000732421875,433.6600036621094,425.2900085449219,430.1400146484375,57463600
TSLA,2025-12-02,430.80999755859375,436.79998779296875,422.1199951171875,429.239990234375,69336600
TSLA,2025-12-03,432.1000061035156,447.9200134277344,431.1099853515625,446.739990234375,87483000
TSLA,2025-12-04,449.94000244140625,454.6300048828125,445.3900146484375,454.5299987792969,71906500
TSLA,2025-12-05,453.0299987792969,458.8699951171875,451.6600036621094,455.0,56427500
TSLA,2025-12-08,447.45001220703125,449.75,435.25,439.5799865722656,69165800
TSLA,2025-12-09,437.5400085449219,452.3900146484375,435.70001220703125,445.1700134277344,62367400
TSLA,2025-12-10,446.07000732421875,456.8800048828125,443.6099853515625,451.45001220703125,63257500
TSLA,2025-12-11,448.95001220703125,449.2699890136719,440.3299865722656,446.8900146484375,55979500
TSLA,2025-12-12,448.0899963378906,463.010009765625,441.6700134277344,458.9599914550781,95656700
TSLA,2025-12-15,469.44000244140625,481.7699890136719,467.6600036621094,475.30999755859375,114542200
TSLA,2025-12-16,472.2099914550781,491.5,465.8299865722656,489.8800048828125,107608100
TSLA,2025-12-17,488.2200012207031,495.2799987792969,466.20001220703125,467.260009765625,106490400
TSLA,2025-12-18,478.1600036621094,490.8599853515625,473.1199951171875,483.3699951171875,95168400
TSLA,2025-12-19,488.1199951171875,490.489990234375,474.7200012207031,481.20001220703125,103305400
TSLA,2025-12-22,489.8800048828125,498.8299865722656,485.3299865722656,488.7300109863281,86916100
TSLA,2025-12-23,489.3999938964844,491.9700012207031,482.8399963378906,485.55999755859375,58223600
TSLA,2025-12-24,488.4800109863281,490.8999938964844,476.79998779296875,485.3999938964844,41285400
TSLA,2025-12-26,485.2300109863281,489.0899963378906,473.82000732421875,475.19000244140625,58780700
TSLA,2025-12-29,469.0,469.3999938964844,459.0,459.6400146484375,66263000
TSLA,2025-12-30,461.0899963378906,463.1199951171875,453.8299865722656,454.42999267578125,59238500
TSLA,2025-12-31,456.1000061035156,456.54998779296875,449.29998779296875,449.7200012207031,49078000
TSLA,2026-01-02,457.79998779296875,458.3399963378906,435.29998779296875,438.07000732421875,85535400
TSLA,2026-01-05,447.989990234375,457.54998779296875,444.57000732421875,451.6700134277344,67940800
TSLA,2026-01-06,446.3800048828125,448.25,428.7799987792969,432.9599914550781,89093800
TSLA,2026-01-07,435.8999938964844,438.3699951171875,431.2900085449219,431.4100036621094,59828800
TSLA,2026-01-08,427.8900146484375,436.8900146484375,424.3699951171875,435.79998779296875,57041100
TSLA,2026-01-09,435.95001220703125,449.04998779296875,430.3900146484375,445.010009765625,67331500
TSLA,2026-01-12,441.2300109863281,454.29998779296875,438.0,448.9599914550781,61649600
TSLA,2026-01-13,450.20001220703125,451.80999755859375,443.95001220703125,447.20001220703125,53719200
TSLA,2026-01-14,442.80999755859375,443.9100036621094,434.2200012207031,439.20001220703125,57259500
TSLA,2026-01-15,441.1300048828125,445.3599853515625,437.6499938964844,438.57000732421875,49465800
TSLA,2026-01-16,439.5,447.25,435.260009765625,437.5,60220600
TSLA,2026-01-20,429.3599853515625,430.7300109863281,417.44000244140625,419.25,63187300
TSLA,2026-01-21,421.6600036621094,438.20001220703125,419.6199951171875,431.44000244140625,68124000
TSLA,2026-01-22,435.1600036621094,449.5,432.6300048828125,449.3599853515625,71546700
TSLA,2026-01-23,447.42999267578125,452.42999267578125,444.0400085449219,449.05999755859375,56771400
TSLA,2026-01-26,445.0,445.0400085449219,434.2799987792969,435.20001220703125,49397400
TSLA,2026-01-27,437.4100036621094,437.5199890136719,430.69000244140625,430.8999938964844,37733100
TSLA,2026-01-28,431.9100036621094,438.260009765625,430.1000061035156,431.4599914550781,54857400
TSLA,2026-01-29,437.79998779296875,440.2300109863281,414.6199951171875,416.55999755859375,81686100
TSLA,2026-01-30,425.3500061035156,439.8800048828125,422.70001220703125,430.4100036621094,82626100
TSLA,2026-02-02,421.2900085449219,427.1499938964844,414.5,421.80999755859375,58739500
TSLA,2026-02-03,424.2699890136719,428.55999755859375,413.69000244140625,421.9599914550781,56886500
TSLA,2026-02-04,420.4599914550781,423.8999938964844,399.17999267578125,406.010009765625,74606900
TSLA,2026-02-05,397.0199890136719,402.1000061035156,387.5299987792969,397.2099914550781,72819800
TSLA,2026-02-06,400.8699951171875,414.54998779296875,397.75,411.1099853515625,62677100
TSLA,2026-02-09,409.9100036621094,421.25,407.2900085449219,417.32000732421875,54484300
TSLA,2026-02-10,418.0799865722656,427.25,417.0,425.2099914550781,64450200
TSLA,2026-02-11,427.9599914550781,436.3500061035156,420.0299987792969,428.2699890136719,57362000
TSLA,2026-02-12,430.29998779296875,436.2300109863281,414.0,417.07000732421875,61933400
TSLA,2026-02-13,414.30999755859375,424.05999755859375,410.8800048828125,417.44000244140625,51434100
TSLA,2026-02-17,412.3599853515625,413.7200012207031,400.510009765625,410.6300048828125,59678800
TSLA,2026-02-18,411.1099853515625,416.8999938964844,409.5799865722656,411.32000732421875,45921400
TSLA,2026-02-19,407.25,415.25,404.1099853515625,411.7099914550781,51019600
TSLA,2026-02-20,408.29998779296875,414.70001220703125,405.5,411.82000732421875,57912200
TSLA,2026-02-23,407.2900085449219,407.70001220703125,394.0400085449219,399.8299865722656,69680000
TSLA,2026-02-24,399.5,410.82000732421875,397.6400146484375,409.3800048828125,58579500
TSLA,2026-02-25,412.1499938964844,420.3399963378906,412.1499938964844,417.3999938964844,54809700
TSLA,2026-02-26,414.4200134277344,416.80999755859375,403.6600036621094,408.5799865722656,53602500
TSLA,2026-02-27,402.94000244140625,407.1199951171875,398.1099853515625,402.510009765625,56890100
TSLA,2026-03-02,390.6000061035156,404.5400085449219,388.25,403.32000732421875,55088300
TSLA,2026-03-03,395.0899963378906,396.3399963378906,385.3900146484375,392.42999267578125,62617300
TSLA,2026-03-04,397.8450012207031,408.3299865722656,394.5899963378906,405.94000244140625,67670354
V,2025-03-05,348.2238562418129,351.47948964577205,346.3479118029868,350.06011962890625,8244200
V,2025-03-06,343.3900100467039,346.27839659846916,337.86141009632325,341.6033935546875,8611100
V,2025-03-07,338.3378360507605,343.81685001477626,336.62070677393535,342.7547912597656,6358700
V,2025-03-10,337.4147906363076,342.4471358958823,335.1318880827478,338.943359375,8204300
V,2025-03-11,335.89614221230545,337.0872098989899,327.13171845399165,329.6727294921875,9776100
V,2025-03-12,333.47424630087136,333.662837308143,326.66519009566895,330.36749267578125,6295400
V,2025-03-13,328.5312520376789,333.7025716918127,325.26571340391433,326.109375,7915300
V,2025-03-14,324.7793056180254,330.29800062574157,323.95548461728515,329.335205078125,7810600
V,2025-03-17,327.57834636201903,333.6131673013663,327.31036298183636,332.06475830078125,6149400
V,2025-03-18,332.7993292084681,333.30552010988146,329.8315196250934,332.2831726074219,7778300
V,2025-03-19,334.29807405874635,338.49666247094683,332.015171691123,337.34527587890625,5614900
V,2025-03-20,336.4817720618269,339.6976943495128,335.15172975406944,336.9780578613281,5432700
V,2025-03-21,334.86388445718694,336.90857958250007,333.0276208917873,333.1665954589844,17279700
V,2025-03-24,336.1343574479224,342.65555995835115,335.14178587400806,341.3155822753906,5675100
V,2025-03-25,342.00044568976176,342.96324129038476,338.13935816971735,342.05999755859375,3931200
V,2025-03-26,343.4198125365693,344.79950149712596,340.4520333673521,341.6232604980469,6187100
V,2025-03-27,341.4445929646102,348.23377832935,340.76965162042114,347.26104736328125,7254800
V,2025-03-28,346.59609268854166,349.0080344990145,339.07238270978,340.3031921386719,5687600
V,2025-03-31,336.82917267295846,349.24622257567796,332.0052590294127,347.85662841796875,9950800
V,2025-04-01,347.8367746283876,347.8467100369184,340.0252414163327,343.77716064453125,7473300
V,2025-04-02,340.88874739233717,345.61339727308604,340.501629980197,343.75726318359375,5682500
V,2025-04-03,331.419627671556,342.1790994173941,328.541176293924,336.8688659667969,8792900
V,2025-04-04,327.548601237895,332.16405274261683,309.8014176333739,310.8039245605469,13201700
V,2025-04-07,299.8261105791199,319.7867109219751,296.77890849631945,309.9999694824219,12163400
V,2025-04-08,319.84620440555227,323.85620142025994,301.6722241446554,305.97998046875,9569300
V,2025-04-09,303.36954369146804,331.5486305858772,303.36954369146804,329.96051025390625,11361800
V,2025-04-10,325.58331156384054,327.70742923767034,310.9428810827381,322.1986389160156,8709800
V,2025-04-11,322.0200017637212,334.47679370569114,320.1440571627516,330.9233703613281,6804500
V,2025-04-14,333.9109984216604,337.0872092038152,330.66530036126704,332.69012451171875,5011800
V,2025-04-15,334.21870397872834,336.86888342808714,332.51147964770786,333.3154602050781,4386200
V,2025-04-16,332.51146424051313,334.7149742599511,326.4170604757067,328.86871337890625,5850600
V,2025-04-17,328.610675317875,331.8365329043558,326.0002072551973,327.1614990234375,5655900
V,2025-04-21,326.55601758292966,326.70489724705635,314.29775372186907,317.7221374511719,6362300
V,2025-04-22,321.45420402020414,330.08958852422495,319.99515293739404,328.9382019042969,5435500
V,2025-04-23,334.7348143715311,338.7150359152207,330.72484718434157,331.8861389160156,8906000
V,2025-04-24,330.8042146303982,334.26827932908634,328.7892957803454,333.2161560058594,8055200
V,2025-04-25,332.27324834486654,333.8712739361726,329.7024917691491,332.6802062988281,4452800
V,2025-04-28,334.27821953702613,336.81920008518114,332.53128405109055,335.0028076171875,5422900
V,2025-04-29,335.9854467373435,339.7274303206624,333.9605924321336,338.9830017089844,5519500
V,2025-04-30,331.95560318233197,343.9458531517072,330.76450530796507,342.9334411621094,9526700
V,2025-05-01,343.0128821283909,343.15185669279526,337.59344964337026,339.9061584472656,5849900
V,2025-05-02,344.6406707739598,347.4893460773067,343.5488360869076,345.0178527832031,6113700
V,2025-05-05,344.4223085902637,348.44221102662306,343.54884082856637,346.0501403808594,3865300
V,2025-05-06,343.82679572959023,347.05265342534733,343.19156565768407,345.1171569824219,3438500
V,2025-05-07,346.1096780367608,348.5414599239066,344.63072597288647,347.2511291503906,5454000
V,2025-05-08,349.38517160328274,352.69042140438404,348.34298363388575,348.66058349609375,4156400
V,2025-05-09,349.2163950490349,351.17176198986505,348.065038839084,349.921142578125,3086600
V,2025-05-12,356.4721421949445,359.2017138134001,348.5216348059256,353.2065734863281,7985400
V,2025-05-13,353.46507058705555,356.7957135338314,352.53050139384237,354.0815124511719,5406200
V,2025-05-14,354.60843571646035,356.3383686851556,353.15685277328083,354.3996276855469,6207600
V,2025-05-15,354.8271684149894,361.6276291533864,354.6183603822515,360.20587158203125,5826100
V,2025-05-16,360.8521725598763,364.0734357526713,358.80408172233535,363.0096130371094,5838100
V,2025-05-19,360.9217005235553,367.01627342168587,360.22576479180896,365.77349853515625,5081500
V,2025-05-20,365.6542347658321,366.1215193850763,362.58209856997917,364.71966552734375,5281400
V,2025-05-21,361.6176895057481,363.87455791983723,356.01027429871647,356.22900390625,6125500
V,2025-05-22,355.69213173413715,357.9191746673327,354.4990556821056,355.9009094238281,4936600
V,2025-05-23,351.7052986849405,353.9422935175656,350.1841434124028,351.49652099609375,5345900
V,2025-05-27,353.3557058501838,357.91917164775055,352.4310886053113,357.22320556640625,6316000
V,2025-05-28,357.26296600359996,358.8238984881941,355.9704923034339,357.6507263183594,3299000
V,2025-05-29,358.2671591242516,360.9416131728053,356.64657577796976,360.3052978515625,4590400
V,2025-05-30,359.2613920730208,364.9185061271794,359.2613920730208,363.0791931152344,8726900
V,2025-06-02,360.6731560117977,363.3476100725079,357.8794004131082,363.20843505859375,3845700
V,2025-06-03,362.47269995679756,364.759424071339,359.4105158276682,363.74530029296875,5221300
V,2025-06-04,364.590403043131,367.5233641421073,364.19272111645273,365.8729553222656,4202300
V,2025-06-05,367.86139642324355,368.8556164135767,363.8149137807032,364.6500549316406,6881900
V,2025-06-06,366.8771110066502,368.85559898474776,365.4255280436987,368.0801086425781,5008500
V,2025-06-09,367.6525931394453,367.6525931394453,359.95731031770026,364.5406799316406,4999900
V,2025-06-10,364.8787468414267,369.29308615148983,364.5605891535765,368.557373046875,4109300
V,2025-06-11,367.8613865449288,373.33954825373667,367.2449750220648,371.1522521972656,5562700
V,2025-06-12,370.07848489023866,372.0072739266105,367.4139524946883,369.2532653808594,4874000
V,2025-06-13,359.42046478823045,360.9117947171911,343.0058836609573,350.8105163574219,14181700
V,2025-06-16,354.42949562156616,358.13794732782026,352.28197667440344,353.42535400390625,7234700
V,2025-06-17,351.44680457851234,357.5215043223713,351.2778041760744,355.77166748046875,5559600
V,2025-06-18,355.78162171567277,356.4079851502761,336.0861265714273,338.41259765625,15008600
V,2025-06-20,336.99087607586944,338.0347949237182,332.98417074968575,336.6130676269531,19332100
V,2025-06-23,335.5492476029829,342.30993141821295,333.690061070854,341.76312255859375,7553300
V,2025-06-24,349.4881847257173,352.5106218590836,345.90901719070337,349.5975646972656,10172000
V,2025-06-25,348.42437750857823,349.25951858703286,343.2643737792969,343.2643737792969,6836300
V,2025-06-26,341.79297311297563,344.904886774484,340.0530879972866,344.02996826171875,8829500
V,2025-06-27,344.58668785023735,349.9753733140441,343.66207058124957,346.5950012207031,6601900
V,2025-06-30,347.33073684929604,353.5545329474738,347.04240457552913,352.9977722167969,7080100
V,2025-07-01,351.7748874939299,354.9364994508519,349.3887658347658,353.41534423828125,6653400
V,2025-07-02,352.5503853237964,354.30019172926967,347.9769676803324,352.1725769042969,5131400
V,2025-07-03,352.5404582199922,356.92497196219716,351.56611171910697,356.7857666015625,3702800
V,2025-07-07,356.8454335264291,357.58114657143045,352.44101614142653,354.57861328125,5138000
V,2025-07-08,354.6183647363144,356.20912272568273,351.20819758727356,352.50067138671875,6966800
V,2025-07-09,353.01771486982267,355.6921691894531,351.7053371426281,355.6921691894531,7297100
V,2025-07-10,354.7675193867284,355.5529617047032,351.4070811773065,353.8230285644531,6121300
V,2025-07-11,350.4724897455271,351.7649635641954,342.3994284803042,345.9189453125,7580200
V,2025-07-14,345.382081112289,349.9355951083556,343.015832789593,348.4740905761719,5598900
V,2025-07-15,346.10786928409664,348.1857854896148,344.7557446176338,345.01422119140625,4891700
V,2025-07-16,345.2826639034013,348.64313227631465,343.8012555074003,347.8775634765625,5544200
V,2025-07-17,347.97699015945284,349.3390666663444,346.4657867250158,347.7880859375,4747100
V,2025-07-18,347.4798818290788,347.4798818290788,345.15341072472773,347.032470703125,4927600
V,2025-07-21,347.04242165312115,351.60588769225996,346.3862328294221,348.91156005859375,5216300
V,2025-07-22,349.0706158942277,352.43108403908155,348.17582404493845,349.8262023925781,4614200
V,2025-07-23,350.95964746352973,353.72357775115313,349.17998523156797,353.2364196777344,4385600
V,2025-07-24,352.7691347853894,355.11547933584245,351.8146617746286,351.9240417480469,5887200
V,2025-07-25,351.9538507970478,355.5827474277071,350.96958278789594,354.9762878417969,3915400
V,2025-07-28,354.32008797586263,356.24887698280617,352.6796312315113,353.41534423828125,3921000
V,2025-07-29,354.23065199777454,356.2489173824306,348.78231547952714,349.2595520019531,7402300
V,2025-07-30,349.66718668152214,354.5587320980825,345.2230220609473,348.8817443847656,12129700
V,2025-07-31,346.9131676575012,350.78069791357024,343.09536660475925,343.4731750488281,8641700
V,2025-08-01,342.111094619033,344.1691372200112,336.14577485354397,337.3885498046875,8658700
V,2025-08-04,339.7249824907629,342.3894847802844,338.0347963724263,340.17236328125,7335300
V,2025-08-05,340.17236435347024,340.4805701238393,333.6105063349677,335.4796447753906,7295600
V,2025-08-06,336.34459648145895,339.4565097752272,333.49119008351096,337.7762756347656,5944100
V,2025-08-07,339.4565124616352,340.1723520439536,326.80011183390815,330.1705017089844,8797100
V,2025-08-08,331.751286289915,335.42991202689075,330.8067955971987,334.8333740234375,6073900
V,2025-08-11,334.783685102111,335.9071281268536,332.57651566265065,333.9584655761719,5715800
V,2025-08-12,333.84894997860204,337.2850261197865,333.46050732909305,335.3827209472656,5682800
V,2025-08-13,335.62175495109443,342.0955555803865,335.42254892774906,341.1692810058594,5693400
V,2025-08-14,341.55773293031257,344.6850608988738,340.29286279189733,344.0974426269531,6224000
V,2025-08-15,344.8543977666452,346.9558785686944,341.4780469796213,343.0815734863281,4946600
V,2025-08-18,342.45409285637004,344.3364894908787,339.5757572803942,341.3585205078125,3999600
V,2025-08-19,341.17927471045255,344.9440378209097,340.51199223443484,341.0697326660156,4457200
V,2025-08-20,342.01586914906005,346.039593838693,341.4680981636876,342.5437316894531,5834400
V,2025-08-21,341.50792422632094,343.13132863657773,338.35068820536213,342.3046875,6073600
V,2025-08-22,343.82854031012994,349.7844479666891,343.82854031012994,348.6291198730469,4973200
V,2025-08-25,348.20082587581777,349.3063676468326,346.0993451607829,347.4140319824219,8019800
V,2025-08-26,347.28454198788506,351.97554893901935,346.04954976671655,349.7644958496094,5876200
V,2025-08-27,349.29640058585716,352.00543842090394,348.4299121185624,348.9378662109375,5531100
V,2025-08-28,349.1868671034665,349.62509605771004,347.1949283640224,348.4498291015625,4987100
V,2025-08-29,349.0474346520695,351.20870166850244,347.5933278083949,350.36212158203125,3671900
V,2025-09-02,347.90205015208494,348.7585995956409,344.6850582193853,348.65899658203125,4940300
V,2025-09-03,347.9319176719724,349.47568835059127,345.8603148655181,349.45574951171875,4176400
V,2025-09-04,349.3163554918516,351.20869125607726,347.7427068329104,349.5752868652344,4324000
V,2025-09-05,349.9637226051439,351.19871489948525,338.8287923269697,341.83660888671875,5448300
V,2025-09-08,340.9601353694522,342.99192130469794,339.625540120141,340.9202880859375,4711600
V,2025-09-09,340.3127677727729,344.9241107011969,339.91438611386513,342.6034851074219,4646200
V,2025-09-10,341.2290645499819,341.2290645499819,335.0839503188202,336.7571716308594,6557900
V,2025-09-11,337.3647058719823,342.14534655170456,336.5081564334102,342.1054992675781,5157600
V,2025-09-12,339.8446834033817,341.8067443574847,337.80295827006614,338.0618896484375,3518300
V,2025-09-15,339.2370898085397,341.3286314243895,337.02606713399587,337.6833801269531,4367500
V,2025-09-16,334.88472202680003,339.16740843668805,332.1258978898668,338.6594543457031,5527700
V,2025-09-17,338.5698181836777,344.8045959472656,338.15149768935095,344.8045959472656,5763500
V,2025-09-18,343.34054286819156,343.8783444611386,336.8169250488281,336.8169250488281,7526600
V,2025-09-19,339.07779550115055,341.30875723821197,336.8866506561266,340.23309326171875,13674300
V,2025-09-22,337.6435732483086,343.4699695296953,337.2949779029044,342.97198486328125,5621800
V,2025-09-23,343.2010826702708,343.8683955239399,336.26914434314534,337.3348388671875,10142700
V,2025-09-24,337.76307872075415,338.5299641513985,336.5579643598641,337.31488037109375,5207400
V,2025-09-25,336.986245742455,338.82879517404456,333.16172697127865,333.58001708984375,5398700
V,2025-09-26,335.870772959751,338.13161256415685,334.8748035560274,336.01019287109375,9619200
V,2025-09-29,336.02014683051596,339.2670166635244,334.19750588460323,338.7889404296875,7217800
V,2025-09-30,338.4503185350138,344.21695930197603,337.1456010921614,340.0040283203125,8164400
V,2025-10-01,338.9383303898218,347.9518409378596,338.9383303898218,346.4280090332031,8381000
V,2025-10-02,344.8245038053001,345.78062585482786,342.17522173126287,344.55560302734375,5198000
V,2025-10-03,344.7149548323991,351.7365573470426,344.6054127876714,348.429931640625,5199700
V,2025-10-06,348.59923040877214,349.70474176137265,342.96204042656746,347.8721618652344,4735600
V,2025-10-07,348.649038694597,353.0113894416703,348.649038694597,350.9995422363281,5044600
V,2025-10-08,352.3540458932983,353.56912975217324,349.6848552507119,349.94378662109375,3927500
V,2025-10-09,350.053372578839,351.4477236851982,344.1870981171116,345.6412353515625,4434800
V,2025-10-10,346.22883102731305,348.9876551929239,341.8664803982835,342.2648620605469,6296200
V,2025-10-13,342.334610813895,346.258732766631,339.35667196952477,341.9162902832031,4030700
V,2025-10-14,339.62554105235273,348.59923442929517,338.84868619182816,346.9757995605469,5731000
V,2025-10-15,346.97582147163655,348.66895120043125,342.61347067376323,344.2966613769531,3778200
V,2025-10-16,343.60940702088106,344.2966282664885,332.8230729219237,334.048095703125,6241500
V,2025-10-17,336.4085739408942,342.06570324361587,335.64168844347057,340.5119934082031,6267100
V,2025-10-20,340.52192718186024,343.56959107313133,337.57386630815864,343.0218200683594,4665000
V,2025-10-21,341.73700528252846,348.2406840511567,341.61749382129113,345.8105163574219,4121800
V,2025-10-22,346.4180937374913,346.76668911620203,343.11146794187306,343.9679870605469,5074400
V,2025-10-23,344.8046050728569,345.75075772943865,343.07159771571963,344.5655517578125,7217200
V,2025-10-24,346.7965606090745,347.6729881581522,343.9281638460587,345.9798583984375,3576700
V,2025-10-27,347.59332744074374,348.11122059688944,343.6194191827997,346.4180908203125,5400300
V,2025-10-28,347.17499127440243,348.47973911832344,345.1033883485486,345.50177001953125,7445400
V,2025-10-29,344.605395498532,349.5653338093142,337.6336100404692,339.9044189453125,8361700
V,2025-10-30,340.84064122785446,348.31041155130293,340.41238169067435,343.6393127441406,6411800
V,2025-10-31,340.7011723929481,341.6174775430599,336.80695909004464,339.3665771484375,7301600
V,2025-11-03,339.6255334575112,339.83467850136,333.47045043910737,335.54205322265625,5538000
V,2025-11-04,335.1237952294841,338.94831408470225,332.9027725216237,338.9283752441406,5920200
V,2025-11-05,338.75906718983583,340.73106709286975,335.00424320677166,338.66943359375,4984600
V,2025-11-06,337.225272127104,337.2850278589407,332.36493664056536,335.6018371582031,8507900
V,2025-11-07,335.37277903778016,336.9264888333082,333.50035174712497,334.6656188964844,5318400
V,2025-11-10,335.2930990082746,337.31491571415205,332.9725036343658,333.5003662109375,5295800
V,2025-11-11,334.14772643061497,337.72325285148054,331.85700901827914,337.553955078125,4453300
V,2025-11-12,337.5539392647252,343.5515814566134,336.70568232861064,338.1826477050781,6389600
V,2025-11-13,338.3423280213681,340.7573310621838,334.90940445750977,335.3883972167969,4961700
V,2025-11-14,335.19879671610136,335.38837770243606,328.35289786675315,329.3408508300781,6422300
V,2025-11-17,330.47852149051675,332.6739759173699,324.2613310180461,325.07965087890625,6494800
V,2025-11-18,323.83221811811876,324.33118917839323,317.3455943345509,320.51904296875,9170400
V,2025-11-19,320.85834726361674,323.90208907652226,319.21174881651825,323.4530029296875,7066700
V,2025-11-20,323.4530151026438,327.7242064226939,322.4750512555066,323.1037292480469,6510300
V,2025-11-21,324.71042849279974,330.39868059498417,323.6226751809159,327.3050842285156,8930000
V,2025-11-24,328.5624708767812,330.0494254219168,325.3291479858861,328.6223449707031,9337100
V,2025-11-25,328.22316412466176,335.36843350968144,328.22316412466176,333.8415832519531,5854300
V,2025-11-26,333.841586342223,335.01915077050296,332.3746101630006,333.1031188964844,4309900
V,2025-11-28,332.74383871779224,334.3305630576491,331.3167887740865,333.75177001953125,4586200
V,2025-12-01,332.25485376399234,332.6140983109483,329.4606279939679,329.7101135253906,7082300
V,2025-12-02,330.7679320657214,332.1151295810464,326.53663671382,328.9416809082031,8201900
V,2025-12-03,328.93170166015625,331.66608389546013,328.67225740707886,328.93170166015625,6296700
V,2025-12-04,330.5982707162828,331.69601316055844,323.61267574060867,326.4268798828125,6277500
V,2025-12-05,326.15742105214764,333.4224387208775,325.7283132347316,330.558349609375,5266600
V,2025-12-08,329.2011721972187,330.6581592570448,324.0417977110623,326.16741943359375,6059400
V,2025-12-09,325.9378840225944,327.5545759522349,324.4010749776002,325.828125,4325400
V,2025-12-10,325.9678233516992,328.0834557386547,324.63055413261685,325.0596923828125,5467500
V,2025-12-11,331.91557675720895,346.60528693573457,329.38079508046536,344.91876220703125,12953600
V,2025-12-12,347.28386033910544,349.1200701989689,345.25803903865176,347.11419677734375,6942300
V,2025-12-15,347.11421561078276,347.7329653453619,343.12244688455576,346.1761779785156,7004600
V,2025-12-16,345.28799394865695,346.904655405941,343.0126869986315,344.3998107910156,7269300
V,2025-12-17,344.8389016551313,347.07431280569114,342.9727546862657,343.7012634277344,7263500
V,2025-12-18,344.4597058800123,346.81483473957803,343.56153357971857,345.2979736328125,6805000
V,2025-12-19,345.3378535964944,349.18992596210575,345.3378535964944,348.5312805175781,18623900
V,2025-12-22,349.27975255876925,352.71267599172904,348.8705926226271,351.3654479980469,5043500
V,2025-12-23,351.2756364751809,355.6466279609035,351.2756364751809,352.6528015136719,3703200
V,2025-12-24,352.6527918079347,355.2574061270487,352.28355809570263,354.4091796875,2023600
V,2025-12-26,354.3692705227613,355.9959211320052,352.982116288697,354.26947021484375,2017000
V,2025-12-29,354.75844298281737,355.8162592189493,353.0719183232759,353.8802490234375,3989900
V,2025-12-30,353.27152636221,354.1397311728781,351.9342875158643,352.8923034667969,3366500
V,2025-12-31,352.9222335935573,354.46906219163503,349.9683333708139,349.98828125,3503200
V,2026-01-02,349.1500062568855,349.32962853016494,342.7731719172512,345.7669982910156,5403800
V,2026-01-05,343.7910798703184,356.80425438171716,343.34199370889576,353.0719299316406,7592200
V,2026-01-06,352.95216786632784,357.8820044617432,351.2756323845481,356.8241882324219,6775400
V,2026-01-07,356.41501956274413,357.54269902318487,353.78046822093927,355.14764404296875,6333900
V,2026-01-08,354.2694768864638,355.6167049317765,348.7807948501946,351.50518798828125,6357600
V,2026-01-09,351.4352976810692,353.97007917190984,348.44147134622284,349.0502014160156,4902900
V,2026-01-12,342.0745948107181,345.7969298399835,336.62583942441455,342.4937438964844,13281300
V,2026-01-13,336.3065196930893,336.8254386707351,323.16360758569283,327.2052917480469,20383500
V,2026-01-14,327.98368499941245,329.22112357393314,323.27339662748295,328.4926452636719,9388400
V,2026-01-15,328.65226616102615,331.00742540917696,325.6983660025441,327.0755310058594,8587700
V,2026-01-16,326.1075285720045,328.57244685544373,324.7303635575226,327.6243896484375,8341600
V,2026-01-20,321.5668970946223,327.644360890433,320.89826248076747,325.1495056152344,8279900
V,2026-01-21,325.75825361952474,327.9936647784267,322.3353193026403,324.6106262207031,8974600
V,2026-01-22,325.7881853155845,327.7142368080782,323.33325615728353,325.6883850097656,6938700
V,2026-01-23,325.1894097523205,327.1254199321477,323.9519712494617,325.5087585449219,5667900
V,2026-01-26,327.32501347087873,331.3167819278407,324.3611241733934,327.8139953613281,7540200
V,2026-01-27,327.80404260907557,328.25309829578197,324.24138188731973,324.5906677246094,6365800
V,2026-01-28,326.05764337353963,327.71423096530964,324.21144434052763,326.30712890625,8106000
V,2026-01-29,329.3209038427684,332.6739747908746,322.844269146056,331.1171875,10214200
V,2026-01-30,331.53632717586584,332.3147207991864,320.9381868988181,321.1676940917969,11199100
V,2026-02-02,324.16154631106275,334.00127208429024,323.4430267202089,333.15301513671875,8502400
V,2026-02-03,330.96751673112385,335.0990119599509,328.19323869876354,328.25311279296875,9081200
V,2026-02-04,326.4368440875912,330.62821332543064,323.7524077058803,329.2710266113281,8472300
V,2026-02-05,332.3147289199413,336.89527963696725,328.1433381303329,328.45269775390625,8339000
V,2026-02-06,331.09724465448534,334.4403569413341,326.4268827108616,330.89764404296875,7798800
V,2026-02-09,330.07936733351744,332.1351258012084,322.9540455040185,324.9100036621094,8513400
V,2026-02-10,324.7099914550781,329.8800048828125,324.54998779296875,328.1700134277344,5801800
V,2026-02-11,326.9200134277344,331.0400085449219,326.4200134277344,329.239990234375,8264300
V,2026-02-12,328.8900146484375,332.239990234375,324.0,324.17999267578125,9392600
V,2026-02-13,323.8299865722656,326.4800109863281,312.82000732421875,314.0799865722656,11653900
V,2026-02-17,314.4100036621094,321.3800048828125,314.4100036621094,319.5,8591700
V,2026-02-18,319.5,322.2799987792969,316.7200012207031,320.29998779296875,7091900
V,2026-02-19,317.489990234375,320.20001220703125,315.7300109863281,318.92999267578125,5967600
V,2026-02-20,318.1099853515625,322.3500061035156,317.82000732421875,320.95001220703125,6831100
V,2026-02-23,319.0400085449219,320.5199890136719,304.7099914550781,306.5199890136719,13048000
V,2026-02-24,305.5,309.2699890136719,303.0799865722656,307.2200012207031,9120200
V,2026-02-25,308.54998779296875,313.94000244140625,308.25,312.989990234375,7624200
V,2026-02-26,314.4800109863281,319.4200134277344,313.94000244140625,316.70001220703125,8725500
V,2026-02-27,314.4599914550781,320.2300109863281,311.95001220703125,320.1400146484375,12412900
V,2026-03-02,315.5,322.6000061035156,314.6000061035156,320.510009765625,6674900
V,2026-03-03,315.80999755859375,322.0400085449219,314.3500061035156,320.8299865722656,5474300
V,2026-03-04,321.44000244140625,325.760009765625,319.79998779296875,320.4700012207031,4345871
